ticker,ts_utc,open,high,low,close,volume,date
TSLA,2024-10-03 13:30:00+00:00,244.47999572753906,249.7899932861328,237.80999755859375,240.66000366210938,80729200,2024-10-03
TSLA,2024-10-04 13:30:00+00:00,246.69000244140625,250.9600067138672,244.5800018310547,250.0800018310547,86573200,2024-10-04
TSLA,2024-10-07 13:30:00+00:00,249.0,249.8300018310547,240.6999969482422,240.8300018310547,68113300,2024-10-07
TSLA,2024-10-08 13:30:00+00:00,243.55999755859375,246.2100067138672,240.55999755859375,244.5,56303200,2024-10-08
TSLA,2024-10-09 13:30:00+00:00,243.82000732421875,247.42999267578125,239.50999450683594,241.0500030517578,66289500,2024-10-09
TSLA,2024-10-10 13:30:00+00:00,241.80999755859375,242.7899932861328,232.33999633789062,238.77000427246094,83087100,2024-10-10
TSLA,2024-10-11 13:30:00+00:00,220.1300048828125,223.33999633789062,214.3800048828125,217.8000030517578,142628900,2024-10-11
TSLA,2024-10-14 13:30:00+00:00,220.1300048828125,221.91000366210938,213.74000549316406,219.16000366210938,86291900,2024-10-14
TSLA,2024-10-15 13:30:00+00:00,220.00999450683594,224.25999450683594,217.1199951171875,219.57000732421875,62988800,2024-10-15
TSLA,2024-10-16 13:30:00+00:00,221.39999389648438,222.82000732421875,218.92999267578125,221.3300018310547,49632800,2024-10-16
TSLA,2024-10-17 13:30:00+00:00,221.58999633789062,222.0800018310547,217.89999389648438,220.88999938964844,50791800,2024-10-17
TSLA,2024-10-18 13:30:00+00:00,220.7100067138672,222.27999877929688,219.22999572753906,220.6999969482422,49611900,2024-10-18
TSLA,2024-10-21 13:30:00+00:00,218.89999389648438,220.47999572753906,215.72999572753906,218.85000610351562,47329000,2024-10-21
TSLA,2024-10-22 13:30:00+00:00,217.30999755859375,218.22000122070312,215.25999450683594,217.97000122070312,43268700,2024-10-22
TSLA,2024-10-23 13:30:00+00:00,217.1300048828125,218.72000122070312,212.11000061035156,213.64999389648438,80938900,2024-10-23
TSLA,2024-10-24 13:30:00+00:00,244.67999267578125,262.1199951171875,242.64999389648438,260.4800109863281,204491900,2024-10-24
TSLA,2024-10-25 13:30:00+00:00,256.010009765625,269.489990234375,255.32000732421875,269.19000244140625,161611900,2024-10-25
TSLA,2024-10-28 13:30:00+00:00,270.0,273.5400085449219,262.239990234375,262.510009765625,107653600,2024-10-28
TSLA,2024-10-29 13:30:00+00:00,264.510009765625,264.9800109863281,255.50999450683594,259.5199890136719,80521800,2024-10-29
TSLA,2024-10-30 13:30:00+00:00,258.0400085449219,263.3500061035156,255.82000732421875,257.54998779296875,53993600,2024-10-30
TSLA,2024-10-31 13:30:00+00:00,257.989990234375,259.75,249.25,249.85000610351562,66575300,2024-10-31
TSLA,2024-11-01 13:30:00+00:00,252.0399932861328,254.0,246.6300048828125,248.97999572753906,57544800,2024-11-01
TSLA,2024-11-04 14:30:00+00:00,244.55999755859375,248.89999389648438,238.8800048828125,242.83999633789062,68802400,2024-11-04
TSLA,2024-11-05 14:30:00+00:00,247.33999633789062,255.27999877929688,246.2100067138672,251.44000244140625,69282500,2024-11-05
TSLA,2024-11-06 14:30:00+00:00,284.6700134277344,289.5899963378906,275.6199951171875,288.5299987792969,165228700,2024-11-06
TSLA,2024-11-07 14:30:00+00:00,288.8900146484375,299.75,285.5199890136719,296.9100036621094,117309200,2024-11-07
TSLA,2024-11-08 14:30:00+00:00,299.1400146484375,328.7099914550781,297.6600036621094,321.2200012207031,204782800,2024-11-08
TSLA,2024-11-11 14:30:00+00:00,346.29998779296875,358.6400146484375,336.0,350.0,210521600,2024-11-11
TSLA,2024-11-12 14:30:00+00:00,342.739990234375,345.8399963378906,323.30999755859375,328.489990234375,155726000,2024-11-12
TSLA,2024-11-13 14:30:00+00:00,335.8500061035156,344.6000061035156,322.5,330.239990234375,125405600,2024-11-13
TSLA,2024-11-14 14:30:00+00:00,327.69000244140625,329.9800109863281,310.3699951171875,311.17999267578125,120726100,2024-11-14
TSLA,2024-11-15 14:30:00+00:00,310.57000732421875,324.67999267578125,309.2200012207031,320.7200012207031,114440300,2024-11-15
TSLA,2024-11-18 14:30:00+00:00,340.7300109863281,348.54998779296875,330.010009765625,338.739990234375,126085600,2024-11-18
TSLA,2024-11-19 14:30:00+00:00,335.760009765625,347.3800048828125,332.75,346.0,88852500,2024-11-19
TSLA,2024-11-20 14:30:00+00:00,345.0,346.6000061035156,334.29998779296875,342.0299987792969,66340700,2024-11-20
TSLA,2024-11-21 14:30:00+00:00,343.80999755859375,347.989990234375,335.2799987792969,339.6400146484375,58011700,2024-11-21
TSLA,2024-11-22 14:30:00+00:00,341.0899963378906,361.5299987792969,337.70001220703125,352.55999755859375,89140700,2024-11-22
TSLA,2024-11-25 14:30:00+00:00,360.1400146484375,361.92999267578125,338.20001220703125,338.5899963378906,95890900,2024-11-25
TSLA,2024-11-26 14:30:00+00:00,341.0,346.9599914550781,335.6600036621094,338.2300109863281,62295900,2024-11-26
TSLA,2024-11-27 14:30:00+00:00,341.79998779296875,342.54998779296875,326.5899963378906,332.8900146484375,57896400,2024-11-27
TSLA,2024-11-29 14:30:00+00:00,336.0799865722656,345.45001220703125,334.6499938964844,345.1600036621094,37167600,2024-11-29
TSLA,2024-12-02 14:30:00+00:00,352.3800048828125,360.0,351.1499938964844,357.0899963378906,77986500,2024-12-02
TSLA,2024-12-03 14:30:00+00:00,351.79998779296875,355.69000244140625,348.20001220703125,351.4200134277344,58267200,2024-12-03
TSLA,2024-12-04 14:30:00+00:00,353.0,358.1000061035156,348.6000061035156,357.92999267578125,50810900,2024-12-04
TSLA,2024-12-05 14:30:00+00:00,359.8699951171875,375.42999267578125,359.5,369.489990234375,81403600,2024-12-05
TSLA,2024-12-06 14:30:00+00:00,377.4200134277344,389.489990234375,370.79998779296875,389.2200012207031,81455800,2024-12-06
TSLA,2024-12-09 14:30:00+00:00,397.6099853515625,404.79998779296875,378.010009765625,389.7900085449219,96359200,2024-12-09
TSLA,2024-12-10 14:30:00+00:00,392.67999267578125,409.7300109863281,390.8500061035156,400.989990234375,97563600,2024-12-10
TSLA,2024-12-11 14:30:00+00:00,409.70001220703125,424.8800048828125,402.3800048828125,424.7699890136719,104287600,2024-12-11
TSLA,2024-12-12 14:30:00+00:00,424.8399963378906,429.29998779296875,415.0,418.1000061035156,87752200,2024-12-12
TSLA,2024-12-13 14:30:00+00:00,420.0,436.29998779296875,415.7099914550781,436.2300109863281,89000200,2024-12-13
TSLA,2024-12-16 14:30:00+00:00,441.0899963378906,463.19000244140625,436.1499938964844,463.0199890136719,114083800,2024-12-16
TSLA,2024-12-17 14:30:00+00:00,475.8999938964844,483.989990234375,457.510009765625,479.8599853515625,131223000,2024-12-17
TSLA,2024-12-18 14:30:00+00:00,466.5,488.5400085449219,427.010009765625,440.1300048828125,149340800,2024-12-18
TSLA,2024-12-19 14:30:00+00:00,451.8800048828125,456.3599853515625,420.0199890136719,436.1700134277344,118566100,2024-12-19
TSLA,2024-12-20 14:30:00+00:00,425.510009765625,447.0799865722656,417.6400146484375,421.05999755859375,132216200,2024-12-20
TSLA,2024-12-23 14:30:00+00:00,431.0,434.510009765625,415.4100036621094,430.6000061035156,72698100,2024-12-23
TSLA,2024-12-24 14:30:00+00:00,435.8999938964844,462.7799987792969,435.1400146484375,462.2799987792969,59551800,2024-12-24
TSLA,2024-12-26 14:30:00+00:00,465.1600036621094,465.3299865722656,451.0199890136719,454.1300048828125,76366400,2024-12-26
TSLA,2024-12-27 14:30:00+00:00,449.5199890136719,450.0,426.5,431.6600036621094,82666800,2024-12-27
TSLA,2024-12-30 14:30:00+00:00,419.3999938964844,427.0,415.75,417.4100036621094,64941000,2024-12-30
TSLA,2024-12-31 14:30:00+00:00,423.7900085449219,427.92999267578125,402.5400085449219,403.8399963378906,76825100,2024-12-31
TSLA,2025-01-02 14:30:00+00:00,390.1000061035156,392.7300109863281,373.0400085449219,379.2799987792969,109710700,2025-01-02
TSLA,2025-01-03 14:30:00+00:00,381.4800109863281,411.8800048828125,379.45001220703125,410.44000244140625,95423300,2025-01-03
TSLA,2025-01-06 14:30:00+00:00,423.20001220703125,426.42999267578125,401.70001220703125,411.04998779296875,85516500,2025-01-06
TSLA,2025-01-07 14:30:00+00:00,405.8299865722656,414.3299865722656,390.0,394.3599853515625,75699500,2025-01-07
TSLA,2025-01-08 14:30:00+00:00,392.95001220703125,402.5,387.3999938964844,394.94000244140625,73038800,2025-01-08
TSLA,2025-01-10 14:30:00+00:00,391.3999938964844,399.2799987792969,377.2900085449219,394.739990234375,62287300,2025-01-10
TSLA,2025-01-13 14:30:00+00:00,383.2099914550781,403.7900085449219,380.07000732421875,403.30999755859375,67580500,2025-01-13
TSLA,2025-01-14 14:30:00+00:00,414.3399963378906,422.6400146484375,394.5400085449219,396.3599853515625,84565000,2025-01-14
TSLA,2025-01-15 14:30:00+00:00,409.8999938964844,429.79998779296875,405.6600036621094,428.2200012207031,81375500,2025-01-15
TSLA,2025-01-16 14:30:00+00:00,423.489990234375,424.0,409.1300048828125,413.82000732421875,68335200,2025-01-16
TSLA,2025-01-17 14:30:00+00:00,421.5,439.739990234375,419.75,426.5,94991400,2025-01-17
TSLA,2025-01-21 14:30:00+00:00,432.6400146484375,433.20001220703125,406.30999755859375,424.07000732421875,87320900,2025-01-21
TSLA,2025-01-22 14:30:00+00:00,416.80999755859375,428.0,414.5899963378906,415.1099853515625,60963300,2025-01-22
TSLA,2025-01-23 14:30:00+00:00,416.05999755859375,420.7300109863281,408.95001220703125,412.3800048828125,50690600,2025-01-23
TSLA,2025-01-24 14:30:00+00:00,414.45001220703125,418.8800048828125,405.7799987792969,406.5799865722656,56427100,2025-01-24
TSLA,2025-01-27 14:30:00+00:00,394.79998779296875,406.69000244140625,389.0,397.1499938964844,58125500,2025-01-27
TSLA,2025-01-28 14:30:00+00:00,396.9100036621094,400.5899963378906,386.5,398.0899963378906,48910700,2025-01-28
TSLA,2025-01-29 14:30:00+00:00,395.2099914550781,398.5899963378906,384.4800109863281,389.1000061035156,68033600,2025-01-29
TSLA,2025-01-30 14:30:00+00:00,410.7799987792969,412.5,384.4100036621094,400.2799987792969,98092900,2025-01-30
TSLA,2025-01-31 14:30:00+00:00,401.5299987792969,419.989990234375,401.3399963378906,404.6000061035156,83283600,2025-01-31
TSLA,2025-02-03 14:30:00+00:00,386.67999267578125,389.1700134277344,374.3599853515625,383.67999267578125,93732100,2025-02-03
TSLA,2025-02-04 14:30:00+00:00,382.6300048828125,394.0,381.3999938964844,392.2099914550781,57072200,2025-02-04
TSLA,2025-02-05 14:30:00+00:00,387.510009765625,388.3900146484375,375.5299987792969,378.1700134277344,57223300,2025-02-05
TSLA,2025-02-06 14:30:00+00:00,373.0299987792969,375.3999938964844,363.17999267578125,374.32000732421875,77918200,2025-02-06
TSLA,2025-02-07 14:30:00+00:00,370.19000244140625,380.54998779296875,360.3399963378906,361.6199951171875,70298300,2025-02-07
TSLA,2025-02-10 14:30:00+00:00,356.2099914550781,362.70001220703125,350.510009765625,350.7300109863281,77514900,2025-02-10
TSLA,2025-02-11 14:30:00+00:00,345.79998779296875,349.3699951171875,325.1000061035156,328.5,118543400,2025-02-11
TSLA,2025-02-12 14:30:00+00:00,329.94000244140625,346.3999938964844,329.1199951171875,336.510009765625,105382700,2025-02-12
TSLA,2025-02-13 14:30:00+00:00,345.0,358.69000244140625,342.8500061035156,355.94000244140625,89441500,2025-02-13
TSLA,2025-02-14 14:30:00+00:00,360.6199951171875,362.0,347.5,355.8399963378906,68277300,2025-02-14
TSLA,2025-02-18 14:30:00+00:00,355.010009765625,359.1000061035156,350.0199890136719,354.1099853515625,51631700,2025-02-18
TSLA,2025-02-19 14:30:00+00:00,354.0,367.3399963378906,353.6700134277344,360.55999755859375,67094400,2025-02-19
TSLA,2025-02-20 14:30:00+00:00,361.510009765625,362.29998779296875,348.0,354.3999938964844,45965400,2025-02-20
TSLA,2025-02-21 14:30:00+00:00,353.44000244140625,354.9800109863281,334.4200134277344,337.79998779296875,74058600,2025-02-21
TSLA,2025-02-24 14:30:00+00:00,338.1400146484375,342.3999938964844,324.70001220703125,330.5299987792969,76052300,2025-02-24
TSLA,2025-02-25 14:30:00+00:00,327.0199890136719,328.8900146484375,297.25,302.79998779296875,134228800,2025-02-25
TSLA,2025-02-26 14:30:00+00:00,303.7099914550781,309.0,288.0400085449219,290.79998779296875,100118300,2025-02-26
TSLA,2025-02-27 14:30:00+00:00,291.1600036621094,297.2300109863281,280.8800048828125,281.95001220703125,101748200,2025-02-27
TSLA,2025-02-28 14:30:00+00:00,279.5,293.8800048828125,273.6000061035156,292.9800109863281,115697000,2025-02-28
TSLA,2025-03-03 14:30:00+00:00,300.3399963378906,303.94000244140625,277.29998779296875,284.6499938964844,115551400,2025-03-03
TSLA,2025-03-04 14:30:00+00:00,270.92999267578125,284.3500061035156,261.8399963378906,272.0400085449219,126706600,2025-03-04
TSLA,2025-03-05 14:30:00+00:00,272.9200134277344,279.54998779296875,267.7099914550781,279.1000061035156,94042900,2025-03-05
TSLA,2025-03-06 14:30:00+00:00,272.05999755859375,272.6499938964844,260.0199890136719,263.45001220703125,98451600,2025-03-06
TSLA,2025-03-07 14:30:00+00:00,259.32000732421875,266.25,250.72999572753906,262.6700134277344,102369600,2025-03-07
TSLA,2025-03-10 13:30:00+00:00,252.5399932861328,253.3699951171875,220.0,222.14999389648438,189076900,2025-03-10
TSLA,2025-03-11 13:30:00+00:00,225.30999755859375,237.05999755859375,217.02000427246094,230.5800018310547,174896400,2025-03-11
TSLA,2025-03-12 13:30:00+00:00,247.22000122070312,251.83999633789062,241.10000610351562,248.08999633789062,142215700,2025-03-12
TSLA,2025-03-13 13:30:00+00:00,248.1300048828125,248.2899932861328,232.60000610351562,240.67999267578125,114813500,2025-03-13
TSLA,2025-03-14 13:30:00+00:00,247.30999755859375,251.5800018310547,240.72999572753906,249.97999572753906,100242300,2025-03-14
TSLA,2025-03-17 13:30:00+00:00,245.05999755859375,245.39999389648438,232.8000030517578,238.00999450683594,111900600,2025-03-17
TSLA,2025-03-18 13:30:00+00:00,228.16000366210938,230.10000610351562,222.27999877929688,225.30999755859375,111477600,2025-03-18
TSLA,2025-03-19 13:30:00+00:00,231.61000061035156,241.41000366210938,229.1999969482422,235.86000061035156,111993800,2025-03-19
TSLA,2025-03-20 13:30:00+00:00,233.35000610351562,238.0,230.0500030517578,236.25999450683594,99028300,2025-03-20
TSLA,2025-03-21 13:30:00+00:00,234.99000549316406,249.52000427246094,234.5500030517578,248.7100067138672,132728700,2025-03-21
TSLA,2025-03-24 13:30:00+00:00,258.0799865722656,278.6400146484375,256.3299865722656,278.3900146484375,169079900,2025-03-24
TSLA,2025-03-25 13:30:00+00:00,283.6000061035156,288.20001220703125,271.2799987792969,288.1400146484375,150361500,2025-03-25
TSLA,2025-03-26 13:30:00+00:00,282.6600036621094,284.8999938964844,266.510009765625,272.05999755859375,153629800,2025-03-26
TSLA,2025-03-27 13:30:00+00:00,272.4800109863281,291.8500061035156,271.82000732421875,273.1300048828125,162572100,2025-03-27
TSLA,2025-03-28 13:30:00+00:00,275.5799865722656,276.1000061035156,260.57000732421875,263.54998779296875,123809400,2025-03-28
TSLA,2025-03-31 13:30:00+00:00,249.30999755859375,260.55999755859375,243.36000061035156,259.1600036621094,134008900,2025-03-31
TSLA,2025-04-01 13:30:00+00:00,263.79998779296875,277.45001220703125,259.25,268.4599914550781,146486900,2025-04-01
TSLA,2025-04-02 13:30:00+00:00,254.60000610351562,284.989990234375,251.27000427246094,282.760009765625,212787800,2025-04-02
TSLA,2025-04-03 13:30:00+00:00,265.2900085449219,276.29998779296875,261.510009765625,267.2799987792969,136174300,2025-04-03
TSLA,2025-04-04 13:30:00+00:00,255.3800048828125,261.0,236.0,239.42999267578125,181229400,2025-04-04
TSLA,2025-04-07 13:30:00+00:00,223.77999877929688,252.0,214.25,233.2899932861328,183453800,2025-04-07
TSLA,2025-04-08 13:30:00+00:00,245.0,250.44000244140625,217.8000030517578,221.86000061035156,171603500,2025-04-08
TSLA,2025-04-09 13:30:00+00:00,224.69000244140625,274.69000244140625,223.8800048828125,272.20001220703125,219433400,2025-04-09
TSLA,2025-04-10 13:30:00+00:00,260.0,262.489990234375,239.3300018310547,252.39999389648438,181722600,2025-04-10
TSLA,2025-04-11 13:30:00+00:00,251.83999633789062,257.739990234375,241.36000061035156,252.30999755859375,128948100,2025-04-11
TSLA,2025-04-14 13:30:00+00:00,258.3599853515625,261.79998779296875,245.92999267578125,252.35000610351562,100135200,2025-04-14
TSLA,2025-04-15 13:30:00+00:00,249.91000366210938,258.75,247.5399932861328,254.11000061035156,79594300,2025-04-15
TSLA,2025-04-16 13:30:00+00:00,247.61000061035156,251.97000122070312,233.88999938964844,241.5500030517578,112378700,2025-04-16
TSLA,2025-04-17 13:30:00+00:00,243.47000122070312,244.33999633789062,237.67999267578125,241.3699951171875,83404800,2025-04-17
TSLA,2025-04-21 13:30:00+00:00,230.25999450683594,232.2100067138672,222.7899932861328,227.5,97768000,2025-04-21
TSLA,2025-04-22 13:30:00+00:00,230.9600067138672,242.7899932861328,229.85000610351562,237.97000122070312,120858500,2025-04-22
TSLA,2025-04-23 13:30:00+00:00,254.86000061035156,259.45001220703125,244.42999267578125,250.74000549316406,150381900,2025-04-23
TSLA,2025-04-24 13:30:00+00:00,250.5,259.5400085449219,249.1999969482422,259.510009765625,94464200,2025-04-24
TSLA,2025-04-25 13:30:00+00:00,261.69000244140625,286.8500061035156,259.6300048828125,284.95001220703125,167560700,2025-04-25
TSLA,2025-04-28 13:30:00+00:00,288.9800109863281,294.8599853515625,272.4200134277344,285.8800048828125,151731800,2025-04-28
TSLA,2025-04-29 13:30:00+00:00,285.5,293.32000732421875,279.4700012207031,292.0299987792969,108906600,2025-04-29
TSLA,2025-04-30 13:30:00+00:00,279.8999938964844,284.45001220703125,270.7799987792969,282.1600036621094,128961100,2025-04-30
TSLA,2025-05-01 13:30:00+00:00,280.010009765625,290.8699951171875,279.80999755859375,280.5199890136719,99659000,2025-05-01
TSLA,2025-05-02 13:30:00+00:00,284.8999938964844,294.7799987792969,279.80999755859375,287.2099914550781,114454700,2025-05-02
TSLA,2025-05-05 13:30:00+00:00,284.57000732421875,284.8500061035156,274.3999938964844,280.260009765625,94618900,2025-05-05
TSLA,2025-05-06 13:30:00+00:00,273.1099853515625,277.7300109863281,271.3500061035156,275.3500061035156,76715800,2025-05-06
TSLA,2025-05-07 13:30:00+00:00,276.8800048828125,277.9200134277344,271.0,276.2200012207031,71592600,2025-05-07
TSLA,2025-05-08 13:30:00+00:00,279.6300048828125,289.79998779296875,279.4100036621094,284.82000732421875,97539400,2025-05-08
TSLA,2025-05-09 13:30:00+00:00,290.2099914550781,307.0400085449219,290.0,298.260009765625,132387800,2025-05-09
TSLA,2025-05-12 13:30:00+00:00,321.989990234375,322.2099914550781,311.5,318.3800048828125,112826700,2025-05-12
TSLA,2025-05-13 13:30:00+00:00,320.0,337.5899963378906,316.79998779296875,334.07000732421875,136992600,2025-05-13
TSLA,2025-05-14 13:30:00+00:00,342.5,350.0,337.0,347.67999267578125,136997300,2025-05-14
TSLA,2025-05-15 13:30:00+00:00,340.3399963378906,346.1400146484375,334.7200012207031,342.82000732421875,97882600,2025-05-15
TSLA,2025-05-16 13:30:00+00:00,346.239990234375,351.6199951171875,342.3299865722656,349.9800109863281,95895700,2025-05-16
TSLA,2025-05-19 13:30:00+00:00,336.29998779296875,343.0,333.3699951171875,342.0899963378906,88869900,2025-05-19
TSLA,2025-05-20 13:30:00+00:00,347.8699951171875,354.989990234375,341.6300048828125,343.82000732421875,131715500,2025-05-20
TSLA,2025-05-21 13:30:00+00:00,344.42999267578125,347.3500061035156,332.20001220703125,334.6199951171875,102354800,2025-05-21
TSLA,2025-05-22 13:30:00+00:00,331.8999938964844,347.2699890136719,331.3900146484375,341.0400085449219,97113400,2025-05-22
TSLA,2025-05-23 13:30:00+00:00,337.9200134277344,343.17999267578125,333.2099914550781,339.3399963378906,84654800,2025-05-23
TSLA,2025-05-27 13:30:00+00:00,347.3500061035156,363.7900085449219,347.32000732421875,362.8900146484375,120146400,2025-05-27
TSLA,2025-05-28 13:30:00+00:00,364.8399963378906,365.0,355.9100036621094,356.8999938964844,91404300,2025-05-28
TSLA,2025-05-29 13:30:00+00:00,365.2900085449219,367.7099914550781,356.0,358.42999267578125,88087800,2025-05-29
TSLA,2025-05-30 13:30:00+00:00,355.5199890136719,363.67999267578125,345.2900085449219,346.4599914550781,123474900,2025-05-30
TSLA,2025-06-02 13:30:00+00:00,343.5,348.0199890136719,333.3299865722656,342.69000244140625,81873800,2025-06-02
TSLA,2025-06-03 13:30:00+00:00,346.6000061035156,355.3999938964844,343.0400085449219,344.2699890136719,99324500,2025-06-03
TSLA,2025-06-04 13:30:00+00:00,345.1000061035156,345.6000061035156,327.3299865722656,332.04998779296875,98912100,2025-06-04
TSLA,2025-06-05 13:30:00+00:00,322.489990234375,324.54998779296875,273.2099914550781,284.70001220703125,287499800,2025-06-05
TSLA,2025-06-06 13:30:00+00:00,298.8299865722656,305.5,291.1400146484375,295.1400146484375,164747700,2025-06-06
TSLA,2025-06-09 13:30:00+00:00,285.9599914550781,309.8299865722656,281.8500061035156,308.5799865722656,140908900,2025-06-09
TSLA,2025-06-10 13:30:00+00:00,314.94000244140625,327.8299865722656,310.6700134277344,326.0899963378906,151256500,2025-06-10
TSLA,2025-06-11 13:30:00+00:00,334.3999938964844,335.5,322.5,326.42999267578125,122611400,2025-06-11
TSLA,2025-06-12 13:30:00+00:00,323.0799865722656,332.55999755859375,316.8599853515625,319.1099853515625,105127500,2025-06-12
TSLA,2025-06-13 13:30:00+00:00,313.9700012207031,332.989990234375,313.29998779296875,325.30999755859375,128964300,2025-06-13
TSLA,2025-06-16 13:30:00+00:00,331.2900085449219,332.04998779296875,326.4100036621094,329.1300048828125,83925900,2025-06-16
TSLA,2025-06-17 13:30:00+00:00,326.0899963378906,327.260009765625,314.739990234375,316.3500061035156,88282700,2025-06-17
TSLA,2025-06-18 13:30:00+00:00,317.30999755859375,329.32000732421875,315.45001220703125,322.04998779296875,95137700,2025-06-18
TSLA,2025-06-20 13:30:00+00:00,327.95001220703125,332.3599853515625,317.7799987792969,322.1600036621094,108688000,2025-06-20
TSLA,2025-06-23 13:30:00+00:00,327.5400085449219,357.5400085449219,327.4800109863281,348.67999267578125,190716800,2025-06-23
TSLA,2025-06-24 13:30:00+00:00,356.1700134277344,356.260009765625,340.44000244140625,340.4700012207031,114736200,2025-06-24
TSLA,2025-06-25 13:30:00+00:00,342.70001220703125,343.0,320.3999938964844,327.54998779296875,119845100,2025-06-25
TSLA,2025-06-26 13:30:00+00:00,324.6099853515625,331.04998779296875,323.6099853515625,325.7799987792969,80440900,2025-06-26
TSLA,2025-06-27 13:30:00+00:00,324.510009765625,329.3399963378906,317.5,323.6300048828125,89067000,2025-06-27
TSLA,2025-06-30 13:30:00+00:00,319.8999938964844,325.5799865722656,316.6000061035156,317.6600036621094,76695100,2025-06-30
TSLA,2025-07-01 13:30:00+00:00,298.4599914550781,305.8900146484375,293.2099914550781,300.7099914550781,145085700,2025-07-01
TSLA,2025-07-02 13:30:00+00:00,312.6300048828125,316.8299865722656,303.82000732421875,315.6499938964844,119483700,2025-07-02
TSLA,2025-07-03 13:30:00+00:00,317.989990234375,318.45001220703125,312.760009765625,315.3500061035156,58042300,2025-07-03
TSLA,2025-07-07 13:30:00+00:00,291.3699951171875,296.1499938964844,288.7699890136719,293.94000244140625,131177900,2025-07-07
TSLA,2025-07-08 13:30:00+00:00,297.0,304.04998779296875,294.3500061035156,297.80999755859375,103246700,2025-07-08
TSLA,2025-07-09 13:30:00+00:00,297.54998779296875,300.1499938964844,293.54998779296875,295.8800048828125,75586800,2025-07-09
TSLA,2025-07-10 13:30:00+00:00,300.04998779296875,310.4800109863281,300.0,309.8699951171875,104365300,2025-07-10
TSLA,2025-07-11 13:30:00+00:00,307.8900146484375,314.0899963378906,305.6499938964844,313.510009765625,79236400,2025-07-11
TSLA,2025-07-14 13:30:00+00:00,317.7300109863281,322.6000061035156,312.6700134277344,316.8999938964844,78043400,2025-07-14
TSLA,2025-07-15 13:30:00+00:00,319.67999267578125,321.20001220703125,310.5,310.7799987792969,77556300,2025-07-15
TSLA,2025-07-16 13:30:00+00:00,312.79998779296875,323.5,312.6199951171875,321.6700134277344,97284800,2025-07-16
TSLA,2025-07-17 13:30:00+00:00,323.1499938964844,324.3399963378906,317.05999755859375,319.4100036621094,73922900,2025-07-17
TSLA,2025-07-18 13:30:00+00:00,321.6600036621094,330.8999938964844,321.4200134277344,329.6499938964844,94255000,2025-07-18
TSLA,2025-07-21 13:30:00+00:00,334.3999938964844,338.0,326.8800048828125,328.489990234375,75768800,2025-07-21
TSLA,2025-07-22 13:30:00+00:00,329.739990234375,335.4100036621094,321.54998779296875,332.1099853515625,77370400,2025-07-22
TSLA,2025-07-23 13:30:00+00:00,330.8999938964844,336.20001220703125,328.6700134277344,332.55999755859375,92553800,2025-07-23
TSLA,2025-07-24 13:30:00+00:00,310.0,310.1499938964844,300.4100036621094,305.29998779296875,156966000,2025-07-24
TSLA,2025-07-25 13:30:00+00:00,308.739990234375,323.6300048828125,308.010009765625,316.05999755859375,148227000,2025-07-25
TSLA,2025-07-28 13:30:00+00:00,318.45001220703125,330.489990234375,315.69000244140625,325.5899963378906,112673800,2025-07-28
TSLA,2025-07-29 13:30:00+00:00,325.54998779296875,326.25,318.25,321.20001220703125,87358900,2025-07-29
TSLA,2025-07-30 13:30:00+00:00,322.17999267578125,324.45001220703125,311.6199951171875,319.0400085449219,83931900,2025-07-30
TSLA,2025-07-31 13:30:00+00:00,319.6099853515625,321.3699951171875,306.1000061035156,308.2699890136719,85270900,2025-07-31
TSLA,2025-08-01 13:30:00+00:00,306.2099914550781,309.30999755859375,297.82000732421875,302.6300048828125,89121400,2025-08-01
TSLA,2025-08-04 13:30:00+00:00,309.0799865722656,312.1199951171875,303.0,309.260009765625,78683900,2025-08-04
TSLA,2025-08-05 13:30:00+00:00,308.95001220703125,312.45001220703125,305.5,308.7200012207031,57961300,2025-08-05
TSLA,2025-08-06 13:30:00+00:00,307.8900146484375,320.4700012207031,306.92999267578125,319.9100036621094,78523600,2025-08-06
TSLA,2025-08-07 13:30:00+00:00,319.7900085449219,322.3999938964844,316.1600036621094,322.2699890136719,66658700,2025-08-07
TSLA,2025-08-08 13:30:00+00:00,321.42999267578125,335.1499938964844,320.9800109863281,329.6499938964844,91200300,2025-08-08
TSLA,2025-08-11 13:30:00+00:00,335.0,346.6400146484375,334.1499938964844,339.0299987792969,105320200,2025-08-11
TSLA,2025-08-12 13:30:00+00:00,345.0,345.260009765625,332.94000244140625,340.8399963378906,80522100,2025-08-12
TSLA,2025-08-13 13:30:00+00:00,341.5,348.9800109863281,338.20001220703125,339.3800048828125,67838900,2025-08-13
TSLA,2025-08-14 13:30:00+00:00,335.760009765625,340.4700012207031,330.3999938964844,335.5799865722656,75000700,2025-08-14
TSLA,2025-08-15 13:30:00+00:00,337.6600036621094,339.29998779296875,327.0199890136719,330.55999755859375,74319800,2025-08-15
TSLA,2025-08-18 13:30:00+00:00,329.6199951171875,336.2699890136719,329.5899963378906,335.1600036621094,56956600,2025-08-18
TSLA,2025-08-19 13:30:00+00:00,335.7900085449219,340.54998779296875,327.8500061035156,329.30999755859375,75956000,2025-08-19
TSLA,2025-08-20 13:30:00+00:00,329.2200012207031,331.3699951171875,314.6000061035156,323.8999938964844,77481800,2025-08-20
TSLA,2025-08-21 13:30:00+00:00,322.0799865722656,324.8999938964844,318.67999267578125,320.1099853515625,55744400,2025-08-21
TSLA,2025-08-22 13:30:00+00:00,321.6600036621094,340.25,319.69000244140625,340.010009765625,94016300,2025-08-22
TSLA,2025-08-25 13:30:00+00:00,338.8999938964844,349.5299987792969,335.0299987792969,346.6000061035156,86670000,2025-08-25
TSLA,2025-08-26 13:30:00+00:00,344.92999267578125,351.8999938964844,343.7200012207031,351.6700134277344,76651600,2025-08-26
TSLA,2025-08-27 13:30:00+00:00,351.94000244140625,355.3900146484375,349.1600036621094,349.6000061035156,65519000,2025-08-27
TSLA,2025-08-28 13:30:00+00:00,350.9100036621094,353.54998779296875,340.260009765625,345.9800109863281,67903200,2025-08-28
TSLA,2025-08-29 13:30:00+00:00,347.2300109863281,348.75,331.70001220703125,333.8699951171875,81145700,2025-08-29
TSLA,2025-09-02 13:30:00+00:00,328.2300109863281,333.3299865722656,325.6000061035156,329.3599853515625,58392000,2025-09-02
TSLA,2025-09-03 13:30:00+00:00,335.20001220703125,343.3299865722656,328.510009765625,334.0899963378906,88733300,2025-09-03
TSLA,2025-09-04 13:30:00+00:00,336.1499938964844,338.8900146484375,331.4800109863281,338.5299987792969,60711000,2025-09-04
TSLA,2025-09-05 13:30:00+00:00,348.0,355.8699951171875,344.67999267578125,350.8399963378906,108989800,2025-09-05
TSLA,2025-09-08 13:30:00+00:00,354.6400146484375,358.44000244140625,344.8399963378906,346.3999938964844,75208300,2025-09-08
TSLA,2025-09-09 13:30:00+00:00,348.44000244140625,350.7699890136719,343.82000732421875,346.9700012207031,53816000,2025-09-09
TSLA,2025-09-10 13:30:00+00:00,350.54998779296875,356.3299865722656,346.07000732421875,347.7900085449219,72121700,2025-09-10
TSLA,2025-09-11 13:30:00+00:00,350.1700134277344,368.989990234375,347.6000061035156,368.80999755859375,103756000,2025-09-11
TSLA,2025-09-12 13:30:00+00:00,370.94000244140625,396.69000244140625,370.239990234375,395.94000244140625,168156400,2025-09-12
TSLA,2025-09-15 13:30:00+00:00,423.1300048828125,425.70001220703125,402.42999267578125,410.0400085449219,163823700,2025-09-15
TSLA,2025-09-16 13:30:00+00:00,414.5,423.25,411.42999267578125,421.6199951171875,104285700,2025-09-16
TSLA,2025-09-17 13:30:00+00:00,415.75,428.30999755859375,409.6700134277344,425.8599853515625,106133500,2025-09-17
TSLA,2025-09-18 13:30:00+00:00,428.8699951171875,432.2200012207031,416.55999755859375,416.8500061035156,90454500,2025-09-18
TSLA,2025-09-19 13:30:00+00:00,421.82000732421875,429.4700012207031,421.7200012207031,426.07000732421875,93131000,2025-09-19
TSLA,2025-09-22 13:30:00+00:00,431.1099853515625,444.9800109863281,429.1300048828125,434.2099914550781,97108800,2025-09-22
TSLA,2025-09-23 13:30:00+00:00,439.8800048828125,440.9700012207031,423.7200012207031,425.8500061035156,83422700,2025-09-23
TSLA,2025-09-24 13:30:00+00:00,429.8299865722656,444.2099914550781,429.0299987792969,442.7900085449219,93133600,2025-09-24
TSLA,2025-09-25 13:30:00+00:00,435.239990234375,435.3500061035156,419.0799865722656,423.3900146484375,96746400,2025-09-25
TSLA,2025-09-26 13:30:00+00:00,428.29998779296875,440.4700012207031,421.0199890136719,440.3999938964844,101628200,2025-09-26
TSLA,2025-09-29 13:30:00+00:00,444.3500061035156,450.9800109863281,439.5,443.2099914550781,79491500,2025-09-29
TSLA,2025-09-30 13:30:00+00:00,441.5199890136719,445.0,433.1199951171875,444.7200012207031,74358000,2025-09-30
TSLA,2025-10-01 13:30:00+00:00,443.79998779296875,462.2900085449219,440.75,459.4599914550781,98122300,2025-10-01
TSLA,2025-10-02 13:30:00+00:00,470.5400085449219,470.75,435.57000732421875,436.0,137009000,2025-10-02
TSLA,2025-10-03 13:30:00+00:00,443.2900085449219,446.7699890136719,416.5799865722656,429.8299865722656,133188200,2025-10-03
TSLA,2025-10-06 13:30:00+00:00,440.75,453.54998779296875,436.69000244140625,453.25,85324900,2025-10-06
TSLA,2025-10-07 13:30:00+00:00,447.82000732421875,452.67999267578125,432.45001220703125,433.0899963378906,102296100,2025-10-07
TSLA,2025-10-08 13:30:00+00:00,437.57000732421875,441.3299865722656,425.2300109863281,438.69000244140625,71192100,2025-10-08
TSLA,2025-10-09 13:30:00+00:00,431.80999755859375,436.3500061035156,426.17999267578125,435.5400085449219,69339900,2025-10-09
TSLA,2025-10-10 13:30:00+00:00,436.5400085449219,443.1300048828125,411.45001220703125,413.489990234375,112107900,2025-10-10
TSLA,2025-10-13 13:30:00+00:00,423.5299987792969,436.8900146484375,419.70001220703125,435.8999938964844,79552800,2025-10-13
TSLA,2025-10-14 13:30:00+00:00,426.7900085449219,434.20001220703125,417.8599853515625,429.239990234375,72669400,2025-10-14
TSLA,2025-10-15 13:30:00+00:00,434.8999938964844,440.510009765625,426.3299865722656,435.1499938964844,71558200,2025-10-15
TSLA,2025-10-16 13:30:00+00:00,434.7300109863281,439.3500061035156,421.30999755859375,428.75,77189900,2025-10-16
TSLA,2025-10-17 13:30:00+00:00,425.5,441.4599914550781,423.6000061035156,439.30999755859375,89331600,2025-10-17
TSLA,2025-10-20 13:30:00+00:00,443.8699951171875,449.79998779296875,440.6099853515625,447.42999267578125,63719000,2025-10-20
TSLA,2025-10-21 13:30:00+00:00,445.760009765625,449.29998779296875,442.04998779296875,442.6000061035156,54412200,2025-10-21
TSLA,2025-10-22 13:30:00+00:00,443.45001220703125,445.5400085449219,429.0,438.9700012207031,84023500,2025-10-22
TSLA,2025-10-23 13:30:00+00:00,420.0,449.3999938964844,413.8999938964844,448.9800109863281,126709800,2025-10-23
TSLA,2025-10-24 13:30:00+00:00,446.8299865722656,451.67999267578125,430.1700134277344,433.7200012207031,94727800,2025-10-24
TSLA,2025-10-27 13:30:00+00:00,439.9800109863281,460.1600036621094,438.69000244140625,452.4200134277344,105867500,2025-10-27
TSLA,2025-10-28 13:30:00+00:00,454.7799987792969,467.0,451.6000061035156,460.54998779296875,80185700,2025-10-28
TSLA,2025-10-29 13:30:00+00:00,462.5,465.70001220703125,452.6499938964844,461.510009765625,67983500,2025-10-29
TSLA,2025-10-30 13:30:00+00:00,451.04998779296875,455.05999755859375,439.6099853515625,440.1000061035156,72447900,2025-10-30
TSLA,2025-10-31 13:30:00+00:00,446.75,458.0,443.69000244140625,456.55999755859375,83135800,2025-10-31
TSLA,2025-11-03 14:30:00+00:00,455.989990234375,474.07000732421875,453.79998779296875,468.3699951171875,84595200,2025-11-03
TSLA,2025-11-04 14:30:00+00:00,454.4599914550781,460.2200012207031,443.6000061035156,444.260009765625,87756600,2025-11-04
TSLA,2025-11-05 14:30:00+00:00,452.04998779296875,466.3299865722656,440.7099914550781,462.07000732421875,85573000,2025-11-05
TSLA,2025-11-06 14:30:00+00:00,461.9599914550781,467.45001220703125,435.0899963378906,445.9100036621094,109622900,2025-11-06
TSLA,2025-11-07 14:30:00+00:00,437.9200134277344,439.3599853515625,421.8800048828125,429.5199890136719,103471500,2025-11-07
TSLA,2025-11-10 14:30:00+00:00,439.6000061035156,449.6700134277344,433.3599853515625,445.2300109863281,76515900,2025-11-10
TSLA,2025-11-11 14:30:00+00:00,439.3999938964844,442.489990234375,432.3599853515625,439.6199951171875,60533200,2025-11-11
TSLA,2025-11-12 14:30:00+00:00,442.1499938964844,442.3299865722656,426.55999755859375,430.6000061035156,58513500,2025-11-12
TSLA,2025-11-13 14:30:00+00:00,423.1300048828125,424.5,396.3399963378906,401.989990234375,118948000,2025-11-13
TSLA,2025-11-14 14:30:00+00:00,386.29998779296875,412.19000244140625,382.7799987792969,404.3500061035156,105506700,2025-11-14
TSLA,2025-11-17 14:30:00+00:00,398.739990234375,423.9599914550781,398.739990234375,408.9200134277344,102214300,2025-11-17
TSLA,2025-11-18 14:30:00+00:00,405.3800048828125,408.8999938964844,393.7099914550781,401.25,80688600,2025-11-18
TSLA,2025-11-19 14:30:00+00:00,406.17999267578125,411.7799987792969,398.5,403.989990234375,72047700,2025-11-19
TSLA,2025-11-20 14:30:00+00:00,414.6300048828125,428.94000244140625,394.739990234375,395.2300109863281,113548800,2025-11-20
TSLA,2025-11-21 14:30:00+00:00,402.32000732421875,402.79998779296875,383.760009765625,391.0899963378906,100460600,2025-11-21
TSLA,2025-11-24 14:30:00+00:00,402.1700134277344,421.7200012207031,401.0899963378906,417.7799987792969,96806400,2025-11-24
TSLA,2025-11-25 14:30:00+00:00,414.4200134277344,420.4800109863281,405.95001220703125,419.3999938964844,71915600,2025-11-25
TSLA,2025-11-26 14:30:00+00:00,423.95001220703125,426.94000244140625,416.8900146484375,426.5799865722656,63463000,2025-11-26
TSLA,2025-11-28 14:30:00+00:00,426.5899963378906,432.92999267578125,426.20001220703125,430.1700134277344,36252900,2025-11-28
TSLA,2025-12-01 14:30:00+00:00,425.32000732421875,433.6600036621094,425.2900085449219,430.1400146484375,57463600,2025-12-01
TSLA,2025-12-02 14:30:00+00:00,430.80999755859375,436.79998779296875,422.1199951171875,429.239990234375,69336600,2025-12-02
TSLA,2025-12-03 14:30:00+00:00,432.1000061035156,447.9200134277344,431.1099853515625,446.739990234375,87483000,2025-12-03
TSLA,2025-12-04 14:30:00+00:00,449.94000244140625,454.6300048828125,445.3900146484375,454.5299987792969,71906500,2025-12-04
TSLA,2025-12-05 14:30:00+00:00,453.0299987792969,458.8699951171875,451.6600036621094,455.0,56427500,2025-12-05
TSLA,2025-12-08 14:30:00+00:00,447.45001220703125,449.75,435.25,439.5799865722656,69165800,2025-12-08
TSLA,2025-12-09 14:30:00+00:00,437.5400085449219,452.3900146484375,435.70001220703125,445.1700134277344,62367400,2025-12-09
TSLA,2025-12-10 14:30:00+00:00,446.07000732421875,456.8800048828125,443.6099853515625,451.45001220703125,63257500,2025-12-10
TSLA,2025-12-11 14:30:00+00:00,448.95001220703125,449.2699890136719,440.3299865722656,446.8900146484375,55979500,2025-12-11
TSLA,2025-12-12 14:30:00+00:00,448.0899963378906,463.010009765625,441.6700134277344,458.9599914550781,95656700,2025-12-12
TSLA,2025-12-15 14:30:00+00:00,469.44000244140625,481.7699890136719,467.6600036621094,475.30999755859375,114542200,2025-12-15
TSLA,2025-12-16 14:30:00+00:00,472.2099914550781,491.5,465.8299865722656,489.8800048828125,107608100,2025-12-16
TSLA,2025-12-17 14:30:00+00:00,488.2200012207031,495.2799987792969,466.20001220703125,467.260009765625,106490400,2025-12-17
TSLA,2025-12-18 14:30:00+00:00,478.1600036621094,490.8599853515625,473.1199951171875,483.3699951171875,95168400,2025-12-18
TSLA,2025-12-19 14:30:00+00:00,488.1199951171875,490.489990234375,474.7200012207031,481.20001220703125,103305400,2025-12-19
TSLA,2025-12-22 14:30:00+00:00,489.8800048828125,498.8299865722656,485.3299865722656,488.7300109863281,86916100,2025-12-22
TSLA,2025-12-23 14:30:00+00:00,489.3999938964844,491.9700012207031,482.8399963378906,485.55999755859375,58223600,2025-12-23
TSLA,2025-12-24 14:30:00+00:00,488.4800109863281,490.8999938964844,476.79998779296875,485.3999938964844,41285400,2025-12-24
TSLA,2025-12-26 14:30:00+00:00,485.2300109863281,489.0899963378906,473.82000732421875,475.19000244140625,58780700,2025-12-26
TSLA,2025-12-29 14:30:00+00:00,469.0,469.3999938964844,459.0,459.6400146484375,66263000,2025-12-29
TSLA,2025-12-30 14:30:00+00:00,461.0899963378906,463.1199951171875,453.8299865722656,454.42999267578125,59238500,2025-12-30
TSLA,2025-12-31 14:30:00+00:00,456.1000061035156,456.54998779296875,449.29998779296875,449.7200012207031,49078000,2025-12-31
TSLA,2026-01-02 14:30:00+00:00,457.79998779296875,458.3399963378906,435.29998779296875,438.07000732421875,85535400,2026-01-02
TSLA,2026-01-05 14:30:00+00:00,447.989990234375,457.54998779296875,444.57000732421875,451.6700134277344,67940800,2026-01-05
TSLA,2026-01-06 14:30:00+00:00,446.3800048828125,448.25,428.7799987792969,432.9599914550781,89093800,2026-01-06
TSLA,2026-01-07 14:30:00+00:00,435.8999938964844,438.3699951171875,431.2900085449219,431.4100036621094,59828800,2026-01-07
TSLA,2026-01-08 14:30:00+00:00,427.8900146484375,436.8900146484375,424.3699951171875,435.79998779296875,57041100,2026-01-08
TSLA,2026-01-09 14:30:00+00:00,435.95001220703125,449.04998779296875,430.3900146484375,445.010009765625,67331500,2026-01-09
TSLA,2026-01-12 14:30:00+00:00,441.2300109863281,454.29998779296875,438.0,448.9599914550781,61649600,2026-01-12
TSLA,2026-01-13 14:30:00+00:00,450.20001220703125,451.80999755859375,443.95001220703125,447.20001220703125,53719200,2026-01-13
TSLA,2026-01-14 14:30:00+00:00,442.80999755859375,443.9100036621094,434.2200012207031,439.20001220703125,57259500,2026-01-14
TSLA,2026-01-15 14:30:00+00:00,441.1300048828125,445.3599853515625,437.6499938964844,438.57000732421875,49465800,2026-01-15
TSLA,2026-01-16 14:30:00+00:00,439.5,447.25,435.260009765625,437.5,60220600,2026-01-16
TSLA,2026-01-20 14:30:00+00:00,429.3599853515625,430.7300109863281,417.44000244140625,419.25,63187300,2026-01-20
TSLA,2026-01-21 14:30:00+00:00,421.6600036621094,438.20001220703125,419.6199951171875,431.44000244140625,68124000,2026-01-21
TSLA,2026-01-22 14:30:00+00:00,435.1600036621094,449.5,432.6300048828125,449.3599853515625,71546700,2026-01-22
TSLA,2026-01-23 14:30:00+00:00,447.42999267578125,452.42999267578125,444.0400085449219,449.05999755859375,56771400,2026-01-23
TSLA,2026-01-26 14:30:00+00:00,445.0,445.0400085449219,434.2799987792969,435.20001220703125,49397400,2026-01-26
TSLA,2026-01-27 14:30:00+00:00,437.4100036621094,437.5199890136719,430.69000244140625,430.8999938964844,37733100,2026-01-27
TSLA,2026-01-28 14:30:00+00:00,431.9100036621094,438.260009765625,430.1000061035156,431.4599914550781,54857400,2026-01-28
TSLA,2026-01-29 14:30:00+00:00,437.79998779296875,440.2300109863281,414.6199951171875,416.55999755859375,81686100,2026-01-29
TSLA,2026-01-30 14:30:00+00:00,425.3500061035156,439.8800048828125,422.70001220703125,430.4100036621094,82626100,2026-01-30
TSLA,2026-02-02 14:30:00+00:00,421.2900085449219,427.1499938964844,414.5,421.80999755859375,58739500,2026-02-02
TSLA,2026-02-03 14:30:00+00:00,424.2699890136719,428.55999755859375,413.69000244140625,421.9599914550781,56886500,2026-02-03
TSLA,2026-02-04 14:30:00+00:00,420.4599914550781,423.8999938964844,399.17999267578125,406.010009765625,74606900,2026-02-04
TSLA,2026-02-05 14:30:00+00:00,397.0199890136719,402.1000061035156,387.5299987792969,397.2099914550781,72819800,2026-02-05
TSLA,2026-02-06 14:30:00+00:00,400.8699951171875,414.54998779296875,397.75,411.1099853515625,62677100,2026-02-06
TSLA,2026-02-09 14:30:00+00:00,409.9100036621094,421.25,407.2900085449219,417.32000732421875,54484300,2026-02-09
TSLA,2026-02-10 14:30:00+00:00,418.0799865722656,427.25,417.0,425.2099914550781,64450200,2026-02-10
TSLA,2026-02-11 14:30:00+00:00,427.9599914550781,436.3500061035156,420.0299987792969,428.2699890136719,57362000,2026-02-11
TSLA,2026-02-12 14:30:00+00:00,430.29998779296875,436.2300109863281,414.0,417.07000732421875,61933400,2026-02-12
TSLA,2026-02-13 14:30:00+00:00,414.30999755859375,424.05999755859375,410.8800048828125,417.44000244140625,51434100,2026-02-13
TSLA,2026-02-17 14:30:00+00:00,412.3599853515625,413.7200012207031,400.510009765625,410.6300048828125,59678800,2026-02-17
TSLA,2026-02-18 14:30:00+00:00,411.1099853515625,416.8999938964844,409.5799865722656,411.32000732421875,45921400,2026-02-18
TSLA,2026-02-19 14:30:00+00:00,407.25,415.25,404.1099853515625,411.7099914550781,51019600,2026-02-19
TSLA,2026-02-20 14:30:00+00:00,408.29998779296875,414.70001220703125,405.5,411.82000732421875,57912200,2026-02-20
TSLA,2026-02-23 14:30:00+00:00,407.2900085449219,407.70001220703125,394.0400085449219,399.8299865722656,69680000,2026-02-23
TSLA,2026-02-24 14:30:00+00:00,399.5,410.82000732421875,397.6400146484375,409.3800048828125,58579500,2026-02-24
TSLA,2026-02-25 14:30:00+00:00,412.1499938964844,420.3399963378906,412.1499938964844,417.3999938964844,54809700,2026-02-25
TSLA,2026-02-26 14:30:00+00:00,414.4200134277344,416.80999755859375,403.6600036621094,408.5799865722656,53602500,2026-02-26
TSLA,2026-02-27 14:30:00+00:00,402.94000244140625,407.1199951171875,398.1099853515625,402.510009765625,56890100,2026-02-27
TSLA,2026-03-02 14:30:00+00:00,390.6000061035156,404.5400085449219,388.25,403.32000732421875,55088300,2026-03-02
TSLA,2026-03-03 14:30:00+00:00,395.0899963378906,396.3399963378906,385.3900146484375,392.42999267578125,62617300,2026-03-03
TSLA,2026-03-04 14:30:00+00:00,397.8500061035156,408.3299865722656,394.5799865722656,405.94000244140625,68305500,2026-03-04
TSLA,2026-03-05 14:30:00+00:00,401.57000732421875,408.6199951171875,399.4200134277344,405.54998779296875,51925900,2026-03-05
TSLA,2026-03-06 14:30:00+00:00,398.0899963378906,402.3500061035156,394.2099914550781,396.7300109863281,64054600,2026-03-06
TSLA,2026-03-09 13:30:00+00:00,390.04998779296875,401.5899963378906,381.3999938964844,398.67999267578125,67018900,2026-03-09
TSLA,2026-03-10 13:30:00+00:00,402.2200012207031,406.5899963378906,398.19000244140625,399.239990234375,59258700,2026-03-10
TSLA,2026-03-11 13:30:00+00:00,402.2799987792969,416.3800048828125,402.1499938964844,407.82000732421875,62559900,2026-03-11
TSLA,2026-03-12 13:30:00+00:00,405.17999267578125,406.5,394.6499938964844,395.010009765625,60973800,2026-03-12
TSLA,2026-03-13 13:30:00+00:00,399.1700134277344,400.20001220703125,389.95001220703125,391.20001220703125,58504100,2026-03-13
TSLA,2026-03-16 13:30:00+00:00,396.2200012207031,403.7300109863281,394.4200134277344,395.55999755859375,58068300,2026-03-16
TSLA,2026-03-17 13:30:00+00:00,395.69000244140625,400.1199951171875,393.0,399.2699890136719,46890500,2026-03-17
TSLA,2026-03-18 13:30:00+00:00,399.0,403.07000732421875,392.30999755859375,392.7799987792969,50853100,2026-03-18
TSLA,2026-03-19 13:30:00+00:00,387.2699890136719,387.2699890136719,378.7300109863281,380.29998779296875,67078300,2026-03-19
TSLA,2026-03-20 13:30:00+00:00,379.8500061035156,379.8900146484375,364.4599914550781,367.9599914550781,78628600,2026-03-20
TSLA,2026-03-23 13:30:00+00:00,373.0899963378906,385.3299865722656,372.7300109863281,380.8500061035156,74606000,2026-03-23
TSLA,2026-03-24 13:30:00+00:00,376.55999755859375,387.4800109863281,376.30999755859375,383.0299987792969,60004900,2026-03-24
TSLA,2026-03-25 13:30:00+00:00,389.989990234375,396.2300109863281,385.010009765625,385.95001220703125,55157300,2026-03-25
TSLA,2026-03-26 13:30:00+00:00,381.6000061035156,384.44000244140625,371.8699951171875,372.1099853515625,55522900,2026-03-26
TSLA,2026-03-27 13:30:00+00:00,369.69000244140625,369.8599853515625,359.4700012207031,361.8299865722656,62065700,2026-03-27
TSLA,2026-03-30 13:30:00+00:00,365.8599853515625,367.2900085449219,352.1400146484375,355.2799987792969,67954400,2026-03-30
TSLA,2026-03-31 13:30:00+00:00,361.510009765625,373.3299865722656,361.0,371.75,75534900,2026-03-31
TSLA,2026-04-01 13:30:00+00:00,378.6300048828125,383.1400146484375,374.0799865722656,381.260009765625,58683800,2026-04-01
TSLA,2026-04-02 13:30:00+00:00,364.20001220703125,370.2799987792969,359.0299987792969,360.5899963378906,83031200,2026-04-02
TSLA,2026-04-06 13:30:00+00:00,362.5899963378906,367.7200012207031,346.6400146484375,352.82000732421875,77697600,2026-04-06
TSLA,2026-04-07 13:30:00+00:00,346.44000244140625,348.0199890136719,337.239990234375,346.6499938964844,74515400,2026-04-07
TSLA,2026-04-08 13:30:00+00:00,363.7900085449219,364.5,339.6700134277344,343.25,78838600,2026-04-08
TSLA,2026-04-09 13:30:00+00:00,343.1499938964844,348.8800048828125,337.25,345.6199951171875,62164000,2026-04-09
TSLA,2026-04-10 13:30:00+00:00,346.2900085449219,350.3599853515625,342.739990234375,348.95001220703125,51336000,2026-04-10
TSLA,2026-04-13 13:30:00+00:00,350.07000732421875,356.3500061035156,348.57000732421875,352.4200134277344,53617500,2026-04-13
TSLA,2026-04-14 13:30:00+00:00,357.6700134277344,367.6300048828125,354.7699890136719,364.20001220703125,59979600,2026-04-14
TSLA,2026-04-15 13:30:00+00:00,366.8299865722656,394.6499938964844,362.5,391.95001220703125,113810400,2026-04-15
TSLA,2026-04-16 13:30:00+00:00,393.80999755859375,394.05999755859375,381.79998779296875,388.8999938964844,63515100,2026-04-16
TSLA,2026-04-17 13:30:00+00:00,395.9200134277344,409.2799987792969,391.6499938964844,400.6199951171875,90640000,2026-04-17
TSLA,2026-04-20 13:30:00+00:00,402.5799865722656,406.79998779296875,388.3299865722656,392.5,64603900,2026-04-20
TSLA,2026-04-21 13:30:00+00:00,393.0,393.95001220703125,385.2200012207031,386.4200134277344,50530600,2026-04-21
TSLA,2026-04-22 13:30:00+00:00,387.57000732421875,393.010009765625,385.29998779296875,387.510009765625,62362800,2026-04-22
TSLA,2026-04-23 13:30:00+00:00,375.2799987792969,386.0,368.3900146484375,373.7200012207031,93969500,2026-04-23
TSLA,2026-04-24 13:30:00+00:00,373.5,382.760009765625,370.7300109863281,376.29998779296875,62893300,2026-04-24
TSLA,2026-04-27 13:30:00+00:00,372.0899963378906,380.7799987792969,364.0199890136719,378.6700134277344,66735800,2026-04-27
TSLA,2026-04-28 13:30:00+00:00,374.67999267578125,382.2900085449219,372.5400085449219,376.0199890136719,50864400,2026-04-28
TSLA,2026-04-29 13:30:00+00:00,375.3999938964844,376.3999938964844,370.0400085449219,372.79998779296875,45384800,2026-04-29
TSLA,2026-04-30 13:30:00+00:00,372.75,384.75,368.1700134277344,381.6300048828125,51076000,2026-04-30
TSLA,2026-05-01 13:30:00+00:00,382.489990234375,397.82000732421875,378.79998779296875,390.82000732421875,65338300,2026-05-01
TSLA,2026-05-04 13:30:00+00:00,390.2300109863281,394.6400146484375,384.79998779296875,392.510009765625,48765100,2026-05-04
TSLA,2026-05-05 13:30:00+00:00,395.19000244140625,402.1199951171875,389.0,389.3699951171875,47780600,2026-05-05
TSLA,2026-05-06 13:30:00+00:00,386.25,401.67999267578125,384.0199890136719,398.7300109863281,53465400,2026-05-06
TSLA,2026-05-07 13:30:00+00:00,407.4800109863281,415.8299865722656,402.1199951171875,411.7900085449219,64294200,2026-05-07
TSLA,2026-05-08 13:30:00+00:00,416.4800109863281,431.20001220703125,416.3900146484375,428.3500061035156,65050000,2026-05-08
TSLA,2026-05-11 13:30:00+00:00,422.1600036621094,449.1600036621094,416.79998779296875,445.0,78376100,2026-05-11
TSLA,2026-05-12 13:30:00+00:00,441.4100036621094,447.79998779296875,422.260009765625,433.45001220703125,60569300,2026-05-12
TSLA,2026-05-13 13:30:00+00:00,436.6700134277344,453.3999938964844,430.2099914550781,445.2699890136719,68283200,2026-05-13
TSLA,2026-05-14 13:30:00+00:00,446.489990234375,451.9800109863281,441.1600036621094,443.29998779296875,46070400,2026-05-14
TSLA,2026-05-15 13:30:00+00:00,433.9800109863281,434.6600036621094,422.0,422.239990234375,52688700,2026-05-15
TSLA,2026-05-18 13:30:00+00:00,419.2699890136719,421.1300048828125,405.3299865722656,409.989990234375,52474200,2026-05-18
TSLA,2026-05-19 13:30:00+00:00,403.1600036621094,405.6300048828125,393.6300048828125,404.1099853515625,46500600,2026-05-19
TSLA,2026-05-20 13:30:00+00:00,407.6000061035156,417.4599914550781,406.3900146484375,417.260009765625,45294700,2026-05-20
TSLA,2026-05-21 13:30:00+00:00,422.17999267578125,426.95001220703125,412.8999938964844,417.8500061035156,42636900,2026-05-21
TSLA,2026-05-22 13:30:00+00:00,422.6700134277344,431.510009765625,420.510009765625,426.010009765625,46104700,2026-05-22
TSLA,2026-05-26 13:30:00+00:00,430.260009765625,435.20001220703125,426.1199951171875,433.5899963378906,45658900,2026-05-26
TSLA,2026-05-27 13:30:00+00:00,442.8900146484375,445.6000061035156,435.5199890136719,440.3599853515625,44656500,2026-05-27
TSLA,2026-05-28 13:30:00+00:00,437.6199951171875,443.9599914550781,436.29998779296875,442.1000061035156,32435000,2026-05-28
TSLA,2026-05-29 13:30:00+00:00,439.8500061035156,441.07000732421875,428.1400146484375,435.7900085449219,45176800,2026-05-29
TSLA,2026-06-01 13:30:00+00:00,427.489990234375,429.6000061035156,415.42999267578125,415.8800048828125,44937900,2026-06-01
TSLA,2026-06-02 13:30:00+00:00,418.2200012207031,424.4200134277344,413.6499938964844,423.739990234375,37596000,2026-06-02
TSLA,2026-06-03 13:30:00+00:00,418.70001220703125,433.6000061035156,416.0,423.70001220703125,44500700,2026-06-03
TSLA,2026-06-04 13:30:00+00:00,419.8399963378906,426.3500061035156,417.1600036621094,418.45001220703125,35323300,2026-06-04
TSLA,2026-06-05 13:30:00+00:00,420.5,424.67999267578125,388.5899963378906,391.0,63420200,2026-06-05
TSLA,2026-06-08 13:30:00+00:00,396.3299865722656,412.94000244140625,394.7200012207031,408.95001220703125,50328800,2026-06-08
TSLA,2026-06-09 13:30:00+00:00,411.0299987792969,418.5,384.239990234375,396.67999267578125,59940200,2026-06-09
TSLA,2026-06-10 13:30:00+00:00,391.5400085449219,397.0899963378906,380.1499938964844,381.5899963378906,49695600,2026-06-10
TSLA,2026-06-11 13:30:00+00:00,388.2799987792969,399.5400085449219,380.6600036621094,399.1499938964844,45324300,2026-06-11
TSLA,2026-06-12 13:30:00+00:00,399.489990234375,406.67999267578125,386.760009765625,406.42999267578125,63514500,2026-06-12
TSLA,2026-06-15 13:30:00+00:00,412.3699951171875,416.0,407.1000061035156,411.1499938964844,45620500,2026-06-15
TSLA,2026-06-16 13:30:00+00:00,404.1099853515625,412.4200134277344,400.5400085449219,404.6600036621094,40255500,2026-06-16
TSLA,2026-06-17 13:30:00+00:00,401.5299987792969,405.94000244140625,393.760009765625,396.3800048828125,43534300,2026-06-17
TSLA,2026-06-18 13:30:00+00:00,398.1000061035156,402.5199890136719,384.70001220703125,400.489990234375,58384700,2026-06-18
TSLA,2026-06-22 13:30:00+00:00,394.8500061035156,414.75,394.3999938964844,405.04998779296875,47819500,2026-06-22
TSLA,2026-06-23 13:30:00+00:00,392.6099853515625,392.8699951171875,379.05999755859375,381.6099853515625,50420200,2026-06-23
TSLA,2026-06-24 13:30:00+00:00,380.0799865722656,384.5799865722656,373.04998779296875,375.5299987792969,37081400,2026-06-24
TSLA,2026-06-25 13:30:00+00:00,375.2699890136719,379.1199951171875,371.2200012207031,375.1199951171875,30138800,2026-06-25
TSLA,2026-06-26 13:30:00+00:00,370.1499938964844,387.79998779296875,368.6000061035156,379.7099914550781,53434100,2026-06-26
TSLA,2026-06-29 13:30:00+00:00,381.7900085449219,413.2699890136719,379.29998779296875,411.8399963378906,57645800,2026-06-29
TSLA,2026-06-30 13:30:00+00:00,406.0,424.5400085449219,406.0,420.6000061035156,43385600,2026-06-30
TSLA,2026-07-01 13:30:00+00:00,421.4599914550781,432.8599853515625,418.0899963378906,425.29998779296875,40127900,2026-07-01
TSLA,2026-07-02 13:30:00+00:00,428.010009765625,432.3500061035156,389.29998779296875,393.45001220703125,73717700,2026-07-02
TSLA,2026-07-06 13:30:00+00:00,397.5,420.0,390.5,419.7699890136719,54727900,2026-07-06
TSLA,2026-07-07 13:30:00+00:00,416.9599914550781,419.55999755859375,401.8800048828125,402.8999938964844,38149900,2026-07-07
TSLA,2026-07-08 13:30:00+00:00,399.3800048828125,399.6300048828125,390.510009765625,394.05999755859375,33844900,2026-07-08
TSLA,2026-07-09 13:30:00+00:00,393.989990234375,407.8599853515625,390.8599853515625,406.54998779296875,37835000,2026-07-09
TSLA,2026-07-10 13:30:00+00:00,410.489990234375,413.1600036621094,402.80999755859375,407.760009765625,33410000,2026-07-10
TSLA,2026-07-13 13:30:00+00:00,404.6099853515625,405.57000732421875,391.3699951171875,394.760009765625,32809200,2026-07-13
TSLA,2026-07-14 13:30:00+00:00,399.04998779296875,402.2200012207031,394.760009765625,396.17999267578125,23385000,2026-07-14
TSLA,2026-07-15 13:30:00+00:00,399.3999938964844,406.5899963378906,390.6600036621094,394.4599914550781,31549800,2026-07-15
TSLA,2026-07-16 13:30:00+00:00,392.3500061035156,395.30999755859375,385.32000732421875,391.05999755859375,29269100,2026-07-16
TSLA,2026-07-17 13:30:00+00:00,381.7799987792969,385.69000244140625,377.2200012207031,380.8399963378906,31394600,2026-07-17
TSLA,2026-07-20 13:30:00+00:00,386.04998779296875,386.6099853515625,369.42999267578125,369.57000732421875,33901500,2026-07-20
TSLA,2026-07-21 13:30:00+00:00,371.1700134277344,384.07000732421875,369.9800109863281,378.92999267578125,32735300,2026-07-21
TSLA,2026-07-22 13:30:00+00:00,375.5299987792969,380.1700134277344,372.8999938964844,374.010009765625,30646100,2026-07-22
TSLA,2026-07-23 13:30:00+00:00,341.0,342.1099853515625,315.739990234375,319.69000244140625,115606400,2026-07-23
TSLA,2026-07-24 13:30:00+00:00,320.7200012207031,322.9599914550781,306.510009765625,313.0299987792969,62760000,2026-07-24
TSLA,2026-07-27 13:30:00+00:00,313.239990234375,317.0,304.2799987792969,309.2200012207031,44919400,2026-07-27
TSLA,2026-07-28 13:30:00+00:00,305.92999267578125,311.1600036621094,300.69000244140625,307.44000244140625,39802400,2026-07-28
TSLA,2026-07-29 13:30:00+00:00,307.1400146484375,309.05999755859375,297.3800048828125,298.32000732421875,39478000,2026-07-29
TSLA,2026-07-30 13:30:00+00:00,302.70001220703125,310.8699951171875,301.3299865722656,308.8500061035156,38005400,2026-07-30
TSLA,2026-07-31 13:30:00+00:00,309.69000244140625,315.5,301.9700012207031,311.2099914550781,36630600,2026-07-31
TSLA,2026-08-03 13:30:00+00:00,310.9599914550781,324.6499938964844,310.42999267578125,322.0799865722656,38281400,2026-08-03
TSLA,2026-08-04 13:30:00+00:00,324.0,329.57000732421875,320.7900085449219,327.3500061035156,33318300,2026-08-04
TSLA,2026-08-05 13:30:00+00:00,323.4200134277344,327.1400146484375,320.2799987792969,321.54998779296875,27820800,2026-08-05
TSLA,2026-08-06 13:30:00+00:00,317.04998779296875,323.0,315.5199890136719,319.5299987792969,26033800,2026-08-06
TSLA,2026-08-07 13:30:00+00:00,322.3399963378906,333.7300109863281,321.25,328.5799865722656,39492300,2026-08-07
TSLA,2026-08-10 13:30:00+00:00,326.6000061035156,332.04998779296875,326.1499938964844,330.8800048828125,25003800,2026-08-10
TSLA,2026-08-11 13:30:00+00:00,332.79998779296875,336.20001220703125,329.5299987792969,332.80999755859375,23345200,2026-08-11
TSLA,2026-08-12 13:30:00+00:00,335.0,335.5,323.6400146484375,327.510009765625,28698900,2026-08-12
TSLA,2026-08-13 13:30:00+00:00,327.20001220703125,341.6400146484375,325.239990234375,339.9599914550781,34708300,2026-08-13
TSLA,2026-08-14 13:30:00+00:00,342.3299865722656,351.260009765625,335.3299865722656,342.2699890136719,45437100,2026-08-14
TSLA,2026-08-17 13:30:00+00:00,340.69000244140625,345.45001220703125,337.4800109863281,339.29998779296875,26037100,2026-08-17
TSLA,2026-08-18 13:30:00+00:00,333.2200012207031,340.5299987792969,331.1199951171875,336.8699951171875,27994500,2026-08-18
TSLA,2026-08-19 13:30:00+00:00,338.8900146484375,351.6199951171875,335.70001220703125,351.1199951171875,36735400,2026-08-19
TSLA,2026-08-20 13:30:00+00:00,346.20001220703125,347.5,338.9599914550781,345.1300048828125,30766400,2026-08-20
TSLA,2026-08-21 13:30:00+00:00,349.8800048828125,366.5,346.8999938964844,362.8599853515625,59224000,2026-08-21
TSLA,2026-08-24 13:30:00+00:00,361.4100036621094,363.239990234375,348.260009765625,348.95001220703125,39190500,2026-08-24
TSLA,2026-08-25 13:30:00+00:00,349.5799865722656,357.0,349.20001220703125,350.25,29816700,2026-08-25
TSLA,2026-08-26 13:30:00+00:00,345.2699890136719,351.92999267578125,342.5299987792969,345.82000732421875,28573000,2026-08-26
TSLA,2026-08-27 13:30:00+00:00,346.1600036621094,355.739990234375,345.45001220703125,354.80999755859375,30136200,2026-08-27
TSLA,2026-08-28 13:30:00+00:00,357.1000061035156,358.79998779296875,345.20001220703125,348.75,32972200,2026-08-28
TSLA,2026-08-31 13:30:00+00:00,347.2099914550781,368.9200134277344,347.1499938964844,367.95001220703125,61732300,2026-08-31
TSLA,2026-09-01 13:30:00+00:00,360.8999938964844,362.70001220703125,352.9599914550781,356.0899963378906,36193900,2026-09-01
TSLA,2026-09-02 13:30:00+00:00,360.4100036621094,360.6199951171875,349.9200134277344,357.010009765625,33951900,2026-09-02
TSLA,2026-09-03 13:30:00+00:00,365.82000732421875,384.0400085449219,365.82000732421875,376.3699951171875,63601000,2026-09-03
TSLA,2026-09-04 13:30:00+00:00,362.07000732421875,364.69000244140625,351.32000732421875,354.0799865722656,65018200,2026-09-04
TSLA,2026-09-08 13:30:00+00:00,357.1000061035156,370.0,355.75,368.1600036621094,51078800,2026-09-08
TSLA,2026-09-09 13:30:00+00:00,368.25,375.44000244140625,366.0,367.80999755859375,32564300,2026-09-09
TSLA,2026-09-10 13:30:00+00:00,360.6000061035156,369.2099914550781,357.67999267578125,363.55999755859375,29667200,2026-09-10
TSLA,2026-09-11 13:30:00+00:00,364.20001220703125,368.6600036621094,361.6000061035156,365.44000244140625,30153000,2026-09-11
TSLA,2026-09-14 13:30:00+00:00,359.7799987792969,367.7300109863281,357.0400085449219,358.9700012207031,32477200,2026-09-14
TSLA,2026-09-15 13:30:00+00:00,358.75,362.3900146484375,354.04998779296875,356.5799865722656,30317700,2026-09-15
TSLA,2026-09-16 13:30:00+00:00,357.92999267578125,365.1000061035156,354.8900146484375,358.0799865722656,32177400,2026-09-16
TSLA,2026-09-17 13:30:00+00:00,367.4800109863281,374.1199951171875,363.2200012207031,366.20001220703125,38924100,2026-09-17
TSLA,2026-09-18 13:30:00+00:00,369.0,370.8999938964844,360.75,364.2699890136719,51922300,2026-09-18
TSLA,2026-09-21 13:30:00+00:00,371.6400146484375,378.3599853515625,371.07000732421875,375.29998779296875,36599600,2026-09-21
TSLA,2026-09-22 13:30:00+00:00,379.07000732421875,380.4200134277344,372.8800048828125,378.8999938964844,28229900,2026-09-22
TSLA,2026-09-23 13:30:00+00:00,380.1000061035156,386.70001220703125,377.5799865722656,380.1199951171875,33522500,2026-09-23
TSLA,2026-09-24 13:30:00+00:00,377.3500061035156,383.3299865722656,375.70001220703125,377.94000244140625,26165700,2026-09-24
TSLA,2026-09-25 13:30:00+00:00,384.6199951171875,386.8299865722656,367.6700134277344,372.1099853515625,45999500,2026-09-25
TSLA,2026-09-28 13:30:00+00:00,368.05999755859375,369.42999267578125,356.79998779296875,357.45001220703125,39452900,2026-09-28
TSLA,2026-09-29 13:30:00+00:00,358.3999938964844,358.739990234375,351.6700134277344,352.8399963378906,32492400,2026-09-29
TSLA,2026-09-30 13:30:00+00:00,352.1099853515625,355.2200012207031,345.8800048828125,354.80999755859375,39235800,2026-09-30
TSLA,2026-10-01 13:30:00+00:00,356.80999755859375,359.7900085449219,353.79998779296875,354.1099853515625,31080800,2026-10-01
TSLA,2026-10-02 13:30:00+00:00,360.0799865722656,374.6000061035156,359.4100036621094,370.5899963378906,55242800,2026-10-02
NVDA,2024-10-03 13:30:00+00:00,120.91999816894531,124.36000061035156,120.33999633789062,122.8499984741211,277118000,2024-10-03
NVDA,2024-10-04 13:30:00+00:00,124.94000244140625,125.04000091552734,121.83000183105469,124.91999816894531,243678100,2024-10-04
NVDA,2024-10-07 13:30:00+00:00,124.98999786376953,130.63999938964844,124.94999694824219,127.72000122070312,346250200,2024-10-07
NVDA,2024-10-08 13:30:00+00:00,130.25999450683594,133.47999572753906,129.4199981689453,132.88999938964844,285722500,2024-10-08
NVDA,2024-10-09 13:30:00+00:00,134.11000061035156,134.52000427246094,131.3800048828125,132.64999389648438,246191600,2024-10-09
NVDA,2024-10-10 13:30:00+00:00,131.91000366210938,135.0,131.0,134.80999755859375,242311300,2024-10-10
NVDA,2024-10-11 13:30:00+00:00,134.00999450683594,135.77999877929688,133.66000366210938,134.8000030517578,170209500,2024-10-11
NVDA,2024-10-14 13:30:00+00:00,136.47000122070312,139.60000610351562,136.3000030517578,138.07000732421875,232347700,2024-10-14
NVDA,2024-10-15 13:30:00+00:00,137.8699951171875,138.57000732421875,128.74000549316406,131.60000610351562,377831000,2024-10-15
NVDA,2024-10-16 13:30:00+00:00,133.97999572753906,136.6199951171875,131.5800018310547,135.72000122070312,264879700,2024-10-16
NVDA,2024-10-17 13:30:00+00:00,139.33999633789062,140.88999938964844,136.8699951171875,136.92999267578125,306435900,2024-10-17
NVDA,2024-10-18 13:30:00+00:00,138.6699981689453,138.89999389648438,137.27999877929688,138.0,176090200,2024-10-18
NVDA,2024-10-21 13:30:00+00:00,138.1300048828125,143.7100067138672,138.0,143.7100067138672,264554500,2024-10-21
NVDA,2024-10-22 13:30:00+00:00,142.91000366210938,144.4199981689453,141.77999877929688,143.58999633789062,226311600,2024-10-22
NVDA,2024-10-23 13:30:00+00:00,142.02999877929688,142.42999267578125,137.4600067138672,139.55999755859375,285930000,2024-10-23
NVDA,2024-10-24 13:30:00+00:00,140.82000732421875,141.35000610351562,138.4600067138672,140.41000366210938,172354900,2024-10-24
NVDA,2024-10-25 13:30:00+00:00,140.92999267578125,144.1300048828125,140.8000030517578,141.5399932861328,205122100,2024-10-25
NVDA,2024-10-28 13:30:00+00:00,143.0,143.13999938964844,140.0500030517578,140.52000427246094,173586700,2024-10-28
NVDA,2024-10-29 13:30:00+00:00,140.2899932861328,142.25999450683594,138.89999389648438,141.25,157593600,2024-10-29
NVDA,2024-10-30 13:30:00+00:00,139.5399932861328,140.3300018310547,136.80999755859375,139.33999633789062,179418100,2024-10-30
NVDA,2024-10-31 13:30:00+00:00,137.60000610351562,137.61000061035156,132.11000061035156,132.75999450683594,270039600,2024-10-31
NVDA,2024-11-01 13:30:00+00:00,134.6999969482422,137.30999755859375,134.57000732421875,135.39999389648438,207127800,2024-11-01
NVDA,2024-11-04 14:30:00+00:00,137.2100067138672,138.9600067138672,135.57000732421875,136.0500030517578,187528200,2024-11-04
NVDA,2024-11-05 14:30:00+00:00,137.4499969482422,140.3699951171875,137.3300018310547,139.91000366210938,160537400,2024-11-05
NVDA,2024-11-06 14:30:00+00:00,142.9600067138672,146.49000549316406,141.9600067138672,145.61000061035156,242043900,2024-11-06
NVDA,2024-11-07 14:30:00+00:00,146.38999938964844,148.92999267578125,146.1699981689453,148.8800048828125,207323300,2024-11-07
NVDA,2024-11-08 14:30:00+00:00,148.77000427246094,149.77000427246094,146.25999450683594,147.6300048828125,175665800,2024-11-08
NVDA,2024-11-11 14:30:00+00:00,148.67999267578125,148.85000610351562,143.57000732421875,145.25999450683594,182325600,2024-11-11
NVDA,2024-11-12 14:30:00+00:00,146.77999877929688,149.64999389648438,146.00999450683594,148.2899932861328,198634700,2024-11-12
NVDA,2024-11-13 14:30:00+00:00,149.07000732421875,149.3300018310547,145.89999389648438,146.27000427246094,191903300,2024-11-13
NVDA,2024-11-14 14:30:00+00:00,147.63999938964844,149.0,145.5500030517578,146.75999450683594,194463300,2024-11-14
NVDA,2024-11-15 14:30:00+00:00,144.8699951171875,145.24000549316406,140.0800018310547,141.97999572753906,250132900,2024-11-15
NVDA,2024-11-18 14:30:00+00:00,139.5,141.5500030517578,137.14999389648438,140.14999389648438,221205300,2024-11-18
NVDA,2024-11-19 14:30:00+00:00,141.32000732421875,147.1300048828125,140.99000549316406,147.00999450683594,227834900,2024-11-19
NVDA,2024-11-20 14:30:00+00:00,147.41000366210938,147.55999755859375,142.72999572753906,145.88999938964844,309871700,2024-11-20
NVDA,2024-11-21 14:30:00+00:00,149.35000610351562,152.88999938964844,140.6999969482422,146.6699981689453,400946600,2024-11-21
NVDA,2024-11-22 14:30:00+00:00,145.92999267578125,147.16000366210938,141.10000610351562,141.9499969482422,236406200,2024-11-22
NVDA,2024-11-25 14:30:00+00:00,141.99000549316406,142.0500030517578,135.82000732421875,136.02000427246094,344941900,2024-11-25
NVDA,2024-11-26 14:30:00+00:00,137.6999969482422,139.3000030517578,135.6699981689453,136.9199981689453,190287700,2024-11-26
NVDA,2024-11-27 14:30:00+00:00,135.00999450683594,137.22000122070312,131.8000030517578,135.33999633789062,226370900,2024-11-27
NVDA,2024-11-29 14:30:00+00:00,136.77999877929688,139.35000610351562,136.0500030517578,138.25,141863200,2024-11-29
NVDA,2024-12-02 14:30:00+00:00,138.8300018310547,140.4499969482422,137.82000732421875,138.6300048828125,171682800,2024-12-02
NVDA,2024-12-03 14:30:00+00:00,138.25999450683594,140.5399932861328,137.9499969482422,140.25999450683594,164414000,2024-12-03
NVDA,2024-12-04 14:30:00+00:00,142.0,145.7899932861328,140.2899932861328,145.13999938964844,231224300,2024-12-04
NVDA,2024-12-05 14:30:00+00:00,145.11000061035156,146.5399932861328,143.9499969482422,145.05999755859375,172621200,2024-12-05
NVDA,2024-12-06 14:30:00+00:00,144.60000610351562,145.6999969482422,141.30999755859375,142.44000244140625,188505600,2024-12-06
NVDA,2024-12-09 14:30:00+00:00,138.97000122070312,139.9499969482422,137.1300048828125,138.80999755859375,189308600,2024-12-09
NVDA,2024-12-10 14:30:00+00:00,139.00999450683594,141.82000732421875,133.7899932861328,135.07000732421875,210020900,2024-12-10
NVDA,2024-12-11 14:30:00+00:00,137.36000061035156,140.1699981689453,135.2100067138672,139.30999755859375,184905200,2024-12-11
NVDA,2024-12-12 14:30:00+00:00,137.0800018310547,138.44000244140625,135.8000030517578,137.33999633789062,159211400,2024-12-12
NVDA,2024-12-13 14:30:00+00:00,138.94000244140625,139.60000610351562,132.5399932861328,134.25,231514900,2024-12-13
NVDA,2024-12-16 14:30:00+00:00,134.17999267578125,134.39999389648438,130.4199981689453,132.0,237951100,2024-12-16
NVDA,2024-12-17 14:30:00+00:00,129.08999633789062,131.58999633789062,126.86000061035156,130.38999938964844,259410300,2024-12-17
NVDA,2024-12-18 14:30:00+00:00,133.86000061035156,136.6999969482422,128.27999877929688,128.91000366210938,277444500,2024-12-18
NVDA,2024-12-19 14:30:00+00:00,131.75999450683594,134.02999877929688,129.5500030517578,130.67999267578125,209719200,2024-12-19
NVDA,2024-12-20 14:30:00+00:00,129.80999755859375,135.27999877929688,128.22000122070312,134.6999969482422,306528600,2024-12-20
NVDA,2024-12-23 14:30:00+00:00,136.27999877929688,139.7899932861328,135.1199951171875,139.6699981689453,176053500,2024-12-23
NVDA,2024-12-24 14:30:00+00:00,140.0,141.89999389648438,138.64999389648438,140.22000122070312,105157000,2024-12-24
NVDA,2024-12-26 14:30:00+00:00,139.6999969482422,140.85000610351562,137.72999572753906,139.92999267578125,116205600,2024-12-26
NVDA,2024-12-27 14:30:00+00:00,138.5500030517578,139.02000427246094,134.7100067138672,137.00999450683594,170582600,2024-12-27
NVDA,2024-12-30 14:30:00+00:00,134.8300018310547,140.27000427246094,134.02000427246094,137.49000549316406,167734700,2024-12-30
NVDA,2024-12-31 14:30:00+00:00,138.02999877929688,138.07000732421875,133.8300018310547,134.2899932861328,155659200,2024-12-31
NVDA,2025-01-02 14:30:00+00:00,136.0,138.8800048828125,134.6300048828125,138.30999755859375,198247200,2025-01-02
NVDA,2025-01-03 14:30:00+00:00,140.00999450683594,144.89999389648438,139.72999572753906,144.47000122070312,229322500,2025-01-03
NVDA,2025-01-06 14:30:00+00:00,148.58999633789062,152.16000366210938,147.82000732421875,149.42999267578125,265377400,2025-01-06
NVDA,2025-01-07 14:30:00+00:00,153.02999877929688,153.1300048828125,140.00999450683594,140.13999938964844,351782200,2025-01-07
NVDA,2025-01-08 14:30:00+00:00,142.5800018310547,143.9499969482422,137.55999755859375,140.11000061035156,227349900,2025-01-08
NVDA,2025-01-10 14:30:00+00:00,137.4499969482422,139.9199981689453,134.22000122070312,135.91000366210938,207602500,2025-01-10
NVDA,2025-01-13 14:30:00+00:00,129.99000549316406,133.49000549316406,129.50999450683594,133.22999572753906,204808900,2025-01-13
NVDA,2025-01-14 14:30:00+00:00,136.0500030517578,136.3800048828125,130.0500030517578,131.75999450683594,195590500,2025-01-14
NVDA,2025-01-15 14:30:00+00:00,133.64999389648438,136.4499969482422,131.2899932861328,136.24000549316406,185217300,2025-01-15
NVDA,2025-01-16 14:30:00+00:00,138.63999938964844,138.75,133.49000549316406,133.57000732421875,209235600,2025-01-16
NVDA,2025-01-17 14:30:00+00:00,136.69000244140625,138.5,135.4600067138672,137.7100067138672,201188800,2025-01-17
NVDA,2025-01-21 14:30:00+00:00,139.16000366210938,141.8300018310547,137.08999633789062,140.8300018310547,197749000,2025-01-21
NVDA,2025-01-22 14:30:00+00:00,144.66000366210938,147.7899932861328,143.6699981689453,147.07000732421875,237651400,2025-01-22
NVDA,2025-01-23 14:30:00+00:00,145.0500030517578,147.22999572753906,143.72000122070312,147.22000122070312,155915500,2025-01-23
NVDA,2025-01-24 14:30:00+00:00,148.3699951171875,148.97000122070312,141.8800048828125,142.6199951171875,234657600,2025-01-24
NVDA,2025-01-27 14:30:00+00:00,124.80000305175781,128.39999389648438,116.69999694824219,118.41999816894531,818830900,2025-01-27
NVDA,2025-01-28 14:30:00+00:00,121.80999755859375,129.0,116.25,128.99000549316406,579666400,2025-01-28
NVDA,2025-01-29 14:30:00+00:00,126.5,126.88999938964844,120.05000305175781,123.69999694824219,467120600,2025-01-29
NVDA,2025-01-30 14:30:00+00:00,123.0999984741211,125.0,118.0999984741211,124.6500015258789,392925500,2025-01-30
NVDA,2025-01-31 14:30:00+00:00,123.77999877929688,127.8499984741211,119.19000244140625,120.06999969482422,388161100,2025-01-31
NVDA,2025-02-03 14:30:00+00:00,114.75,118.56999969482422,113.01000213623047,116.66000366210938,371235700,2025-02-03
NVDA,2025-02-04 14:30:00+00:00,116.95999908447266,121.19999694824219,116.69999694824219,118.6500015258789,256550000,2025-02-04
NVDA,2025-02-05 14:30:00+00:00,121.76000213623047,125.0,120.76000213623047,124.83000183105469,262230800,2025-02-05
NVDA,2025-02-06 14:30:00+00:00,127.41999816894531,128.77000427246094,125.20999908447266,128.67999267578125,251483600,2025-02-06
NVDA,2025-02-07 14:30:00+00:00,129.22000122070312,130.3699951171875,125.0,129.83999633789062,228186300,2025-02-07
NVDA,2025-02-10 14:30:00+00:00,130.08999633789062,135.0,129.9600067138672,133.57000732421875,216989100,2025-02-10
NVDA,2025-02-11 14:30:00+00:00,132.5800018310547,134.47999572753906,131.02000427246094,132.8000030517578,178902400,2025-02-11
NVDA,2025-02-12 14:30:00+00:00,130.02000427246094,132.24000549316406,129.0800018310547,131.13999938964844,160278600,2025-02-12
NVDA,2025-02-13 14:30:00+00:00,131.55999755859375,136.5,131.1699981689453,135.2899932861328,197430000,2025-02-13
NVDA,2025-02-14 14:30:00+00:00,136.47999572753906,139.25,135.5,138.85000610351562,195479600,2025-02-14
NVDA,2025-02-18 14:30:00+00:00,141.27000427246094,143.44000244140625,137.92999267578125,139.39999389648438,219176600,2025-02-18
NVDA,2025-02-19 14:30:00+00:00,139.50999450683594,141.36000061035156,137.22000122070312,139.22999572753906,167536000,2025-02-19
NVDA,2025-02-20 14:30:00+00:00,140.02999877929688,140.66000366210938,136.7899932861328,140.11000061035156,143903600,2025-02-20
NVDA,2025-02-21 14:30:00+00:00,140.0399932861328,141.4600067138672,134.02999877929688,134.42999267578125,228217600,2025-02-21
NVDA,2025-02-24 14:30:00+00:00,136.55999755859375,138.58999633789062,130.0800018310547,130.27999877929688,251381100,2025-02-24
NVDA,2025-02-25 14:30:00+00:00,129.97999572753906,130.1999969482422,124.44000244140625,126.62999725341797,271428700,2025-02-25
NVDA,2025-02-26 14:30:00+00:00,129.99000549316406,133.72999572753906,128.49000549316406,131.27999877929688,322553800,2025-02-26
NVDA,2025-02-27 14:30:00+00:00,135.0,135.00999450683594,120.01000213623047,120.1500015258789,443175800,2025-02-27
NVDA,2025-02-28 14:30:00+00:00,118.0199966430664,125.08999633789062,116.4000015258789,124.91999816894531,389091100,2025-02-28
NVDA,2025-03-03 14:30:00+00:00,123.51000213623047,123.69999694824219,112.27999877929688,114.05999755859375,411381400,2025-03-03
NVDA,2025-03-04 14:30:00+00:00,110.6500015258789,119.30999755859375,110.11000061035156,115.98999786376953,398163300,2025-03-04
NVDA,2025-03-05 14:30:00+00:00,117.58000183105469,118.27999877929688,114.51000213623047,117.30000305175781,284337900,2025-03-05
NVDA,2025-03-06 14:30:00+00:00,113.52999877929688,115.3499984741211,110.22000122070312,110.56999969482422,321181900,2025-03-06
NVDA,2025-03-07 14:30:00+00:00,111.25,113.4800033569336,107.55999755859375,112.69000244140625,341755500,2025-03-07
NVDA,2025-03-10 13:30:00+00:00,109.9000015258789,111.8499984741211,105.45999908447266,106.9800033569336,366487400,2025-03-10
NVDA,2025-03-11 13:30:00+00:00,106.98999786376953,112.23999786376953,104.7699966430664,108.76000213623047,354865700,2025-03-11
NVDA,2025-03-12 13:30:00+00:00,114.12000274658203,116.76000213623047,112.87999725341797,115.73999786376953,323857500,2025-03-12
NVDA,2025-03-13 13:30:00+00:00,117.02999877929688,117.76000213623047,113.79000091552734,115.58000183105469,299033100,2025-03-13
NVDA,2025-03-14 13:30:00+00:00,118.61000061035156,121.87999725341797,118.1500015258789,121.66999816894531,277593500,2025-03-14
NVDA,2025-03-17 13:30:00+00:00,122.73999786376953,122.88999938964844,118.02999877929688,119.52999877929688,255501500,2025-03-17
NVDA,2025-03-18 13:30:00+00:00,118.0,119.0199966430664,114.54000091552734,115.43000030517578,299686900,2025-03-18
NVDA,2025-03-19 13:30:00+00:00,117.2699966430664,120.44999694824219,115.68000030517578,117.5199966430664,273426200,2025-03-19
NVDA,2025-03-20 13:30:00+00:00,116.55000305175781,120.19999694824219,116.47000122070312,118.52999877929688,248829700,2025-03-20
NVDA,2025-03-21 13:30:00+00:00,116.94000244140625,117.98999786376953,115.41999816894531,117.69999694824219,266498500,2025-03-21
NVDA,2025-03-24 13:30:00+00:00,119.87999725341797,122.22000122070312,119.33999633789062,121.41000366210938,228452500,2025-03-24
NVDA,2025-03-25 13:30:00+00:00,120.55000305175781,121.29000091552734,118.91999816894531,120.69000244140625,167447200,2025-03-25
NVDA,2025-03-26 13:30:00+00:00,118.7300033569336,118.83999633789062,112.70999908447266,113.76000213623047,293463300,2025-03-26
NVDA,2025-03-27 13:30:00+00:00,111.3499984741211,114.44999694824219,110.66000366210938,111.43000030517578,236902100,2025-03-27
NVDA,2025-03-28 13:30:00+00:00,111.48999786376953,112.87000274658203,109.06999969482422,109.66999816894531,229872500,2025-03-28
NVDA,2025-03-31 13:30:00+00:00,105.12999725341797,110.95999908447266,103.6500015258789,108.37999725341797,299212700,2025-03-31
NVDA,2025-04-01 13:30:00+00:00,108.5199966430664,110.19999694824219,106.47000122070312,110.1500015258789,222614000,2025-04-01
NVDA,2025-04-02 13:30:00+00:00,107.29000091552734,111.9800033569336,106.79000091552734,110.41999816894531,220601200,2025-04-02
NVDA,2025-04-03 13:30:00+00:00,103.51000213623047,105.62999725341797,101.5999984741211,101.80000305175781,338769400,2025-04-03
NVDA,2025-04-04 13:30:00+00:00,98.91000366210938,100.12999725341797,92.11000061035156,94.30999755859375,532273800,2025-04-04
NVDA,2025-04-07 13:30:00+00:00,87.45999908447266,101.75,86.62000274658203,97.63999938964844,611041300,2025-04-07
NVDA,2025-04-08 13:30:00+00:00,103.80999755859375,105.8499984741211,94.45999908447266,96.30000305175781,476243400,2025-04-08
NVDA,2025-04-09 13:30:00+00:00,98.88999938964844,115.0999984741211,97.52999877929688,114.33000183105469,612918300,2025-04-09
NVDA,2025-04-10 13:30:00+00:00,109.37000274658203,110.86000061035156,99.1500015258789,107.56999969482422,437812400,2025-04-10
NVDA,2025-04-11 13:30:00+00:00,108.5,111.55000305175781,107.4800033569336,110.93000030517578,313417300,2025-04-11
NVDA,2025-04-14 13:30:00+00:00,114.11000061035156,114.29000091552734,109.06999969482422,110.70999908447266,264705000,2025-04-14
NVDA,2025-04-15 13:30:00+00:00,110.97000122070312,113.62000274658203,110.5,112.19999694824219,228966900,2025-04-15
NVDA,2025-04-16 13:30:00+00:00,104.55000305175781,106.79000091552734,100.44999694824219,104.48999786376953,397016900,2025-04-16
NVDA,2025-04-17 13:30:00+00:00,104.44999694824219,104.47000122070312,100.05000305175781,101.48999786376953,292517500,2025-04-17
NVDA,2025-04-21 13:30:00+00:00,98.7699966430664,99.44000244140625,95.04000091552734,96.91000366210938,288501100,2025-04-21
NVDA,2025-04-22 13:30:00+00:00,98.77999877929688,99.80999755859375,97.27999877929688,98.88999938964844,241004800,2025-04-22
NVDA,2025-04-23 13:30:00+00:00,104.5199966430664,104.80000305175781,102.0199966430664,102.70999908447266,247526000,2025-04-23
NVDA,2025-04-24 13:30:00+00:00,103.4800033569336,106.54000091552734,103.11000061035156,106.43000030517578,220815000,2025-04-24
NVDA,2025-04-25 13:30:00+00:00,106.8499984741211,111.91999816894531,105.7300033569336,111.01000213623047,251064700,2025-04-25
NVDA,2025-04-28 13:30:00+00:00,109.69000244140625,110.37000274658203,106.0199966430664,108.7300033569336,207708500,2025-04-28
NVDA,2025-04-29 13:30:00+00:00,107.66999816894531,110.19999694824219,107.44000244140625,109.0199966430664,170444300,2025-04-29
NVDA,2025-04-30 13:30:00+00:00,104.47000122070312,108.91999816894531,104.08000183105469,108.91999816894531,235044600,2025-04-30
NVDA,2025-05-01 13:30:00+00:00,113.08000183105469,114.94000244140625,111.30000305175781,111.61000061035156,236121500,2025-05-01
NVDA,2025-05-02 13:30:00+00:00,114.18000030517578,115.4000015258789,113.37000274658203,114.5,190194800,2025-05-02
NVDA,2025-05-05 13:30:00+00:00,112.91000366210938,114.66999816894531,112.66000366210938,113.81999969482422,133163200,2025-05-05
NVDA,2025-05-06 13:30:00+00:00,111.4800033569336,114.73999786376953,110.81999969482422,113.54000091552734,158525600,2025-05-06
NVDA,2025-05-07 13:30:00+00:00,113.05000305175781,117.68000030517578,112.27999877929688,117.05999755859375,206758800,2025-05-07
NVDA,2025-05-08 13:30:00+00:00,118.25,118.68000030517578,115.8499984741211,117.37000274658203,198428100,2025-05-08
NVDA,2025-05-09 13:30:00+00:00,117.3499984741211,118.2300033569336,115.20999908447266,116.6500015258789,132972200,2025-05-09
NVDA,2025-05-12 13:30:00+00:00,121.97000122070312,123.0,120.27999877929688,123.0,225023300,2025-05-12
NVDA,2025-05-13 13:30:00+00:00,124.9800033569336,131.22000122070312,124.47000122070312,129.92999267578125,330430100,2025-05-13
NVDA,2025-05-14 13:30:00+00:00,133.1999969482422,135.44000244140625,131.67999267578125,135.33999633789062,281180800,2025-05-14
NVDA,2025-05-15 13:30:00+00:00,134.2899932861328,136.3000030517578,132.66000366210938,134.8300018310547,226632600,2025-05-15
NVDA,2025-05-16 13:30:00+00:00,136.22000122070312,136.35000610351562,133.4600067138672,135.39999389648438,226542500,2025-05-16
NVDA,2025-05-19 13:30:00+00:00,132.38999938964844,135.8699951171875,132.38999938964844,135.57000732421875,193154600,2025-05-19
NVDA,2025-05-20 13:30:00+00:00,134.2899932861328,134.5800018310547,132.6199951171875,134.3800048828125,161514200,2025-05-20
NVDA,2025-05-21 13:30:00+00:00,133.05999755859375,137.39999389648438,130.58999633789062,131.8000030517578,270608700,2025-05-21
NVDA,2025-05-22 13:30:00+00:00,132.22999572753906,134.25,131.5500030517578,132.8300018310547,187344000,2025-05-22
NVDA,2025-05-23 13:30:00+00:00,130.0,132.67999267578125,129.16000366210938,131.2899932861328,198821300,2025-05-23
NVDA,2025-05-27 13:30:00+00:00,134.14999389648438,135.66000366210938,133.30999755859375,135.5,192953600,2025-05-27
NVDA,2025-05-28 13:30:00+00:00,136.02999877929688,137.25,134.7899932861328,134.80999755859375,304021100,2025-05-28
NVDA,2025-05-29 13:30:00+00:00,142.25,143.49000549316406,137.91000366210938,139.19000244140625,369241900,2025-05-29
NVDA,2025-05-30 13:30:00+00:00,138.72000122070312,139.6199951171875,132.9199981689453,135.1300048828125,333170900,2025-05-30
NVDA,2025-06-02 13:30:00+00:00,135.49000549316406,138.1199951171875,135.39999389648438,137.3800048828125,197663100,2025-06-02
NVDA,2025-06-03 13:30:00+00:00,138.77999877929688,142.0,137.9499969482422,141.22000122070312,225578800,2025-06-03
NVDA,2025-06-04 13:30:00+00:00,142.19000244140625,142.38999938964844,139.5399932861328,141.9199981689453,167120800,2025-06-04
NVDA,2025-06-05 13:30:00+00:00,142.1699981689453,144.0,138.8300018310547,139.99000549316406,231397900,2025-06-05
NVDA,2025-06-06 13:30:00+00:00,142.50999450683594,143.27000427246094,141.50999450683594,141.72000122070312,153986200,2025-06-06
NVDA,2025-06-09 13:30:00+00:00,143.19000244140625,145.0,141.94000244140625,142.6300048828125,185114500,2025-06-09
NVDA,2025-06-10 13:30:00+00:00,142.69000244140625,144.2899932861328,141.52999877929688,143.9600067138672,155881900,2025-06-10
NVDA,2025-06-11 13:30:00+00:00,144.61000061035156,144.99000549316406,141.8699951171875,142.8300018310547,167694000,2025-06-11
NVDA,2025-06-12 13:30:00+00:00,141.97000122070312,145.0,141.85000610351562,145.0,162365000,2025-06-12
NVDA,2025-06-13 13:30:00+00:00,142.47999572753906,143.5800018310547,140.85000610351562,141.97000122070312,180820600,2025-06-13
NVDA,2025-06-16 13:30:00+00:00,143.35000610351562,146.17999267578125,143.1999969482422,144.69000244140625,183133700,2025-06-16
NVDA,2025-06-17 13:30:00+00:00,144.49000549316406,145.22000122070312,143.77999877929688,144.1199951171875,139108000,2025-06-17
NVDA,2025-06-18 13:30:00+00:00,144.00999450683594,145.64999389648438,143.1199951171875,145.47999572753906,161494100,2025-06-18
NVDA,2025-06-20 13:30:00+00:00,145.4499969482422,146.1999969482422,142.64999389648438,143.85000610351562,242956200,2025-06-20
NVDA,2025-06-23 13:30:00+00:00,142.5,144.77999877929688,142.02999877929688,144.1699981689453,154308900,2025-06-23
NVDA,2025-06-24 13:30:00+00:00,145.55999755859375,147.9600067138672,145.5,147.89999389648438,187566100,2025-06-24
NVDA,2025-06-25 13:30:00+00:00,149.27000427246094,154.4499969482422,149.25999450683594,154.30999755859375,269146500,2025-06-25
NVDA,2025-06-26 13:30:00+00:00,155.97999572753906,156.72000122070312,154.0,155.02000427246094,198145700,2025-06-26
NVDA,2025-06-27 13:30:00+00:00,156.0399932861328,158.7100067138672,155.25999450683594,157.75,263234500,2025-06-27
NVDA,2025-06-30 13:30:00+00:00,158.39999389648438,158.66000366210938,155.9600067138672,157.99000549316406,194580300,2025-06-30
NVDA,2025-07-01 13:30:00+00:00,156.2899932861328,157.1999969482422,151.49000549316406,153.3000030517578,213143600,2025-07-01
NVDA,2025-07-02 13:30:00+00:00,152.97999572753906,157.60000610351562,152.97000122070312,157.25,171224100,2025-07-02
NVDA,2025-07-03 13:30:00+00:00,158.3699951171875,160.97999572753906,157.77000427246094,159.33999633789062,143716100,2025-07-03
NVDA,2025-07-07 13:30:00+00:00,158.1999969482422,159.30999755859375,157.33999633789062,158.24000549316406,140139000,2025-07-07
NVDA,2025-07-08 13:30:00+00:00,159.3300018310547,160.22000122070312,158.38999938964844,160.0,138133000,2025-07-08
NVDA,2025-07-09 13:30:00+00:00,161.22000122070312,164.4199981689453,161.16000366210938,162.8800048828125,183656400,2025-07-09
NVDA,2025-07-10 13:30:00+00:00,164.32000732421875,164.5,161.61000061035156,164.10000610351562,167704100,2025-07-10
NVDA,2025-07-11 13:30:00+00:00,163.72000122070312,167.88999938964844,163.47000122070312,164.9199981689453,193633300,2025-07-11
NVDA,2025-07-14 13:30:00+00:00,165.3699951171875,165.49000549316406,162.02000427246094,164.07000732421875,136975800,2025-07-14
NVDA,2025-07-15 13:30:00+00:00,171.19000244140625,172.39999389648438,169.1999969482422,170.6999969482422,230627400,2025-07-15
NVDA,2025-07-16 13:30:00+00:00,171.05999755859375,171.75,168.89999389648438,171.3699951171875,158831500,2025-07-16
NVDA,2025-07-17 13:30:00+00:00,172.02000427246094,174.16000366210938,170.8300018310547,173.0,160841100,2025-07-17
NVDA,2025-07-18 13:30:00+00:00,173.63999938964844,174.25,171.25999450683594,172.41000366210938,146456400,2025-07-18
NVDA,2025-07-21 13:30:00+00:00,172.75,173.3800048828125,171.0,171.3800048828125,123126100,2025-07-21
NVDA,2025-07-22 13:30:00+00:00,171.33999633789062,171.38999938964844,164.5800018310547,167.02999877929688,193114300,2025-07-22
NVDA,2025-07-23 13:30:00+00:00,169.52999877929688,171.25999450683594,167.97000122070312,170.77999877929688,154082200,2025-07-23
NVDA,2025-07-24 13:30:00+00:00,172.44000244140625,173.8300018310547,171.3000030517578,173.74000549316406,128984600,2025-07-24
NVDA,2025-07-25 13:30:00+00:00,173.61000061035156,174.72000122070312,172.9600067138672,173.5,122316800,2025-07-25
NVDA,2025-07-28 13:30:00+00:00,174.02000427246094,177.0,173.97000122070312,176.75,140023500,2025-07-28
NVDA,2025-07-29 13:30:00+00:00,177.9600067138672,179.3800048828125,175.02000427246094,175.50999450683594,154077500,2025-07-29
NVDA,2025-07-30 13:30:00+00:00,176.50999450683594,179.88999938964844,176.0399932861328,179.27000427246094,174312200,2025-07-30
NVDA,2025-07-31 13:30:00+00:00,182.89999389648438,183.3000030517578,175.92999267578125,177.8699951171875,221685400,2025-07-31
NVDA,2025-08-01 13:30:00+00:00,174.08999633789062,176.5399932861328,170.88999938964844,173.72000122070312,204529000,2025-08-01
NVDA,2025-08-04 13:30:00+00:00,175.16000366210938,180.1999969482422,174.52000427246094,180.0,148174600,2025-08-04
NVDA,2025-08-05 13:30:00+00:00,179.6199951171875,180.25999450683594,175.89999389648438,178.25999450683594,156407600,2025-08-05
NVDA,2025-08-06 13:30:00+00:00,176.3300018310547,179.89999389648438,176.25,179.4199981689453,137192300,2025-08-06
NVDA,2025-08-07 13:30:00+00:00,181.57000732421875,183.8800048828125,178.8000030517578,180.77000427246094,151878400,2025-08-07
NVDA,2025-08-08 13:30:00+00:00,181.5500030517578,183.3000030517578,180.39999389648438,182.6999969482422,123396700,2025-08-08
NVDA,2025-08-11 13:30:00+00:00,182.0500030517578,183.83999633789062,180.25,182.05999755859375,138323200,2025-08-11
NVDA,2025-08-12 13:30:00+00:00,182.9600067138672,184.47999572753906,179.4600067138672,183.16000366210938,145485700,2025-08-12
NVDA,2025-08-13 13:30:00+00:00,182.6199951171875,183.97000122070312,179.35000610351562,181.58999633789062,179871700,2025-08-13
NVDA,2025-08-14 13:30:00+00:00,179.75,183.02000427246094,179.4600067138672,182.02000427246094,129554000,2025-08-14
NVDA,2025-08-15 13:30:00+00:00,181.8800048828125,181.89999389648438,178.0399932861328,180.4499969482422,156602200,2025-08-15
NVDA,2025-08-18 13:30:00+00:00,180.60000610351562,182.94000244140625,180.58999633789062,182.00999450683594,132008000,2025-08-18
NVDA,2025-08-19 13:30:00+00:00,182.42999267578125,182.5,175.49000549316406,175.63999938964844,185229200,2025-08-19
NVDA,2025-08-20 13:30:00+00:00,175.1699981689453,176.0,168.8000030517578,175.39999389648438,215142700,2025-08-20
NVDA,2025-08-21 13:30:00+00:00,174.85000610351562,176.89999389648438,173.80999755859375,174.97999572753906,140040900,2025-08-21
NVDA,2025-08-22 13:30:00+00:00,172.61000061035156,178.58999633789062,171.1999969482422,177.99000549316406,172789400,2025-08-22
NVDA,2025-08-25 13:30:00+00:00,178.35000610351562,181.91000366210938,176.57000732421875,179.80999755859375,163012800,2025-08-25
NVDA,2025-08-26 13:30:00+00:00,180.05999755859375,182.38999938964844,178.80999755859375,181.77000427246094,168688200,2025-08-26
NVDA,2025-08-27 13:30:00+00:00,181.97999572753906,182.49000549316406,179.10000610351562,181.60000610351562,235518900,2025-08-27
NVDA,2025-08-28 13:30:00+00:00,180.82000732421875,184.47000122070312,176.41000366210938,180.1699981689453,281787800,2025-08-28
NVDA,2025-08-29 13:30:00+00:00,178.11000061035156,178.14999389648438,173.14999389648438,174.17999267578125,243257900,2025-08-29
NVDA,2025-09-02 13:30:00+00:00,170.0,172.3800048828125,167.22000122070312,170.77999877929688,231164900,2025-09-02
NVDA,2025-09-03 13:30:00+00:00,171.05999755859375,172.41000366210938,168.8800048828125,170.6199951171875,164424900,2025-09-03
NVDA,2025-09-04 13:30:00+00:00,170.57000732421875,171.86000061035156,169.41000366210938,171.66000366210938,141670100,2025-09-04
NVDA,2025-09-05 13:30:00+00:00,168.02999877929688,169.02999877929688,164.07000732421875,167.02000427246094,224441400,2025-09-05
NVDA,2025-09-08 13:30:00+00:00,167.5500030517578,170.9600067138672,167.35000610351562,168.30999755859375,163769100,2025-09-08
NVDA,2025-09-09 13:30:00+00:00,169.08999633789062,170.97999572753906,166.74000549316406,170.75999450683594,157548400,2025-09-09
NVDA,2025-09-10 13:30:00+00:00,176.63999938964844,179.2899932861328,175.47000122070312,177.3300018310547,226852000,2025-09-10
NVDA,2025-09-11 13:30:00+00:00,179.67999267578125,180.27999877929688,176.47999572753906,177.1699981689453,151159300,2025-09-11
NVDA,2025-09-12 13:30:00+00:00,177.77000427246094,178.60000610351562,176.4499969482422,177.82000732421875,124911000,2025-09-12
NVDA,2025-09-15 13:30:00+00:00,175.6699981689453,178.85000610351562,174.50999450683594,177.75,147061600,2025-09-15
NVDA,2025-09-16 13:30:00+00:00,177.0,177.5,174.3800048828125,174.8800048828125,140737800,2025-09-16
NVDA,2025-09-17 13:30:00+00:00,172.63999938964844,173.1999969482422,168.41000366210938,170.2899932861328,211843800,2025-09-17
NVDA,2025-09-18 13:30:00+00:00,173.97999572753906,177.10000610351562,172.9600067138672,176.24000549316406,191763300,2025-09-18
NVDA,2025-09-19 13:30:00+00:00,175.77000427246094,178.0800018310547,175.17999267578125,176.6699981689453,237182100,2025-09-19
NVDA,2025-09-22 13:30:00+00:00,175.3000030517578,184.5500030517578,174.7100067138672,183.61000061035156,269637000,2025-09-22
NVDA,2025-09-23 13:30:00+00:00,181.97000122070312,182.4199981689453,176.2100067138672,178.42999267578125,192559600,2025-09-23
NVDA,2025-09-24 13:30:00+00:00,179.77000427246094,179.77999877929688,175.39999389648438,176.97000122070312,143564100,2025-09-24
NVDA,2025-09-25 13:30:00+00:00,174.47999572753906,180.25999450683594,173.1300048828125,177.69000244140625,191586700,2025-09-25
NVDA,2025-09-26 13:30:00+00:00,178.1699981689453,179.77000427246094,174.92999267578125,178.19000244140625,148573700,2025-09-26
NVDA,2025-09-29 13:30:00+00:00,180.42999267578125,184.0,180.32000732421875,181.85000610351562,193063500,2025-09-29
NVDA,2025-09-30 13:30:00+00:00,182.0800018310547,187.35000610351562,181.47999572753906,186.5800018310547,236981000,2025-09-30
NVDA,2025-10-01 13:30:00+00:00,185.24000549316406,188.13999938964844,183.89999389648438,187.24000549316406,173844900,2025-10-01
NVDA,2025-10-02 13:30:00+00:00,189.60000610351562,191.0500030517578,188.05999755859375,188.88999938964844,136805800,2025-10-02
NVDA,2025-10-03 13:30:00+00:00,189.19000244140625,190.36000061035156,185.3800048828125,187.6199951171875,137596900,2025-10-03
NVDA,2025-10-06 13:30:00+00:00,185.5,187.22999572753906,183.3300018310547,185.5399932861328,157678100,2025-10-06
NVDA,2025-10-07 13:30:00+00:00,186.22999572753906,189.05999755859375,184.0,185.0399932861328,140088000,2025-10-07
NVDA,2025-10-08 13:30:00+00:00,186.57000732421875,189.60000610351562,186.5399932861328,189.11000061035156,130168900,2025-10-08
NVDA,2025-10-09 13:30:00+00:00,192.22999572753906,195.3000030517578,191.05999755859375,192.57000732421875,182997200,2025-10-09
NVDA,2025-10-10 13:30:00+00:00,193.50999450683594,195.6199951171875,182.0500030517578,183.16000366210938,268774400,2025-10-10
NVDA,2025-10-13 13:30:00+00:00,187.97000122070312,190.11000061035156,185.9600067138672,188.32000732421875,153482800,2025-10-13
NVDA,2025-10-14 13:30:00+00:00,184.77000427246094,184.8000030517578,179.6999969482422,180.02999877929688,205641400,2025-10-14
NVDA,2025-10-15 13:30:00+00:00,184.8000030517578,184.8699951171875,177.2899932861328,179.8300018310547,214450500,2025-10-15
NVDA,2025-10-16 13:30:00+00:00,182.22999572753906,183.27999877929688,179.77000427246094,181.80999755859375,179723300,2025-10-16
NVDA,2025-10-17 13:30:00+00:00,180.17999267578125,184.10000610351562,179.75,183.22000122070312,173135200,2025-10-17
NVDA,2025-10-20 13:30:00+00:00,183.1300048828125,185.1999969482422,181.72999572753906,182.63999938964844,128544700,2025-10-20
NVDA,2025-10-21 13:30:00+00:00,182.7899932861328,182.7899932861328,179.8000030517578,181.16000366210938,124240200,2025-10-21
NVDA,2025-10-22 13:30:00+00:00,181.13999938964844,183.44000244140625,176.75999450683594,180.27999877929688,162249600,2025-10-22
NVDA,2025-10-23 13:30:00+00:00,180.4199981689453,183.02999877929688,179.7899932861328,182.16000366210938,111363700,2025-10-23
NVDA,2025-10-24 13:30:00+00:00,183.83999633789062,187.47000122070312,183.5,186.25999450683594,131296700,2025-10-24
NVDA,2025-10-27 13:30:00+00:00,189.99000549316406,192.0,188.42999267578125,191.49000549316406,153452700,2025-10-27
NVDA,2025-10-28 13:30:00+00:00,193.0500030517578,203.14999389648438,191.91000366210938,201.02999877929688,297986200,2025-10-28
NVDA,2025-10-29 13:30:00+00:00,207.97999572753906,212.19000244140625,204.77999877929688,207.0399932861328,308829600,2025-10-29
NVDA,2025-10-30 13:30:00+00:00,205.14999389648438,206.16000366210938,201.41000366210938,202.88999938964844,178864400,2025-10-30
NVDA,2025-10-31 13:30:00+00:00,206.4499969482422,207.97000122070312,202.07000732421875,202.49000549316406,179802200,2025-10-31
NVDA,2025-11-03 14:30:00+00:00,208.0800018310547,211.33999633789062,205.55999755859375,206.8800048828125,180267300,2025-11-03
NVDA,2025-11-04 14:30:00+00:00,203.0,203.97000122070312,197.92999267578125,198.69000244140625,188919300,2025-11-04
NVDA,2025-11-05 14:30:00+00:00,198.77000427246094,202.9199981689453,194.64999389648438,195.2100067138672,171350300,2025-11-05
NVDA,2025-11-06 14:30:00+00:00,196.4199981689453,197.6199951171875,186.3800048828125,188.0800018310547,223029800,2025-11-06
NVDA,2025-11-07 14:30:00+00:00,184.89999389648438,188.32000732421875,178.91000366210938,188.14999389648438,264942300,2025-11-07
NVDA,2025-11-10 14:30:00+00:00,195.11000061035156,199.94000244140625,193.7899932861328,199.0500030517578,198897100,2025-11-10
NVDA,2025-11-11 14:30:00+00:00,195.16000366210938,195.4199981689453,191.3000030517578,193.16000366210938,176483300,2025-11-11
NVDA,2025-11-12 14:30:00+00:00,195.72000122070312,195.88999938964844,191.1300048828125,193.8000030517578,154935300,2025-11-12
NVDA,2025-11-13 14:30:00+00:00,191.0500030517578,191.44000244140625,183.85000610351562,186.86000061035156,207423100,2025-11-13
NVDA,2025-11-14 14:30:00+00:00,182.86000061035156,191.00999450683594,180.5800018310547,190.1699981689453,186591900,2025-11-14
NVDA,2025-11-17 14:30:00+00:00,185.97000122070312,189.0,184.32000732421875,186.60000610351562,173628900,2025-11-17
NVDA,2025-11-18 14:30:00+00:00,183.3800048828125,184.8000030517578,179.64999389648438,181.36000061035156,213598900,2025-11-18
NVDA,2025-11-19 14:30:00+00:00,184.7899932861328,187.86000061035156,182.8300018310547,186.52000427246094,247246400,2025-11-19
NVDA,2025-11-20 14:30:00+00:00,195.9499969482422,196.0,179.85000610351562,180.63999938964844,343504800,2025-11-20
NVDA,2025-11-21 14:30:00+00:00,181.24000549316406,184.55999755859375,172.92999267578125,178.8800048828125,346926200,2025-11-21
NVDA,2025-11-24 14:30:00+00:00,179.49000549316406,183.5,176.47999572753906,182.5500030517578,256618300,2025-11-24
NVDA,2025-11-25 14:30:00+00:00,174.91000366210938,178.16000366210938,169.5500030517578,177.82000732421875,320600300,2025-11-25
NVDA,2025-11-26 14:30:00+00:00,181.6300048828125,182.91000366210938,178.24000549316406,180.25999450683594,183852000,2025-11-26
NVDA,2025-11-28 14:30:00+00:00,179.00999450683594,179.2899932861328,176.5,177.0,121332800,2025-11-28
NVDA,2025-12-01 14:30:00+00:00,174.75999450683594,180.3000030517578,173.67999267578125,179.9199981689453,188131000,2025-12-01
NVDA,2025-12-02 14:30:00+00:00,181.75999450683594,185.66000366210938,180.0,181.4600067138672,182632200,2025-12-02
NVDA,2025-12-03 14:30:00+00:00,181.0800018310547,182.4499969482422,179.11000061035156,179.58999633789062,165138000,2025-12-03
NVDA,2025-12-04 14:30:00+00:00,181.6199951171875,184.52000427246094,179.9600067138672,183.3800048828125,167364900,2025-12-04
NVDA,2025-12-05 14:30:00+00:00,183.88999938964844,184.66000366210938,180.91000366210938,182.41000366210938,143971100,2025-12-05
NVDA,2025-12-08 14:30:00+00:00,182.63999938964844,188.0,182.39999389648438,185.5500030517578,204378100,2025-12-08
NVDA,2025-12-09 14:30:00+00:00,185.55999755859375,185.72000122070312,183.32000732421875,184.97000122070312,144719700,2025-12-09
NVDA,2025-12-10 14:30:00+00:00,184.97000122070312,185.47999572753906,182.0399932861328,183.77999877929688,162785400,2025-12-10
NVDA,2025-12-11 14:30:00+00:00,180.27999877929688,181.32000732421875,176.6199951171875,180.92999267578125,182136600,2025-12-11
NVDA,2025-12-12 14:30:00+00:00,181.11000061035156,182.82000732421875,174.6199951171875,175.02000427246094,204274900,2025-12-12
NVDA,2025-12-15 14:30:00+00:00,177.94000244140625,178.4199981689453,175.02999877929688,176.2899932861328,164775600,2025-12-15
NVDA,2025-12-16 14:30:00+00:00,176.25999450683594,178.49000549316406,174.89999389648438,177.72000122070312,148588100,2025-12-16
NVDA,2025-12-17 14:30:00+00:00,176.10000610351562,176.1300048828125,170.30999755859375,170.94000244140625,222775500,2025-12-17
NVDA,2025-12-18 14:30:00+00:00,174.52999877929688,176.14999389648438,171.82000732421875,174.13999938964844,176096000,2025-12-18
NVDA,2025-12-19 14:30:00+00:00,176.6699981689453,181.4499969482422,176.33999633789062,180.99000549316406,324925900,2025-12-19
NVDA,2025-12-22 14:30:00+00:00,183.9199981689453,184.16000366210938,182.35000610351562,183.69000244140625,129064400,2025-12-22
NVDA,2025-12-23 14:30:00+00:00,182.97000122070312,189.3300018310547,182.89999389648438,189.2100067138672,174873600,2025-12-23
NVDA,2025-12-24 14:30:00+00:00,187.94000244140625,188.91000366210938,186.58999633789062,188.61000061035156,65528500,2025-12-24
NVDA,2025-12-26 14:30:00+00:00,189.9199981689453,192.69000244140625,188.0,190.52999877929688,139740300,2025-12-26
NVDA,2025-12-29 14:30:00+00:00,187.7100067138672,188.75999450683594,185.91000366210938,188.22000122070312,120006100,2025-12-29
NVDA,2025-12-30 14:30:00+00:00,188.24000549316406,188.99000549316406,186.92999267578125,187.5399932861328,97687300,2025-12-30
NVDA,2025-12-31 14:30:00+00:00,189.57000732421875,190.55999755859375,186.49000549316406,186.5,120100500,2025-12-31
NVDA,2026-01-02 14:30:00+00:00,189.83999633789062,192.92999267578125,188.25999450683594,188.85000610351562,148240500,2026-01-02
NVDA,2026-01-05 14:30:00+00:00,191.75999450683594,193.6300048828125,186.14999389648438,188.1199951171875,183529700,2026-01-05
NVDA,2026-01-06 14:30:00+00:00,190.52000427246094,192.1699981689453,186.82000732421875,187.24000549316406,176862600,2026-01-06
NVDA,2026-01-07 14:30:00+00:00,188.57000732421875,191.3699951171875,186.55999755859375,189.11000061035156,153543200,2026-01-07
NVDA,2026-01-08 14:30:00+00:00,189.11000061035156,189.5500030517578,183.7100067138672,185.0399932861328,172457000,2026-01-08
NVDA,2026-01-09 14:30:00+00:00,185.0800018310547,186.33999633789062,183.6699981689453,184.86000061035156,131327500,2026-01-09
NVDA,2026-01-12 14:30:00+00:00,183.22000122070312,187.1199951171875,183.02000427246094,184.94000244140625,137968500,2026-01-12
NVDA,2026-01-13 14:30:00+00:00,185.0,188.11000061035156,183.39999389648438,185.80999755859375,160128900,2026-01-13
NVDA,2026-01-14 14:30:00+00:00,184.32000732421875,184.4600067138672,180.8000030517578,183.13999938964844,159586100,2026-01-14
NVDA,2026-01-15 14:30:00+00:00,186.5,189.6999969482422,186.3300018310547,187.0500030517578,206188600,2026-01-15
NVDA,2026-01-16 14:30:00+00:00,189.0800018310547,190.44000244140625,186.0800018310547,186.22999572753906,187967200,2026-01-16
NVDA,2026-01-20 14:30:00+00:00,181.89999389648438,182.3800048828125,177.61000061035156,178.07000732421875,223345300,2026-01-20
NVDA,2026-01-21 14:30:00+00:00,179.0500030517578,185.3800048828125,178.39999389648438,183.32000732421875,200381000,2026-01-21
NVDA,2026-01-22 14:30:00+00:00,184.75,186.1699981689453,183.92999267578125,184.83999633789062,139636600,2026-01-22
NVDA,2026-01-23 14:30:00+00:00,187.5,189.60000610351562,186.82000732421875,187.6699981689453,142748100,2026-01-23
NVDA,2026-01-26 14:30:00+00:00,187.16000366210938,189.1199951171875,185.99000549316406,186.47000122070312,124799600,2026-01-26
NVDA,2026-01-27 14:30:00+00:00,187.24000549316406,190.0,185.6999969482422,188.52000427246094,143711600,2026-01-27
NVDA,2026-01-28 14:30:00+00:00,191.27000427246094,192.35000610351562,189.83999633789062,191.52000427246094,148552700,2026-01-28
NVDA,2026-01-29 14:30:00+00:00,191.33999633789062,193.47999572753906,186.05999755859375,192.50999450683594,171764400,2026-01-29
NVDA,2026-01-30 14:30:00+00:00,191.2100067138672,194.49000549316406,189.47000122070312,191.1300048828125,179489500,2026-01-30
NVDA,2026-02-02 14:30:00+00:00,187.1999969482422,190.3000030517578,184.8800048828125,185.61000061035156,165794100,2026-02-02
NVDA,2026-02-03 14:30:00+00:00,186.24000549316406,186.27000427246094,176.22999572753906,180.33999633789062,204019600,2026-02-03
NVDA,2026-02-04 14:30:00+00:00,179.4600067138672,179.5800018310547,171.91000366210938,174.19000244140625,207014100,2026-02-04
NVDA,2026-02-05 14:30:00+00:00,174.92999267578125,176.82000732421875,171.02999877929688,171.8800048828125,206312900,2026-02-05
NVDA,2026-02-06 14:30:00+00:00,176.69000244140625,187.0,174.60000610351562,185.41000366210938,231346200,2026-02-06
NVDA,2026-02-09 14:30:00+00:00,184.25999450683594,193.66000366210938,183.9499969482422,190.0399932861328,196387400,2026-02-09
NVDA,2026-02-10 14:30:00+00:00,191.3800048828125,192.47999572753906,188.1199951171875,188.5399932861328,136764800,2026-02-10
NVDA,2026-02-11 14:30:00+00:00,192.4499969482422,193.25999450683594,188.77000427246094,190.0500030517578,144192700,2026-02-11
NVDA,2026-02-12 14:30:00+00:00,193.02999877929688,193.61000061035156,186.50999450683594,186.94000244140625,189932500,2026-02-12
NVDA,2026-02-13 14:30:00+00:00,187.47999572753906,187.5,181.58999633789062,182.80999755859375,161888000,2026-02-13
NVDA,2026-02-17 14:30:00+00:00,181.75,187.14999389648438,179.17999267578125,184.97000122070312,162276900,2026-02-17
NVDA,2026-02-18 14:30:00+00:00,188.75,190.3699951171875,186.75999450683594,187.97999572753906,164749100,2026-02-18
NVDA,2026-02-19 14:30:00+00:00,187.05999755859375,188.42999267578125,185.66000366210938,187.89999389648438,126554500,2026-02-19
NVDA,2026-02-20 14:30:00+00:00,186.57000732421875,190.3300018310547,185.94000244140625,189.82000732421875,178422300,2026-02-20
NVDA,2026-02-23 14:30:00+00:00,191.39999389648438,193.9499969482422,189.5800018310547,191.5500030517578,171584800,2026-02-23
NVDA,2026-02-24 14:30:00+00:00,191.49000549316406,193.77000427246094,187.39999389648438,192.85000610351562,175123600,2026-02-24
NVDA,2026-02-25 14:30:00+00:00,194.4499969482422,197.6300048828125,193.7899932861328,195.55999755859375,250637100,2026-02-25
NVDA,2026-02-26 14:30:00+00:00,194.27000427246094,194.2899932861328,184.32000732421875,184.88999938964844,360807900,2026-02-26
NVDA,2026-02-27 14:30:00+00:00,181.25,182.58999633789062,176.3800048828125,177.19000244140625,311636500,2026-02-27
NVDA,2026-03-02 14:30:00+00:00,175.00999450683594,183.4600067138672,174.63999938964844,182.47999572753906,209095300,2026-03-02
NVDA,2026-03-03 14:30:00+00:00,178.49000549316406,180.89999389648438,176.9199981689453,180.0500030517578,178099400,2026-03-03
NVDA,2026-03-04 14:30:00+00:00,180.44000244140625,184.6999969482422,180.05999755859375,183.0399932861328,177731200,2026-03-04
NVDA,2026-03-05 14:30:00+00:00,181.1699981689453,184.05999755859375,177.8800048828125,183.33999633789062,198779700,2026-03-05
NVDA,2026-03-06 14:30:00+00:00,179.83999633789062,182.75999450683594,176.82000732421875,177.82000732421875,189021900,2026-03-06
NVDA,2026-03-09 13:30:00+00:00,176.8300018310547,182.91000366210938,175.55999755859375,182.64999389648438,177213600,2026-03-09
NVDA,2026-03-10 13:30:00+00:00,182.39999389648438,186.44000244140625,182.00999450683594,184.77000427246094,179118500,2026-03-10
NVDA,2026-03-11 13:30:00+00:00,185.91000366210938,187.6199951171875,184.4499969482422,186.02999877929688,145280400,2026-03-11
NVDA,2026-03-12 13:30:00+00:00,184.0500030517578,184.94000244140625,181.75,183.13999938964844,155762700,2026-03-12
NVDA,2026-03-13 13:30:00+00:00,184.9199981689453,186.08999633789062,179.94000244140625,180.25,160988400,2026-03-13
NVDA,2026-03-16 13:30:00+00:00,182.97000122070312,188.8800048828125,181.41000366210938,183.22000122070312,217307400,2026-03-16
NVDA,2026-03-17 13:30:00+00:00,185.05999755859375,185.39999389648438,181.67999267578125,181.92999267578125,182497800,2026-03-17
NVDA,2026-03-18 13:30:00+00:00,182.47999572753906,183.3800048828125,180.3300018310547,180.39999389648438,156683100,2026-03-18
NVDA,2026-03-19 13:30:00+00:00,178.00999450683594,179.97999572753906,175.7899932861328,178.55999755859375,170968500,2026-03-19
NVDA,2026-03-20 13:30:00+00:00,178.0,178.25999450683594,171.72000122070312,172.6999969482422,241323500,2026-03-20
NVDA,2026-03-23 13:30:00+00:00,177.25999450683594,178.3699951171875,174.75999450683594,175.63999938964844,182836300,2026-03-23
NVDA,2026-03-24 13:30:00+00:00,174.8300018310547,176.22000122070312,173.97999572753906,175.1999969482422,147667800,2026-03-24
NVDA,2026-03-25 13:30:00+00:00,177.10000610351562,181.22000122070312,176.85000610351562,178.67999267578125,162602100,2026-03-25
NVDA,2026-03-26 13:30:00+00:00,176.07000732421875,176.50999450683594,171.13999938964844,171.24000549316406,186152200,2026-03-26
NVDA,2026-03-27 13:30:00+00:00,170.0,170.97000122070312,167.00999450683594,167.52000427246094,196212700,2026-03-27
NVDA,2026-03-30 13:30:00+00:00,168.77999877929688,169.4499969482422,164.27000427246094,165.1699981689453,185627000,2026-03-30
NVDA,2026-03-31 13:30:00+00:00,166.97000122070312,174.6199951171875,166.9600067138672,174.39999389648438,226181300,2026-03-31
NVDA,2026-04-01 13:30:00+00:00,176.0,177.3699951171875,174.75,175.75,168132000,2026-04-01
NVDA,2026-04-02 13:30:00+00:00,172.17999267578125,177.49000549316406,171.3699951171875,177.38999938964844,143143200,2026-04-02
NVDA,2026-04-06 13:30:00+00:00,177.16000366210938,177.7899932861328,175.75999450683594,177.63999938964844,107564300,2026-04-06
NVDA,2026-04-07 13:30:00+00:00,175.72999572753906,178.22999572753906,173.66000366210938,178.10000610351562,132534900,2026-04-07
NVDA,2026-04-08 13:30:00+00:00,184.5,185.25999450683594,180.3000030517578,182.0800018310547,147732700,2026-04-08
NVDA,2026-04-09 13:30:00+00:00,181.83999633789062,184.0800018310547,180.6199951171875,183.91000366210938,116428500,2026-04-09
NVDA,2026-04-10 13:30:00+00:00,184.30999755859375,190.0,184.3000030517578,188.6300048828125,160459500,2026-04-10
NVDA,2026-04-13 13:30:00+00:00,186.02999877929688,189.66000366210938,185.74000549316406,189.30999755859375,133648200,2026-04-13
NVDA,2026-04-14 13:30:00+00:00,190.83999633789062,196.50999450683594,190.77000427246094,196.50999450683594,161307000,2026-04-14
NVDA,2026-04-15 13:30:00+00:00,196.5399932861328,200.39999389648438,195.74000549316406,198.8699951171875,185338400,2026-04-15
NVDA,2026-04-16 13:30:00+00:00,197.42999267578125,199.85000610351562,195.80999755859375,198.35000610351562,134012900,2026-04-16
NVDA,2026-04-17 13:30:00+00:00,199.89999389648438,201.6999969482422,199.27000427246094,201.67999267578125,160324400,2026-04-17
NVDA,2026-04-20 13:30:00+00:00,199.97999572753906,202.1699981689453,197.83999633789062,202.05999755859375,119381400,2026-04-20
NVDA,2026-04-21 13:30:00+00:00,202.1300048828125,202.75,199.0,199.8800048828125,107945300,2026-04-21
NVDA,2026-04-22 13:30:00+00:00,200.99000549316406,202.5,199.0,202.5,107501000,2026-04-22
NVDA,2026-04-23 13:30:00+00:00,202.4600067138672,203.8300018310547,197.22000122070312,199.63999938964844,113561800,2026-04-23
NVDA,2026-04-24 13:30:00+00:00,199.9600067138672,210.9499969482422,199.80999755859375,208.27000427246094,214134400,2026-04-24
NVDA,2026-04-27 13:30:00+00:00,209.64999389648438,216.8300018310547,207.3800048828125,216.61000061035156,187172400,2026-04-27
NVDA,2026-04-28 13:30:00+00:00,209.49000549316406,214.72999572753906,208.1999969482422,213.1699981689453,180275400,2026-04-28
NVDA,2026-04-29 13:30:00+00:00,212.6999969482422,212.72000122070312,207.5800018310547,209.25,123711800,2026-04-29
NVDA,2026-04-30 13:30:00+00:00,209.92999267578125,210.3000030517578,198.6999969482422,199.57000732421875,225239200,2026-04-30
NVDA,2026-05-01 13:30:00+00:00,201.27999877929688,203.0,197.1199951171875,198.4499969482422,128647000,2026-05-01
NVDA,2026-05-04 13:30:00+00:00,199.5,201.72999572753906,194.74000549316406,198.47999572753906,125368100,2026-05-04
NVDA,2026-05-05 13:30:00+00:00,199.3000030517578,200.24000549316406,196.02999877929688,196.5,113406600,2026-05-05
NVDA,2026-05-06 13:30:00+00:00,199.88999938964844,208.27000427246094,198.61000061035156,207.8300018310547,188362800,2026-05-06
NVDA,2026-05-07 13:30:00+00:00,208.33999633789062,214.1999969482422,206.5,211.5,168307900,2026-05-07
NVDA,2026-05-08 13:30:00+00:00,213.02999877929688,217.8000030517578,212.88999938964844,215.1999969482422,136421400,2026-05-08
NVDA,2026-05-11 13:30:00+00:00,214.0399932861328,222.3000030517578,213.88999938964844,219.44000244140625,160685800,2026-05-11
NVDA,2026-05-12 13:30:00+00:00,218.5500030517578,223.75,214.9199981689453,220.77999877929688,159176600,2026-05-12
NVDA,2026-05-13 13:30:00+00:00,224.92999267578125,227.83999633789062,221.57000732421875,225.8300018310547,150405400,2026-05-13
NVDA,2026-05-14 13:30:00+00:00,229.85000610351562,236.5399932861328,229.3000030517578,235.74000549316406,180782900,2026-05-14
NVDA,2026-05-15 13:30:00+00:00,229.75999450683594,231.5,224.24000549316406,225.32000732421875,180977600,2026-05-15
NVDA,2026-05-18 13:30:00+00:00,229.8699951171875,230.0,218.3699951171875,222.32000732421875,146280900,2026-05-18
NVDA,2026-05-19 13:30:00+00:00,219.6199951171875,224.47999572753906,217.91000366210938,220.61000061035156,140948200,2026-05-19
NVDA,2026-05-20 13:30:00+00:00,223.17999267578125,226.1300048828125,220.5,223.47000122070312,184201600,2026-05-20
NVDA,2026-05-21 13:30:00+00:00,222.2899932861328,227.39999389648438,217.92999267578125,219.50999450683594,203381800,2026-05-21
NVDA,2026-05-22 13:30:00+00:00,220.89999389648438,221.00999450683594,214.8000030517578,215.3300018310547,169275700,2026-05-22
NVDA,2026-05-26 13:30:00+00:00,216.5399932861328,218.17999267578125,212.0,214.86000061035156,187202600,2026-05-26
NVDA,2026-05-27 13:30:00+00:00,214.1199951171875,214.14999389648438,208.77999877929688,212.60000610351562,167601200,2026-05-27
NVDA,2026-05-28 13:30:00+00:00,211.27999877929688,215.52000427246094,211.22000122070312,214.25,143996000,2026-05-28
NVDA,2026-05-29 13:30:00+00:00,214.5800018310547,217.86000061035156,211.1300048828125,211.13999938964844,289410600,2026-05-29
NVDA,2026-06-01 13:30:00+00:00,215.72999572753906,224.8699951171875,215.6999969482422,224.36000061035156,212850700,2026-06-01
NVDA,2026-06-02 13:30:00+00:00,227.17999267578125,232.27999877929688,221.35000610351562,222.82000732421875,193362900,2026-06-02
NVDA,2026-06-03 13:30:00+00:00,221.72000122070312,222.82000732421875,214.50999450683594,214.75,160907000,2026-06-03
NVDA,2026-06-04 13:30:00+00:00,213.91000366210938,221.60000610351562,210.97000122070312,218.66000366210938,169022200,2026-06-04
NVDA,2026-06-05 13:30:00+00:00,214.52999877929688,214.8699951171875,204.3300018310547,205.10000610351562,219655500,2026-06-05
NVDA,2026-06-08 13:30:00+00:00,210.17999267578125,210.47000122070312,206.0,208.63999938964844,138372800,2026-06-08
NVDA,2026-06-09 13:30:00+00:00,210.6199951171875,211.39999389648438,199.33999633789062,208.19000244140625,180962500,2026-06-09
NVDA,2026-06-10 13:30:00+00:00,204.42999267578125,207.22000122070312,199.9199981689453,200.4199981689453,161746600,2026-06-10
NVDA,2026-06-11 13:30:00+00:00,201.49000549316406,205.66000366210938,199.5399932861328,204.8699951171875,158643200,2026-06-11
NVDA,2026-06-12 13:30:00+00:00,204.86000061035156,207.07000732421875,203.44000244140625,205.19000244140625,112001800,2026-06-12
NVDA,2026-06-15 13:30:00+00:00,208.9199981689453,212.7100067138672,208.33999633789062,212.4499969482422,149936700,2026-06-15
NVDA,2026-06-16 13:30:00+00:00,211.17999267578125,211.49000549316406,207.2899932861328,207.41000366210938,125694100,2026-06-16
NVDA,2026-06-17 13:30:00+00:00,208.52999877929688,209.2100067138672,203.0800018310547,204.64999389648438,128363500,2026-06-17
NVDA,2026-06-18 13:30:00+00:00,207.3300018310547,211.38999938964844,206.5,210.69000244140625,241272000,2026-06-18
NVDA,2026-06-22 13:30:00+00:00,211.44000244140625,213.99000549316406,207.72000122070312,208.64999389648438,122041400,2026-06-22
NVDA,2026-06-23 13:30:00+00:00,202.1699981689453,203.77000427246094,200.0,200.0399932861328,153496200,2026-06-23
NVDA,2026-06-24 13:30:00+00:00,200.1199951171875,201.6699981689453,196.5800018310547,199.0,151810700,2026-06-24
NVDA,2026-06-25 13:30:00+00:00,200.0800018310547,200.8000030517578,192.1300048828125,195.74000549316406,149550000,2026-06-25
NVDA,2026-06-26 13:30:00+00:00,193.1199951171875,195.5500030517578,191.22000122070312,192.52999877929688,179304100,2026-06-26
NVDA,2026-06-29 13:30:00+00:00,193.85000610351562,196.17999267578125,189.8000030517578,194.97000122070312,148835700,2026-06-29
NVDA,2026-06-30 13:30:00+00:00,197.24000549316406,200.6300048828125,195.11000061035156,200.08999633789062,166476700,2026-06-30
NVDA,2026-07-01 13:30:00+00:00,196.1999969482422,199.85000610351562,193.4499969482422,197.5800018310547,146147600,2026-07-01
NVDA,2026-07-02 13:30:00+00:00,197.13999938964844,200.05999755859375,192.35000610351562,194.8300018310547,142068700,2026-07-02
NVDA,2026-07-06 13:30:00+00:00,194.4199981689453,197.5500030517578,193.99000549316406,195.5500030517578,108999000,2026-07-06
NVDA,2026-07-07 13:30:00+00:00,192.3699951171875,198.41000366210938,191.13999938964844,196.92999267578125,124154600,2026-07-07
NVDA,2026-07-08 13:30:00+00:00,195.17999267578125,205.16000366210938,195.05999755859375,204.1199951171875,147419100,2026-07-08
NVDA,2026-07-09 13:30:00+00:00,204.4600067138672,204.58999633789062,198.9600067138672,202.77999877929688,132037400,2026-07-09
NVDA,2026-07-10 13:30:00+00:00,202.0,211.0,201.9199981689453,210.9600067138672,148421000,2026-07-10
NVDA,2026-07-13 13:30:00+00:00,208.5399932861328,210.57000732421875,203.0,203.52999877929688,121411000,2026-07-13
NVDA,2026-07-14 13:30:00+00:00,208.1999969482422,212.5500030517578,203.8000030517578,211.8000030517578,124379600,2026-07-14
NVDA,2026-07-15 13:30:00+00:00,211.9600067138672,213.80999755859375,206.0399932861328,212.5,124797200,2026-07-15
NVDA,2026-07-16 13:30:00+00:00,210.1699981689453,211.0800018310547,205.85000610351562,207.39999389648438,122986100,2026-07-16
NVDA,2026-07-17 13:30:00+00:00,202.63999938964844,206.64999389648438,197.97000122070312,202.80999755859375,144281900,2026-07-17
NVDA,2026-07-20 13:30:00+00:00,205.8699951171875,207.74000549316406,202.27999877929688,203.27999877929688,88701500,2026-07-20
NVDA,2026-07-21 13:30:00+00:00,207.5399932861328,208.64999389648438,204.00999450683594,207.2899932861328,108685600,2026-07-21
NVDA,2026-07-22 13:30:00+00:00,205.80999755859375,214.38999938964844,204.9499969482422,212.05999755859375,137645600,2026-07-22
NVDA,2026-07-23 13:30:00+00:00,209.4600067138672,210.8699951171875,205.9600067138672,208.75999450683594,110505300,2026-07-23
NVDA,2026-07-24 13:30:00+00:00,207.4499969482422,211.91000366210938,204.80999755859375,206.83999633789062,114836800,2026-07-24
NVDA,2026-07-27 13:30:00+00:00,208.1999969482422,208.75,195.44000244140625,196.50999450683594,154353700,2026-07-27
NVDA,2026-07-28 13:30:00+00:00,195.0,198.6999969482422,192.74000549316406,197.00999450683594,134111500,2026-07-28
NVDA,2026-07-29 13:30:00+00:00,195.85000610351562,197.07000732421875,190.00999450683594,190.00999450683594,147680800,2026-07-29
NVDA,2026-07-30 13:30:00+00:00,193.4499969482422,197.25,191.52000427246094,195.0399932861328,129010200,2026-07-30
NVDA,2026-07-31 13:30:00+00:00,198.44000244140625,202.0,194.9499969482422,200.75,139961200,2026-07-31
NVDA,2026-08-03 13:30:00+00:00,197.69000244140625,208.74000549316406,196.85000610351562,206.63999938964844,128406900,2026-08-03
NVDA,2026-08-04 13:30:00+00:00,211.3000030517578,213.05999755859375,209.0500030517578,211.94000244140625,134922000,2026-08-04
NVDA,2026-08-05 13:30:00+00:00,216.86000061035156,222.22000122070312,216.39999389648438,219.22000122070312,158187400,2026-08-05
NVDA,2026-08-06 13:30:00+00:00,221.52999877929688,223.6300048828125,217.0,218.99000549316406,113940600,2026-08-06
NVDA,2026-08-07 13:30:00+00:00,221.5399932861328,224.75999450683594,220.66000366210938,223.9600067138672,105669400,2026-08-07
NVDA,2026-08-10 13:30:00+00:00,223.39999389648438,224.13999938964844,216.77000427246094,217.5500030517578,115846600,2026-08-10
NVDA,2026-08-11 13:30:00+00:00,222.1699981689453,222.1999969482422,216.1999969482422,217.5,101273100,2026-08-11
NVDA,2026-08-12 13:30:00+00:00,221.0399932861328,225.10000610351562,220.1999969482422,224.08999633789062,108783600,2026-08-12
NVDA,2026-08-13 13:30:00+00:00,225.05999755859375,227.22999572753906,223.7100067138672,225.3000030517578,98867200,2026-08-13
NVDA,2026-08-14 13:30:00+00:00,226.77000427246094,227.49000549316406,224.5,225.16000366210938,75680900,2026-08-14
NVDA,2026-08-17 13:30:00+00:00,225.97999572753906,227.9199981689453,224.86000061035156,225.00999450683594,93678700,2026-08-17
NVDA,2026-08-18 13:30:00+00:00,220.4499969482422,221.63999938964844,218.69000244140625,219.74000549316406,103128200,2026-08-18
NVDA,2026-08-19 13:30:00+00:00,221.6699981689453,222.8699951171875,216.75999450683594,217.55999755859375,96797300,2026-08-19
NVDA,2026-08-20 13:30:00+00:00,218.36000061035156,219.86000061035156,215.66000366210938,216.85000610351562,92457000,2026-08-20
NVDA,2026-08-21 13:30:00+00:00,218.4199981689453,218.74000549316406,214.5,214.72000122070312,98869300,2026-08-21
NVDA,2026-08-24 13:30:00+00:00,215.52999877929688,215.58999633789062,207.25,208.47999572753906,135187300,2026-08-24
NVDA,2026-08-25 13:30:00+00:00,211.02999877929688,214.72999572753906,210.11000061035156,213.0500030517578,122309000,2026-08-25
NVDA,2026-08-26 13:30:00+00:00,212.63999938964844,213.60000610351562,209.22999572753906,209.66000366210938,179900000,2026-08-26
NVDA,2026-08-27 13:30:00+00:00,222.86000061035156,230.47000122070312,220.89999389648438,227.97999572753906,298909800,2026-08-27
NVDA,2026-08-28 13:30:00+00:00,227.36000061035156,229.25999450683594,216.80999755859375,217.5500030517578,195116400,2026-08-28
NVDA,2026-08-31 13:30:00+00:00,218.8699951171875,221.3000030517578,216.2100067138672,220.77999877929688,124702700,2026-08-31
NVDA,2026-09-01 13:30:00+00:00,216.75,220.41000366210938,215.10000610351562,217.44000244140625,109756200,2026-09-01
NVDA,2026-09-02 13:30:00+00:00,218.7899932861328,227.9499969482422,218.47999572753906,224.41000366210938,157104700,2026-09-02
NVDA,2026-09-03 13:30:00+00:00,226.02000427246094,230.39999389648438,224.75,228.4499969482422,134681600,2026-09-03
NVDA,2026-09-04 13:30:00+00:00,231.08999633789062,234.75999450683594,229.6300048828125,230.36000061035156,135352400,2026-09-04
NVDA,2026-09-08 13:30:00+00:00,233.11000061035156,233.7100067138672,224.85000610351562,225.72999572753906,122965600,2026-09-08
NVDA,2026-09-09 13:30:00+00:00,225.27999877929688,226.17999267578125,223.4600067138672,223.6699981689453,82955500,2026-09-09
NVDA,2026-09-10 13:30:00+00:00,220.52999877929688,220.99000549316406,217.1999969482422,218.36000061035156,105768000,2026-09-10
NVDA,2026-09-11 13:30:00+00:00,221.24000549316406,222.0,218.14999389648438,218.2899932861328,89060100,2026-09-11
NVDA,2026-09-14 13:30:00+00:00,211.24000549316406,212.77000427246094,208.92999267578125,210.9600067138672,132267200,2026-09-14
NVDA,2026-09-15 13:30:00+00:00,213.3800048828125,213.94000244140625,211.16000366210938,212.1699981689453,88059700,2026-09-15
NVDA,2026-09-16 13:30:00+00:00,214.13999938964844,216.75999450683594,212.5,213.89999389648438,96563600,2026-09-16
NVDA,2026-09-17 13:30:00+00:00,218.3800048828125,219.91000366210938,217.14999389648438,219.33999633789062,94191300,2026-09-17
NVDA,2026-09-18 13:30:00+00:00,219.35000610351562,222.72999572753906,218.02999877929688,222.27000427246094,190287400,2026-09-18
NVDA,2026-09-21 13:30:00+00:00,222.94000244140625,228.5,221.55999755859375,227.3800048828125,109806100,2026-09-21
NVDA,2026-09-22 13:30:00+00:00,226.85000610351562,229.97999572753906,226.5,228.8699951171875,95746700,2026-09-22
NVDA,2026-09-23 13:30:00+00:00,228.02999877929688,228.9499969482422,224.02000427246094,225.50999450683594,89547300,2026-09-23
NVDA,2026-09-24 13:30:00+00:00,222.0800018310547,224.94000244140625,221.08999633789062,224.5800018310547,77469900,2026-09-24
NVDA,2026-09-25 13:30:00+00:00,225.1300048828125,226.94000244140625,223.1300048828125,225.07000732421875,89947700,2026-09-25
NVDA,2026-09-28 13:30:00+00:00,229.75,233.2100067138672,228.0399932861328,228.86000061035156,142344300,2026-09-28
NVDA,2026-09-29 13:30:00+00:00,230.97000122070312,232.82000732421875,227.02999877929688,227.2100067138672,101494900,2026-09-29
NVDA,2026-09-30 13:30:00+00:00,229.27000427246094,232.3699951171875,228.1699981689453,228.3800048828125,121732200,2026-09-30
NVDA,2026-10-01 13:30:00+00:00,229.97999572753906,232.2899932861328,228.16000366210938,230.86000061035156,98591400,2026-10-01
NVDA,2026-10-02 13:30:00+00:00,236.05999755859375,237.8800048828125,233.60000610351562,233.9499969482422,134914600,2026-10-02
AAPL,2024-10-03 13:30:00+00:00,225.13999938964844,226.80999755859375,223.32000732421875,225.6699981689453,34044200,2024-10-03
AAPL,2024-10-04 13:30:00+00:00,227.89999389648438,228.0,224.1300048828125,226.8000030517578,37245100,2024-10-04
AAPL,2024-10-07 13:30:00+00:00,224.5,225.69000244140625,221.3300018310547,221.69000244140625,39505400,2024-10-07
AAPL,2024-10-08 13:30:00+00:00,224.3000030517578,225.97999572753906,223.25,225.77000427246094,31855700,2024-10-08
AAPL,2024-10-09 13:30:00+00:00,225.22999572753906,229.75,224.8300018310547,229.5399932861328,33591100,2024-10-09
AAPL,2024-10-10 13:30:00+00:00,227.77999877929688,229.5,227.1699981689453,229.0399932861328,28183500,2024-10-10
AAPL,2024-10-11 13:30:00+00:00,229.3000030517578,229.41000366210938,227.33999633789062,227.5500030517578,31759200,2024-10-11
AAPL,2024-10-14 13:30:00+00:00,228.6999969482422,231.72999572753906,228.60000610351562,231.3000030517578,39882100,2024-10-14
AAPL,2024-10-15 13:30:00+00:00,233.61000061035156,237.49000549316406,232.3699951171875,233.85000610351562,64751400,2024-10-15
AAPL,2024-10-16 13:30:00+00:00,231.60000610351562,232.1199951171875,229.83999633789062,231.77999877929688,34082200,2024-10-16
AAPL,2024-10-17 13:30:00+00:00,233.42999267578125,233.85000610351562,230.52000427246094,232.14999389648438,32993800,2024-10-17
AAPL,2024-10-18 13:30:00+00:00,236.17999267578125,236.17999267578125,234.00999450683594,235.0,46431500,2024-10-18
AAPL,2024-10-21 13:30:00+00:00,234.4499969482422,236.85000610351562,234.4499969482422,236.47999572753906,36254500,2024-10-21
AAPL,2024-10-22 13:30:00+00:00,233.88999938964844,236.22000122070312,232.60000610351562,235.86000061035156,38846600,2024-10-22
AAPL,2024-10-23 13:30:00+00:00,234.0800018310547,235.13999938964844,227.75999450683594,230.75999450683594,52287000,2024-10-23
AAPL,2024-10-24 13:30:00+00:00,229.97999572753906,230.82000732421875,228.41000366210938,230.57000732421875,31109500,2024-10-24
AAPL,2024-10-25 13:30:00+00:00,229.74000549316406,233.22000122070312,229.57000732421875,231.41000366210938,38802300,2024-10-25
AAPL,2024-10-28 13:30:00+00:00,233.32000732421875,234.72999572753906,232.5500030517578,233.39999389648438,36087100,2024-10-28
AAPL,2024-10-29 13:30:00+00:00,233.10000610351562,234.3300018310547,232.32000732421875,233.6699981689453,35417200,2024-10-29
AAPL,2024-10-30 13:30:00+00:00,232.61000061035156,233.47000122070312,229.5500030517578,230.10000610351562,47070900,2024-10-30
AAPL,2024-10-31 13:30:00+00:00,229.33999633789062,229.8300018310547,225.3699951171875,225.91000366210938,64370100,2024-10-31
AAPL,2024-11-01 13:30:00+00:00,220.97000122070312,225.35000610351562,220.27000427246094,222.91000366210938,65276700,2024-11-01
AAPL,2024-11-04 14:30:00+00:00,220.99000549316406,222.7899932861328,219.7100067138672,222.00999450683594,44944500,2024-11-04
AAPL,2024-11-05 14:30:00+00:00,221.8000030517578,223.9499969482422,221.13999938964844,223.4499969482422,28111300,2024-11-05
AAPL,2024-11-06 14:30:00+00:00,222.61000061035156,226.07000732421875,221.19000244140625,222.72000122070312,54561100,2024-11-06
AAPL,2024-11-07 14:30:00+00:00,224.6300048828125,227.8800048828125,224.57000732421875,227.47999572753906,42137700,2024-11-07
AAPL,2024-11-08 14:30:00+00:00,227.1699981689453,228.66000366210938,226.41000366210938,226.9600067138672,38328800,2024-11-08
AAPL,2024-11-11 14:30:00+00:00,225.0,225.6999969482422,221.5,224.22999572753906,42005600,2024-11-11
AAPL,2024-11-12 14:30:00+00:00,224.5500030517578,225.58999633789062,223.36000061035156,224.22999572753906,40398300,2024-11-12
AAPL,2024-11-13 14:30:00+00:00,224.00999450683594,226.64999389648438,222.75999450683594,225.1199951171875,48566200,2024-11-13
AAPL,2024-11-14 14:30:00+00:00,225.02000427246094,228.8699951171875,225.0,228.22000122070312,44923900,2024-11-14
AAPL,2024-11-15 14:30:00+00:00,226.39999389648438,226.9199981689453,224.27000427246094,225.0,47923700,2024-11-15
AAPL,2024-11-18 14:30:00+00:00,225.25,229.74000549316406,225.1699981689453,228.02000427246094,44633700,2024-11-18
AAPL,2024-11-19 14:30:00+00:00,226.97999572753906,230.16000366210938,226.66000366210938,228.27999877929688,36211800,2024-11-19
AAPL,2024-11-20 14:30:00+00:00,228.05999755859375,229.92999267578125,225.88999938964844,229.0,35169600,2024-11-20
AAPL,2024-11-21 14:30:00+00:00,228.8800048828125,230.16000366210938,225.7100067138672,228.52000427246094,42108300,2024-11-21
AAPL,2024-11-22 14:30:00+00:00,228.05999755859375,230.72000122070312,228.05999755859375,229.8699951171875,38168300,2024-11-22
AAPL,2024-11-25 14:30:00+00:00,231.4600067138672,233.25,229.74000549316406,232.8699951171875,90152800,2024-11-25
AAPL,2024-11-26 14:30:00+00:00,233.3300018310547,235.57000732421875,233.3300018310547,235.05999755859375,45986200,2024-11-26
AAPL,2024-11-27 14:30:00+00:00,234.47000122070312,235.69000244140625,233.80999755859375,234.92999267578125,33498400,2024-11-27
AAPL,2024-11-29 14:30:00+00:00,234.80999755859375,237.80999755859375,233.97000122070312,237.3300018310547,28481400,2024-11-29
AAPL,2024-12-02 14:30:00+00:00,237.27000427246094,240.7899932861328,237.16000366210938,239.58999633789062,48137100,2024-12-02
AAPL,2024-12-03 14:30:00+00:00,239.80999755859375,242.75999450683594,238.89999389648438,242.64999389648438,38861000,2024-12-03
AAPL,2024-12-04 14:30:00+00:00,242.8699951171875,244.11000061035156,241.25,243.00999450683594,44383900,2024-12-04
AAPL,2024-12-05 14:30:00+00:00,243.99000549316406,244.5399932861328,242.1300048828125,243.0399932861328,40033900,2024-12-05
AAPL,2024-12-06 14:30:00+00:00,242.91000366210938,244.6300048828125,242.0800018310547,242.83999633789062,36870600,2024-12-06
AAPL,2024-12-09 14:30:00+00:00,241.8300018310547,247.24000549316406,241.75,246.75,44649200,2024-12-09
AAPL,2024-12-10 14:30:00+00:00,246.88999938964844,248.2100067138672,245.33999633789062,247.77000427246094,36914800,2024-12-10
AAPL,2024-12-11 14:30:00+00:00,247.9600067138672,250.8000030517578,246.25999450683594,246.49000549316406,45205800,2024-12-11
AAPL,2024-12-12 14:30:00+00:00,246.88999938964844,248.74000549316406,245.67999267578125,247.9600067138672,32777500,2024-12-12
AAPL,2024-12-13 14:30:00+00:00,247.82000732421875,249.2899932861328,246.24000549316406,248.1300048828125,33155300,2024-12-13
AAPL,2024-12-16 14:30:00+00:00,247.99000549316406,251.3800048828125,247.64999389648438,251.0399932861328,51694800,2024-12-16
AAPL,2024-12-17 14:30:00+00:00,250.0800018310547,253.8300018310547,249.77999877929688,253.47999572753906,51356400,2024-12-17
AAPL,2024-12-18 14:30:00+00:00,252.16000366210938,254.27999877929688,247.74000549316406,248.0500030517578,56774100,2024-12-18
AAPL,2024-12-19 14:30:00+00:00,247.5,252.0,247.08999633789062,249.7899932861328,60882300,2024-12-19
AAPL,2024-12-20 14:30:00+00:00,248.0399932861328,255.0,245.69000244140625,254.49000549316406,147495300,2024-12-20
AAPL,2024-12-23 14:30:00+00:00,254.77000427246094,255.64999389648438,253.4499969482422,255.27000427246094,40858800,2024-12-23
AAPL,2024-12-24 14:30:00+00:00,255.49000549316406,258.2099914550781,255.2899932861328,258.20001220703125,23234700,2024-12-24
AAPL,2024-12-26 14:30:00+00:00,258.19000244140625,260.1000061035156,257.6300048828125,259.0199890136719,27237100,2024-12-26
AAPL,2024-12-27 14:30:00+00:00,257.8299865722656,258.70001220703125,253.05999755859375,255.58999633789062,42355300,2024-12-27
AAPL,2024-12-30 14:30:00+00:00,252.22999572753906,253.5,250.75,252.1999969482422,35557500,2024-12-30
AAPL,2024-12-31 14:30:00+00:00,252.44000244140625,253.27999877929688,249.42999267578125,250.4199981689453,39480700,2024-12-31
AAPL,2025-01-02 14:30:00+00:00,248.92999267578125,249.10000610351562,241.82000732421875,243.85000610351562,55740700,2025-01-02
AAPL,2025-01-03 14:30:00+00:00,243.36000061035156,244.17999267578125,241.88999938964844,243.36000061035156,40244100,2025-01-03
AAPL,2025-01-06 14:30:00+00:00,244.30999755859375,247.3300018310547,243.1999969482422,245.0,45045600,2025-01-06
AAPL,2025-01-07 14:30:00+00:00,242.97999572753906,245.5500030517578,241.35000610351562,242.2100067138672,40856000,2025-01-07
AAPL,2025-01-08 14:30:00+00:00,241.9199981689453,243.7100067138672,240.0500030517578,242.6999969482422,37628900,2025-01-08
AAPL,2025-01-10 14:30:00+00:00,240.00999450683594,240.16000366210938,233.0,236.85000610351562,61710900,2025-01-10
AAPL,2025-01-13 14:30:00+00:00,233.52999877929688,234.6699981689453,229.72000122070312,234.39999389648438,49630700,2025-01-13
AAPL,2025-01-14 14:30:00+00:00,234.75,236.1199951171875,232.47000122070312,233.27999877929688,39435300,2025-01-14
AAPL,2025-01-15 14:30:00+00:00,234.63999938964844,238.9600067138672,234.42999267578125,237.8699951171875,39832000,2025-01-15
AAPL,2025-01-16 14:30:00+00:00,237.35000610351562,238.00999450683594,228.02999877929688,228.25999450683594,71759100,2025-01-16
AAPL,2025-01-17 14:30:00+00:00,232.1199951171875,232.2899932861328,228.47999572753906,229.97999572753906,68488300,2025-01-17
AAPL,2025-01-21 14:30:00+00:00,224.0,224.4199981689453,219.3800048828125,222.63999938964844,98070400,2025-01-21
AAPL,2025-01-22 14:30:00+00:00,219.7899932861328,224.1199951171875,219.7899932861328,223.8300018310547,64126500,2025-01-22
AAPL,2025-01-23 14:30:00+00:00,224.74000549316406,227.02999877929688,222.3000030517578,223.66000366210938,60234800,2025-01-23
AAPL,2025-01-24 14:30:00+00:00,224.77999877929688,225.6300048828125,221.41000366210938,222.77999877929688,54697900,2025-01-24
AAPL,2025-01-27 14:30:00+00:00,224.02000427246094,232.14999389648438,223.97999572753906,229.86000061035156,94863400,2025-01-27
AAPL,2025-01-28 14:30:00+00:00,230.85000610351562,240.19000244140625,230.80999755859375,238.25999450683594,75707600,2025-01-28
AAPL,2025-01-29 14:30:00+00:00,234.1199951171875,239.86000061035156,234.00999450683594,239.36000061035156,45486100,2025-01-29
AAPL,2025-01-30 14:30:00+00:00,238.6699981689453,240.7899932861328,237.2100067138672,237.58999633789062,55658300,2025-01-30
AAPL,2025-01-31 14:30:00+00:00,247.19000244140625,247.19000244140625,233.44000244140625,236.0,100959800,2025-01-31
AAPL,2025-02-03 14:30:00+00:00,229.99000549316406,231.8300018310547,225.6999969482422,228.00999450683594,73063300,2025-02-03
AAPL,2025-02-04 14:30:00+00:00,227.25,233.1300048828125,226.64999389648438,232.8000030517578,45067300,2025-02-04
AAPL,2025-02-05 14:30:00+00:00,228.52999877929688,232.6699981689453,228.27000427246094,232.47000122070312,39620300,2025-02-05
AAPL,2025-02-06 14:30:00+00:00,231.2899932861328,233.8000030517578,230.42999267578125,233.22000122070312,29925300,2025-02-06
AAPL,2025-02-07 14:30:00+00:00,232.60000610351562,234.0,227.25999450683594,227.6300048828125,39707200,2025-02-07
AAPL,2025-02-10 14:30:00+00:00,229.57000732421875,230.58999633789062,227.1999969482422,227.64999389648438,33115600,2025-02-10
AAPL,2025-02-11 14:30:00+00:00,228.1999969482422,235.22999572753906,228.1300048828125,232.6199951171875,53718400,2025-02-11
AAPL,2025-02-12 14:30:00+00:00,231.1999969482422,236.9600067138672,230.67999267578125,236.8699951171875,45243300,2025-02-12
AAPL,2025-02-13 14:30:00+00:00,236.91000366210938,242.33999633789062,235.57000732421875,241.52999877929688,53614100,2025-02-13
AAPL,2025-02-14 14:30:00+00:00,241.25,245.5500030517578,240.99000549316406,244.60000610351562,40896200,2025-02-14
AAPL,2025-02-18 14:30:00+00:00,244.14999389648438,245.17999267578125,241.83999633789062,244.47000122070312,48822500,2025-02-18
AAPL,2025-02-19 14:30:00+00:00,244.66000366210938,246.00999450683594,243.16000366210938,244.8699951171875,32204200,2025-02-19
AAPL,2025-02-20 14:30:00+00:00,244.94000244140625,246.77999877929688,244.2899932861328,245.8300018310547,32316900,2025-02-20
AAPL,2025-02-21 14:30:00+00:00,245.9499969482422,248.69000244140625,245.22000122070312,245.5500030517578,53197400,2025-02-21
AAPL,2025-02-24 14:30:00+00:00,244.92999267578125,248.86000061035156,244.4199981689453,247.10000610351562,51326400,2025-02-24
AAPL,2025-02-25 14:30:00+00:00,248.0,250.0,244.91000366210938,247.0399932861328,48013300,2025-02-25
AAPL,2025-02-26 14:30:00+00:00,244.3300018310547,244.97999572753906,239.1300048828125,240.36000061035156,44433600,2025-02-26
AAPL,2025-02-27 14:30:00+00:00,239.41000366210938,242.4600067138672,237.05999755859375,237.3000030517578,41153600,2025-02-27
AAPL,2025-02-28 14:30:00+00:00,236.9499969482422,242.08999633789062,230.1999969482422,241.83999633789062,56833400,2025-02-28
AAPL,2025-03-03 14:30:00+00:00,241.7899932861328,244.02999877929688,236.11000061035156,238.02999877929688,47184000,2025-03-03
AAPL,2025-03-04 14:30:00+00:00,237.7100067138672,240.07000732421875,234.67999267578125,235.92999267578125,53798100,2025-03-04
AAPL,2025-03-05 14:30:00+00:00,235.4199981689453,236.5500030517578,229.22999572753906,235.74000549316406,47227600,2025-03-05
AAPL,2025-03-06 14:30:00+00:00,234.44000244140625,237.86000061035156,233.16000366210938,235.3300018310547,45170400,2025-03-06
AAPL,2025-03-07 14:30:00+00:00,235.11000061035156,241.3699951171875,234.75999450683594,239.07000732421875,46273600,2025-03-07
AAPL,2025-03-10 13:30:00+00:00,235.5399932861328,236.16000366210938,224.22000122070312,227.47999572753906,72071200,2025-03-10
AAPL,2025-03-11 13:30:00+00:00,223.80999755859375,225.83999633789062,217.4499969482422,220.83999633789062,76137400,2025-03-11
AAPL,2025-03-12 13:30:00+00:00,220.13999938964844,221.75,214.91000366210938,216.97999572753906,62547500,2025-03-12
AAPL,2025-03-13 13:30:00+00:00,215.9499969482422,216.83999633789062,208.4199981689453,209.67999267578125,61368300,2025-03-13
AAPL,2025-03-14 13:30:00+00:00,211.25,213.9499969482422,209.5800018310547,213.49000549316406,60107600,2025-03-14
AAPL,2025-03-17 13:30:00+00:00,213.30999755859375,215.22000122070312,209.97000122070312,214.0,48073400,2025-03-17
AAPL,2025-03-18 13:30:00+00:00,214.16000366210938,215.14999389648438,211.49000549316406,212.69000244140625,42432400,2025-03-18
AAPL,2025-03-19 13:30:00+00:00,214.22000122070312,218.75999450683594,213.75,215.24000549316406,54385400,2025-03-19
AAPL,2025-03-20 13:30:00+00:00,213.99000549316406,217.49000549316406,212.22000122070312,214.10000610351562,48862900,2025-03-20
AAPL,2025-03-21 13:30:00+00:00,211.55999755859375,218.83999633789062,211.27999877929688,218.27000427246094,94127800,2025-03-21
AAPL,2025-03-24 13:30:00+00:00,221.0,221.47999572753906,218.5800018310547,220.72999572753906,44299500,2025-03-24
AAPL,2025-03-25 13:30:00+00:00,220.77000427246094,224.10000610351562,220.0800018310547,223.75,34493600,2025-03-25
AAPL,2025-03-26 13:30:00+00:00,223.50999450683594,225.02000427246094,220.47000122070312,221.52999877929688,34466100,2025-03-26
AAPL,2025-03-27 13:30:00+00:00,221.38999938964844,224.99000549316406,220.55999755859375,223.85000610351562,37094800,2025-03-27
AAPL,2025-03-28 13:30:00+00:00,221.6699981689453,223.80999755859375,217.67999267578125,217.89999389648438,39818600,2025-03-28
AAPL,2025-03-31 13:30:00+00:00,217.00999450683594,225.6199951171875,216.22999572753906,222.1300048828125,65299300,2025-03-31
AAPL,2025-04-01 13:30:00+00:00,219.80999755859375,223.67999267578125,218.89999389648438,223.19000244140625,36412700,2025-04-01
AAPL,2025-04-02 13:30:00+00:00,221.32000732421875,225.19000244140625,221.02000427246094,223.88999938964844,35905900,2025-04-02
AAPL,2025-04-03 13:30:00+00:00,205.5399932861328,207.49000549316406,201.25,203.19000244140625,103419000,2025-04-03
AAPL,2025-04-04 13:30:00+00:00,193.88999938964844,199.8800048828125,187.33999633789062,188.3800048828125,125910900,2025-04-04
AAPL,2025-04-07 13:30:00+00:00,177.1999969482422,194.14999389648438,174.6199951171875,181.4600067138672,160466300,2025-04-07
AAPL,2025-04-08 13:30:00+00:00,186.6999969482422,190.33999633789062,169.2100067138672,172.4199981689453,120859500,2025-04-08
AAPL,2025-04-09 13:30:00+00:00,171.9499969482422,200.61000061035156,171.88999938964844,198.85000610351562,184395900,2025-04-09
AAPL,2025-04-10 13:30:00+00:00,189.07000732421875,194.77999877929688,183.0,190.4199981689453,121880000,2025-04-10
AAPL,2025-04-11 13:30:00+00:00,186.10000610351562,199.5399932861328,186.05999755859375,198.14999389648438,87435900,2025-04-11
AAPL,2025-04-14 13:30:00+00:00,211.44000244140625,212.94000244140625,201.16000366210938,202.52000427246094,101352900,2025-04-14
AAPL,2025-04-15 13:30:00+00:00,201.86000061035156,203.50999450683594,199.8000030517578,202.13999938964844,51343900,2025-04-15
AAPL,2025-04-16 13:30:00+00:00,198.36000061035156,200.6999969482422,192.3699951171875,194.27000427246094,59732400,2025-04-16
AAPL,2025-04-17 13:30:00+00:00,197.1999969482422,198.8300018310547,194.4199981689453,196.97999572753906,52164700,2025-04-17
AAPL,2025-04-21 13:30:00+00:00,193.27000427246094,193.8000030517578,189.80999755859375,193.16000366210938,46742500,2025-04-21
AAPL,2025-04-22 13:30:00+00:00,196.1199951171875,201.58999633789062,195.97000122070312,199.74000549316406,52976400,2025-04-22
AAPL,2025-04-23 13:30:00+00:00,206.0,208.0,202.8000030517578,204.60000610351562,52929200,2025-04-23
AAPL,2025-04-24 13:30:00+00:00,204.88999938964844,208.8300018310547,202.94000244140625,208.3699951171875,47311000,2025-04-24
AAPL,2025-04-25 13:30:00+00:00,206.3699951171875,209.75,206.1999969482422,209.27999877929688,38222300,2025-04-25
AAPL,2025-04-28 13:30:00+00:00,210.0,211.5,207.4600067138672,210.13999938964844,38743100,2025-04-28
AAPL,2025-04-29 13:30:00+00:00,208.69000244140625,212.24000549316406,208.3699951171875,211.2100067138672,36827600,2025-04-29
AAPL,2025-04-30 13:30:00+00:00,209.3000030517578,213.5800018310547,206.6699981689453,212.5,52286500,2025-04-30
AAPL,2025-05-01 13:30:00+00:00,209.0800018310547,214.55999755859375,208.89999389648438,213.32000732421875,57365700,2025-05-01
AAPL,2025-05-02 13:30:00+00:00,206.08999633789062,206.99000549316406,202.16000366210938,205.35000610351562,101010600,2025-05-02
AAPL,2025-05-05 13:30:00+00:00,203.10000610351562,204.10000610351562,198.2100067138672,198.88999938964844,69018500,2025-05-05
AAPL,2025-05-06 13:30:00+00:00,198.2100067138672,200.64999389648438,197.02000427246094,198.50999450683594,51216500,2025-05-06
AAPL,2025-05-07 13:30:00+00:00,199.1699981689453,199.44000244140625,193.25,196.25,68536700,2025-05-07
AAPL,2025-05-08 13:30:00+00:00,197.72000122070312,200.0500030517578,194.67999267578125,197.49000549316406,50478900,2025-05-08
AAPL,2025-05-09 13:30:00+00:00,199.0,200.5399932861328,197.5399932861328,198.52999877929688,36453900,2025-05-09
AAPL,2025-05-12 13:30:00+00:00,210.97000122070312,211.27000427246094,206.75,210.7899932861328,63775800,2025-05-12
AAPL,2025-05-13 13:30:00+00:00,210.42999267578125,213.39999389648438,209.0,212.92999267578125,51909300,2025-05-13
AAPL,2025-05-14 13:30:00+00:00,212.42999267578125,213.94000244140625,210.5800018310547,212.3300018310547,49325800,2025-05-14
AAPL,2025-05-15 13:30:00+00:00,210.9499969482422,212.9600067138672,209.5399932861328,211.4499969482422,45029500,2025-05-15
AAPL,2025-05-16 13:30:00+00:00,212.36000061035156,212.57000732421875,209.77000427246094,211.25999450683594,54737900,2025-05-16
AAPL,2025-05-19 13:30:00+00:00,207.91000366210938,209.47999572753906,204.25999450683594,208.77999877929688,46140500,2025-05-19
AAPL,2025-05-20 13:30:00+00:00,207.6699981689453,208.47000122070312,205.02999877929688,206.86000061035156,42496600,2025-05-20
AAPL,2025-05-21 13:30:00+00:00,205.1699981689453,207.0399932861328,200.7100067138672,202.08999633789062,59211800,2025-05-21
AAPL,2025-05-22 13:30:00+00:00,200.7100067138672,202.75,199.6999969482422,201.36000061035156,46742400,2025-05-22
AAPL,2025-05-23 13:30:00+00:00,193.6699981689453,197.6999969482422,193.4600067138672,195.27000427246094,78432900,2025-05-23
AAPL,2025-05-27 13:30:00+00:00,198.3000030517578,200.74000549316406,197.42999267578125,200.2100067138672,56288500,2025-05-27
AAPL,2025-05-28 13:30:00+00:00,200.58999633789062,202.72999572753906,199.89999389648438,200.4199981689453,45339700,2025-05-28
AAPL,2025-05-29 13:30:00+00:00,203.5800018310547,203.80999755859375,198.50999450683594,199.9499969482422,51396800,2025-05-29
AAPL,2025-05-30 13:30:00+00:00,199.3699951171875,201.9600067138672,196.77999877929688,200.85000610351562,70819900,2025-05-30
AAPL,2025-06-02 13:30:00+00:00,200.27999877929688,202.1300048828125,200.1199951171875,201.6999969482422,35423300,2025-06-02
AAPL,2025-06-03 13:30:00+00:00,201.35000610351562,203.77000427246094,200.9600067138672,203.27000427246094,46381600,2025-06-03
AAPL,2025-06-04 13:30:00+00:00,202.91000366210938,206.24000549316406,202.10000610351562,202.82000732421875,43604000,2025-06-04
AAPL,2025-06-05 13:30:00+00:00,203.5,204.75,200.14999389648438,200.6300048828125,55126100,2025-06-05
AAPL,2025-06-06 13:30:00+00:00,203.0,205.6999969482422,202.0500030517578,203.9199981689453,46607700,2025-06-06
AAPL,2025-06-09 13:30:00+00:00,204.38999938964844,206.0,200.02000427246094,201.4499969482422,72862600,2025-06-09
AAPL,2025-06-10 13:30:00+00:00,200.60000610351562,204.35000610351562,200.57000732421875,202.6699981689453,54672600,2025-06-10
AAPL,2025-06-11 13:30:00+00:00,203.5,204.5,198.41000366210938,198.77999877929688,60989900,2025-06-11
AAPL,2025-06-12 13:30:00+00:00,199.0800018310547,199.67999267578125,197.36000061035156,199.1999969482422,43904600,2025-06-12
AAPL,2025-06-13 13:30:00+00:00,199.72999572753906,200.3699951171875,195.6999969482422,196.4499969482422,51447300,2025-06-13
AAPL,2025-06-16 13:30:00+00:00,197.3000030517578,198.69000244140625,196.55999755859375,198.4199981689453,43020700,2025-06-16
AAPL,2025-06-17 13:30:00+00:00,197.1999969482422,198.38999938964844,195.2100067138672,195.63999938964844,38856200,2025-06-17
AAPL,2025-06-18 13:30:00+00:00,195.94000244140625,197.57000732421875,195.07000732421875,196.5800018310547,45394700,2025-06-18
AAPL,2025-06-20 13:30:00+00:00,198.24000549316406,201.6999969482422,196.86000061035156,201.0,96813500,2025-06-20
AAPL,2025-06-23 13:30:00+00:00,201.6300048828125,202.3000030517578,198.9600067138672,201.5,55814300,2025-06-23
AAPL,2025-06-24 13:30:00+00:00,202.58999633789062,203.44000244140625,200.1999969482422,200.3000030517578,54064000,2025-06-24
AAPL,2025-06-25 13:30:00+00:00,201.4499969482422,203.6699981689453,200.6199951171875,201.55999755859375,39525700,2025-06-25
AAPL,2025-06-26 13:30:00+00:00,201.42999267578125,202.63999938964844,199.4600067138672,201.0,50799100,2025-06-26
AAPL,2025-06-27 13:30:00+00:00,201.88999938964844,203.22000122070312,200.0,201.0800018310547,73188600,2025-06-27
AAPL,2025-06-30 13:30:00+00:00,202.00999450683594,207.38999938964844,199.25999450683594,205.1699981689453,91912800,2025-06-30
AAPL,2025-07-01 13:30:00+00:00,206.6699981689453,210.19000244140625,206.13999938964844,207.82000732421875,78788900,2025-07-01
AAPL,2025-07-02 13:30:00+00:00,208.91000366210938,213.33999633789062,208.13999938964844,212.44000244140625,67941800,2025-07-02
AAPL,2025-07-03 13:30:00+00:00,212.14999389648438,214.64999389648438,211.80999755859375,213.5500030517578,34955800,2025-07-03
AAPL,2025-07-07 13:30:00+00:00,212.67999267578125,216.22999572753906,208.8000030517578,209.9499969482422,50229000,2025-07-07
AAPL,2025-07-08 13:30:00+00:00,210.10000610351562,211.42999267578125,208.4499969482422,210.00999450683594,42848900,2025-07-08
AAPL,2025-07-09 13:30:00+00:00,209.52999877929688,211.3300018310547,207.22000122070312,211.13999938964844,48749400,2025-07-09
AAPL,2025-07-10 13:30:00+00:00,210.50999450683594,213.47999572753906,210.02999877929688,212.41000366210938,44443600,2025-07-10
AAPL,2025-07-11 13:30:00+00:00,210.57000732421875,212.1300048828125,209.86000061035156,211.16000366210938,39765800,2025-07-11
AAPL,2025-07-14 13:30:00+00:00,209.92999267578125,210.91000366210938,207.5399932861328,208.6199951171875,38840100,2025-07-14
AAPL,2025-07-15 13:30:00+00:00,209.22000122070312,211.88999938964844,208.9199981689453,209.11000061035156,42296300,2025-07-15
AAPL,2025-07-16 13:30:00+00:00,210.3000030517578,212.39999389648438,208.63999938964844,210.16000366210938,47490500,2025-07-16
AAPL,2025-07-17 13:30:00+00:00,210.57000732421875,211.8000030517578,209.58999633789062,210.02000427246094,48068100,2025-07-17
AAPL,2025-07-18 13:30:00+00:00,210.8699951171875,211.7899932861328,209.6999969482422,211.17999267578125,48974600,2025-07-18
AAPL,2025-07-21 13:30:00+00:00,212.10000610351562,215.77999877929688,211.6300048828125,212.47999572753906,51377400,2025-07-21
AAPL,2025-07-22 13:30:00+00:00,213.13999938964844,214.9499969482422,212.22999572753906,214.39999389648438,46404100,2025-07-22
AAPL,2025-07-23 13:30:00+00:00,215.0,215.14999389648438,212.41000366210938,214.14999389648438,46989300,2025-07-23
AAPL,2025-07-24 13:30:00+00:00,213.89999389648438,215.69000244140625,213.52999877929688,213.75999450683594,46022600,2025-07-24
AAPL,2025-07-25 13:30:00+00:00,214.6999969482422,215.24000549316406,213.39999389648438,213.8800048828125,40268800,2025-07-25
AAPL,2025-07-28 13:30:00+00:00,214.02999877929688,214.85000610351562,213.05999755859375,214.0500030517578,37858000,2025-07-28
AAPL,2025-07-29 13:30:00+00:00,214.17999267578125,214.80999755859375,210.82000732421875,211.27000427246094,51411700,2025-07-29
AAPL,2025-07-30 13:30:00+00:00,211.89999389648438,212.38999938964844,207.72000122070312,209.0500030517578,45512500,2025-07-30
AAPL,2025-07-31 13:30:00+00:00,208.49000549316406,209.83999633789062,207.16000366210938,207.57000732421875,80698400,2025-07-31
AAPL,2025-08-01 13:30:00+00:00,210.8699951171875,213.5800018310547,201.5,202.3800048828125,104434500,2025-08-01
AAPL,2025-08-04 13:30:00+00:00,204.50999450683594,207.8800048828125,201.67999267578125,203.35000610351562,75109300,2025-08-04
AAPL,2025-08-05 13:30:00+00:00,203.39999389648438,205.33999633789062,202.16000366210938,202.9199981689453,44155100,2025-08-05
AAPL,2025-08-06 13:30:00+00:00,205.6300048828125,215.3800048828125,205.58999633789062,213.25,108483100,2025-08-06
AAPL,2025-08-07 13:30:00+00:00,218.8800048828125,220.85000610351562,216.5800018310547,220.02999877929688,90224800,2025-08-07
AAPL,2025-08-08 13:30:00+00:00,220.8300018310547,231.0,219.25,229.35000610351562,113854000,2025-08-08
AAPL,2025-08-11 13:30:00+00:00,227.9199981689453,229.55999755859375,224.75999450683594,227.17999267578125,61806100,2025-08-11
AAPL,2025-08-12 13:30:00+00:00,228.00999450683594,230.8000030517578,227.07000732421875,229.64999389648438,55626200,2025-08-12
AAPL,2025-08-13 13:30:00+00:00,231.07000732421875,235.0,230.42999267578125,233.3300018310547,69878500,2025-08-13
AAPL,2025-08-14 13:30:00+00:00,234.05999755859375,235.1199951171875,230.85000610351562,232.77999877929688,51916300,2025-08-14
AAPL,2025-08-15 13:30:00+00:00,234.0,234.27999877929688,229.33999633789062,231.58999633789062,56038700,2025-08-15
AAPL,2025-08-18 13:30:00+00:00,231.6999969482422,233.1199951171875,230.11000061035156,230.88999938964844,37476200,2025-08-18
AAPL,2025-08-19 13:30:00+00:00,231.27999877929688,232.8699951171875,229.35000610351562,230.55999755859375,39402600,2025-08-19
AAPL,2025-08-20 13:30:00+00:00,229.97999572753906,230.47000122070312,225.77000427246094,226.00999450683594,42263900,2025-08-20
AAPL,2025-08-21 13:30:00+00:00,226.27000427246094,226.52000427246094,223.77999877929688,224.89999389648438,30621200,2025-08-21
AAPL,2025-08-22 13:30:00+00:00,226.1699981689453,229.08999633789062,225.41000366210938,227.75999450683594,42477800,2025-08-22
AAPL,2025-08-25 13:30:00+00:00,226.47999572753906,229.3000030517578,226.22999572753906,227.16000366210938,30983100,2025-08-25
AAPL,2025-08-26 13:30:00+00:00,226.8699951171875,229.49000549316406,224.69000244140625,229.30999755859375,54575100,2025-08-26
AAPL,2025-08-27 13:30:00+00:00,228.61000061035156,230.89999389648438,228.25999450683594,230.49000549316406,31259500,2025-08-27
AAPL,2025-08-28 13:30:00+00:00,230.82000732421875,233.41000366210938,229.33999633789062,232.55999755859375,38074700,2025-08-28
AAPL,2025-08-29 13:30:00+00:00,232.50999450683594,233.3800048828125,231.3699951171875,232.13999938964844,39418400,2025-08-29
AAPL,2025-09-02 13:30:00+00:00,229.25,230.85000610351562,226.97000122070312,229.72000122070312,44075600,2025-09-02
AAPL,2025-09-03 13:30:00+00:00,237.2100067138672,238.85000610351562,234.36000061035156,238.47000122070312,66427800,2025-09-03
AAPL,2025-09-04 13:30:00+00:00,238.4499969482422,239.89999389648438,236.74000549316406,239.77999877929688,47549400,2025-09-04
AAPL,2025-09-05 13:30:00+00:00,240.0,241.32000732421875,238.49000549316406,239.69000244140625,54870400,2025-09-05
AAPL,2025-09-08 13:30:00+00:00,239.3000030517578,240.14999389648438,236.33999633789062,237.8800048828125,48999500,2025-09-08
AAPL,2025-09-09 13:30:00+00:00,237.0,238.77999877929688,233.36000061035156,234.35000610351562,66313900,2025-09-09
AAPL,2025-09-10 13:30:00+00:00,232.19000244140625,232.4199981689453,225.9499969482422,226.7899932861328,83440800,2025-09-10
AAPL,2025-09-11 13:30:00+00:00,226.8800048828125,230.4499969482422,226.64999389648438,230.02999877929688,50208600,2025-09-11
AAPL,2025-09-12 13:30:00+00:00,229.22000122070312,234.50999450683594,229.02000427246094,234.07000732421875,55824200,2025-09-12
AAPL,2025-09-15 13:30:00+00:00,237.0,238.19000244140625,235.02999877929688,236.6999969482422,42699500,2025-09-15
AAPL,2025-09-16 13:30:00+00:00,237.17999267578125,241.22000122070312,236.32000732421875,238.14999389648438,63421100,2025-09-16
AAPL,2025-09-17 13:30:00+00:00,238.97000122070312,240.10000610351562,237.72999572753906,238.99000549316406,46508000,2025-09-17
AAPL,2025-09-18 13:30:00+00:00,239.97000122070312,241.1999969482422,236.64999389648438,237.8800048828125,44249600,2025-09-18
AAPL,2025-09-19 13:30:00+00:00,241.22999572753906,246.3000030517578,240.2100067138672,245.5,163741300,2025-09-19
AAPL,2025-09-22 13:30:00+00:00,248.3000030517578,256.6400146484375,248.1199951171875,256.0799865722656,105517400,2025-09-22
AAPL,2025-09-23 13:30:00+00:00,255.8800048828125,257.3399963378906,253.5800018310547,254.42999267578125,60275200,2025-09-23
AAPL,2025-09-24 13:30:00+00:00,255.22000122070312,255.74000549316406,251.0399932861328,252.30999755859375,42303700,2025-09-24
AAPL,2025-09-25 13:30:00+00:00,253.2100067138672,257.1700134277344,251.7100067138672,256.8699951171875,55202100,2025-09-25
AAPL,2025-09-26 13:30:00+00:00,254.10000610351562,257.6000061035156,253.77999877929688,255.4600067138672,46076300,2025-09-26
AAPL,2025-09-29 13:30:00+00:00,254.55999755859375,255.0,253.00999450683594,254.42999267578125,40127700,2025-09-29
AAPL,2025-09-30 13:30:00+00:00,254.86000061035156,255.9199981689453,253.11000061035156,254.6300048828125,37704300,2025-09-30
AAPL,2025-10-01 13:30:00+00:00,255.0399932861328,258.7900085449219,254.92999267578125,255.4499969482422,48713900,2025-10-01
AAPL,2025-10-02 13:30:00+00:00,256.5799865722656,258.17999267578125,254.14999389648438,257.1300048828125,42630200,2025-10-02
AAPL,2025-10-03 13:30:00+00:00,254.6699981689453,259.239990234375,253.9499969482422,258.0199890136719,49155600,2025-10-03
AAPL,2025-10-06 13:30:00+00:00,257.989990234375,259.07000732421875,255.0500030517578,256.69000244140625,44664100,2025-10-06
AAPL,2025-10-07 13:30:00+00:00,256.80999755859375,257.3999938964844,255.42999267578125,256.4800109863281,31955800,2025-10-07
AAPL,2025-10-08 13:30:00+00:00,256.5199890136719,258.5199890136719,256.1099853515625,258.05999755859375,36496900,2025-10-08
AAPL,2025-10-09 13:30:00+00:00,257.80999755859375,258.0,253.13999938964844,254.0399932861328,38322000,2025-10-09
AAPL,2025-10-10 13:30:00+00:00,254.94000244140625,256.3800048828125,244.0,245.27000427246094,61999100,2025-10-10
AAPL,2025-10-13 13:30:00+00:00,249.3800048828125,249.69000244140625,245.55999755859375,247.66000366210938,38142900,2025-10-13
AAPL,2025-10-14 13:30:00+00:00,246.60000610351562,248.85000610351562,244.6999969482422,247.77000427246094,35478000,2025-10-14
AAPL,2025-10-15 13:30:00+00:00,249.49000549316406,251.82000732421875,247.47000122070312,249.33999633789062,33893600,2025-10-15
AAPL,2025-10-16 13:30:00+00:00,248.25,249.0399932861328,245.1300048828125,247.4499969482422,39777000,2025-10-16
AAPL,2025-10-17 13:30:00+00:00,248.02000427246094,253.3800048828125,247.27000427246094,252.2899932861328,49147000,2025-10-17
AAPL,2025-10-20 13:30:00+00:00,255.88999938964844,264.3800048828125,255.6300048828125,262.239990234375,90483000,2025-10-20
AAPL,2025-10-21 13:30:00+00:00,261.8800048828125,265.2900085449219,261.8299865722656,262.7699890136719,46695900,2025-10-21
AAPL,2025-10-22 13:30:00+00:00,262.6499938964844,262.8500061035156,255.42999267578125,258.45001220703125,45015300,2025-10-22
AAPL,2025-10-23 13:30:00+00:00,259.94000244140625,260.6199951171875,258.010009765625,259.5799865722656,32754900,2025-10-23
AAPL,2025-10-24 13:30:00+00:00,261.19000244140625,264.1300048828125,259.17999267578125,262.82000732421875,38253700,2025-10-24
AAPL,2025-10-27 13:30:00+00:00,264.8800048828125,269.1199951171875,264.6499938964844,268.80999755859375,44888200,2025-10-27
AAPL,2025-10-28 13:30:00+00:00,268.989990234375,269.8900146484375,268.1499938964844,269.0,41534800,2025-10-28
AAPL,2025-10-29 13:30:00+00:00,269.2799987792969,271.4100036621094,267.1099853515625,269.70001220703125,51086700,2025-10-29
AAPL,2025-10-30 13:30:00+00:00,271.989990234375,274.1400146484375,268.4800109863281,271.3999938964844,69886500,2025-10-30
AAPL,2025-10-31 13:30:00+00:00,276.989990234375,277.32000732421875,269.1600036621094,270.3699951171875,86167100,2025-10-31
AAPL,2025-11-03 14:30:00+00:00,270.4200134277344,270.8500061035156,266.25,269.04998779296875,50194600,2025-11-03
AAPL,2025-11-04 14:30:00+00:00,268.3299865722656,271.489990234375,267.6199951171875,270.0400085449219,49274800,2025-11-04
AAPL,2025-11-05 14:30:00+00:00,268.6099853515625,271.70001220703125,266.92999267578125,270.1400146484375,43683100,2025-11-05
AAPL,2025-11-06 14:30:00+00:00,267.8900146484375,273.3999938964844,267.8900146484375,269.7699890136719,51204000,2025-11-06
AAPL,2025-11-07 14:30:00+00:00,269.79998779296875,272.2900085449219,266.7699890136719,268.4700012207031,48227400,2025-11-07
AAPL,2025-11-10 14:30:00+00:00,268.9599914550781,273.7300109863281,267.4599914550781,269.42999267578125,41312400,2025-11-10
AAPL,2025-11-11 14:30:00+00:00,269.80999755859375,275.9100036621094,269.79998779296875,275.25,46208300,2025-11-11
AAPL,2025-11-12 14:30:00+00:00,275.0,275.7300109863281,271.70001220703125,273.4700012207031,48398000,2025-11-12
AAPL,2025-11-13 14:30:00+00:00,274.1099853515625,276.70001220703125,272.0899963378906,272.95001220703125,49602800,2025-11-13
AAPL,2025-11-14 14:30:00+00:00,271.04998779296875,275.9599914550781,269.6000061035156,272.4100036621094,47431300,2025-11-14
AAPL,2025-11-17 14:30:00+00:00,268.82000732421875,270.489990234375,265.7300109863281,267.4599914550781,45018300,2025-11-17
AAPL,2025-11-18 14:30:00+00:00,269.989990234375,270.7099914550781,265.32000732421875,267.44000244140625,45677300,2025-11-18
AAPL,2025-11-19 14:30:00+00:00,265.5299987792969,272.2099914550781,265.5,268.55999755859375,40424500,2025-11-19
AAPL,2025-11-20 14:30:00+00:00,270.8299865722656,275.42999267578125,265.9200134277344,266.25,45823600,2025-11-20
AAPL,2025-11-21 14:30:00+00:00,265.95001220703125,273.3299865722656,265.6700134277344,271.489990234375,59030800,2025-11-21
AAPL,2025-11-24 14:30:00+00:00,270.8999938964844,277.0,270.8999938964844,275.9200134277344,65585800,2025-11-24
AAPL,2025-11-25 14:30:00+00:00,275.2699890136719,280.3800048828125,275.25,276.9700012207031,46914200,2025-11-25
AAPL,2025-11-26 14:30:00+00:00,276.9599914550781,279.5299987792969,276.6300048828125,277.54998779296875,33431400,2025-11-26
AAPL,2025-11-28 14:30:00+00:00,277.260009765625,279.0,275.989990234375,278.8500061035156,20135600,2025-11-28
AAPL,2025-12-01 14:30:00+00:00,278.010009765625,283.4200134277344,276.1400146484375,283.1000061035156,46587700,2025-12-01
AAPL,2025-12-02 14:30:00+00:00,283.0,287.3999938964844,282.6300048828125,286.19000244140625,53669500,2025-12-02
AAPL,2025-12-03 14:30:00+00:00,286.20001220703125,288.6199951171875,283.29998779296875,284.1499938964844,43538700,2025-12-03
AAPL,2025-12-04 14:30:00+00:00,284.1000061035156,284.7300109863281,278.5899963378906,280.70001220703125,43989100,2025-12-04
AAPL,2025-12-05 14:30:00+00:00,280.5400085449219,281.1400146484375,278.04998779296875,278.7799987792969,47265800,2025-12-05
AAPL,2025-12-08 14:30:00+00:00,278.1300048828125,279.6700134277344,276.1499938964844,277.8900146484375,38211800,2025-12-08
AAPL,2025-12-09 14:30:00+00:00,278.1600036621094,280.0299987792969,276.9200134277344,277.17999267578125,32193300,2025-12-09
AAPL,2025-12-10 14:30:00+00:00,277.75,279.75,276.44000244140625,278.7799987792969,33038300,2025-12-10
AAPL,2025-12-11 14:30:00+00:00,279.1000061035156,279.5899963378906,273.80999755859375,278.0299987792969,33248000,2025-12-11
AAPL,2025-12-12 14:30:00+00:00,277.8999938964844,279.2200012207031,276.82000732421875,278.2799987792969,39532900,2025-12-12
AAPL,2025-12-15 14:30:00+00:00,280.1499938964844,280.1499938964844,272.8399963378906,274.1099853515625,50409100,2025-12-15
AAPL,2025-12-16 14:30:00+00:00,272.82000732421875,275.5,271.7900085449219,274.6099853515625,37648600,2025-12-16
AAPL,2025-12-17 14:30:00+00:00,275.010009765625,276.1600036621094,271.6400146484375,271.8399963378906,50138700,2025-12-17
AAPL,2025-12-18 14:30:00+00:00,273.6099853515625,273.6300048828125,266.95001220703125,272.19000244140625,51630700,2025-12-18
AAPL,2025-12-19 14:30:00+00:00,272.1499938964844,274.6000061035156,269.8999938964844,273.6700134277344,144632000,2025-12-19
AAPL,2025-12-22 14:30:00+00:00,272.8599853515625,273.8800048828125,270.510009765625,270.9700012207031,36571800,2025-12-22
AAPL,2025-12-23 14:30:00+00:00,270.8399963378906,272.5,269.55999755859375,272.3599853515625,29642000,2025-12-23
AAPL,2025-12-24 14:30:00+00:00,272.3399963378906,275.42999267578125,272.20001220703125,273.80999755859375,17910600,2025-12-24
AAPL,2025-12-26 14:30:00+00:00,274.1600036621094,275.3699951171875,272.8599853515625,273.3999938964844,21521800,2025-12-26
AAPL,2025-12-29 14:30:00+00:00,272.69000244140625,274.3599853515625,272.3500061035156,273.760009765625,23715200,2025-12-29
AAPL,2025-12-30 14:30:00+00:00,272.80999755859375,274.0799865722656,272.2799987792969,273.0799865722656,22139600,2025-12-30
AAPL,2025-12-31 14:30:00+00:00,273.05999755859375,273.67999267578125,271.75,271.8599853515625,27293600,2025-12-31
AAPL,2026-01-02 14:30:00+00:00,272.260009765625,277.8399963378906,269.0,271.010009765625,37838100,2026-01-02
AAPL,2026-01-05 14:30:00+00:00,270.6400146484375,271.510009765625,266.1400146484375,267.260009765625,45647200,2026-01-05
AAPL,2026-01-06 14:30:00+00:00,267.0,267.54998779296875,262.1199951171875,262.3599853515625,52352100,2026-01-06
AAPL,2026-01-07 14:30:00+00:00,263.20001220703125,263.67999267578125,259.80999755859375,260.3299865722656,48309800,2026-01-07
AAPL,2026-01-08 14:30:00+00:00,257.0199890136719,259.2900085449219,255.6999969482422,259.0400085449219,50419300,2026-01-08
AAPL,2026-01-09 14:30:00+00:00,259.0799865722656,260.2099914550781,256.2200012207031,259.3699951171875,39997000,2026-01-09
AAPL,2026-01-12 14:30:00+00:00,259.1600036621094,261.29998779296875,256.79998779296875,260.25,45263800,2026-01-12
AAPL,2026-01-13 14:30:00+00:00,258.7200012207031,261.80999755859375,258.3900146484375,261.04998779296875,45730800,2026-01-13
AAPL,2026-01-14 14:30:00+00:00,259.489990234375,261.82000732421875,256.7099914550781,259.9599914550781,40019400,2026-01-14
AAPL,2026-01-15 14:30:00+00:00,260.6499938964844,261.0400085449219,257.04998779296875,258.2099914550781,39388600,2026-01-15
AAPL,2026-01-16 14:30:00+00:00,257.8999938964844,258.8999938964844,254.92999267578125,255.52999877929688,72142800,2026-01-16
AAPL,2026-01-20 14:30:00+00:00,252.72999572753906,254.7899932861328,243.4199981689453,246.6999969482422,80267500,2026-01-20
AAPL,2026-01-21 14:30:00+00:00,248.6999969482422,251.55999755859375,245.17999267578125,247.64999389648438,54641700,2026-01-21
AAPL,2026-01-22 14:30:00+00:00,249.1999969482422,251.0,248.14999389648438,248.35000610351562,39708300,2026-01-22
AAPL,2026-01-23 14:30:00+00:00,247.32000732421875,249.41000366210938,244.67999267578125,248.0399932861328,41689000,2026-01-23
AAPL,2026-01-26 14:30:00+00:00,251.47999572753906,256.55999755859375,249.8000030517578,255.41000366210938,55969200,2026-01-26
AAPL,2026-01-27 14:30:00+00:00,259.1700134277344,261.95001220703125,258.2099914550781,258.2699890136719,49648300,2026-01-27
AAPL,2026-01-28 14:30:00+00:00,257.6499938964844,258.8599853515625,254.50999450683594,256.44000244140625,41288000,2026-01-28
AAPL,2026-01-29 14:30:00+00:00,258.0,259.6499938964844,254.41000366210938,258.2799987792969,67253000,2026-01-29
AAPL,2026-01-30 14:30:00+00:00,255.1699981689453,261.8999938964844,252.17999267578125,259.4800109863281,92443400,2026-01-30
AAPL,2026-02-02 14:30:00+00:00,260.0299987792969,270.489990234375,259.2099914550781,270.010009765625,73913400,2026-02-02
AAPL,2026-02-03 14:30:00+00:00,269.20001220703125,271.8800048828125,267.6099853515625,269.4800109863281,64394700,2026-02-03
AAPL,2026-02-04 14:30:00+00:00,272.2900085449219,278.95001220703125,272.2900085449219,276.489990234375,90545700,2026-02-04
AAPL,2026-02-05 14:30:00+00:00,278.1300048828125,279.5,273.2300109863281,275.9100036621094,52977400,2026-02-05
AAPL,2026-02-06 14:30:00+00:00,277.1199951171875,280.9100036621094,276.92999267578125,278.1199951171875,50453400,2026-02-06
AAPL,2026-02-09 14:30:00+00:00,277.9100036621094,278.20001220703125,271.70001220703125,274.6199951171875,44623400,2026-02-09
AAPL,2026-02-10 14:30:00+00:00,274.8900146484375,275.3699951171875,272.94000244140625,273.67999267578125,34376900,2026-02-10
AAPL,2026-02-11 14:30:00+00:00,274.70001220703125,280.17999267578125,274.45001220703125,275.5,51931300,2026-02-11
AAPL,2026-02-12 14:30:00+00:00,275.5899963378906,275.7200012207031,260.17999267578125,261.7300109863281,81077200,2026-02-12
AAPL,2026-02-13 14:30:00+00:00,262.010009765625,262.2300109863281,255.4499969482422,255.77999877929688,56290700,2026-02-13
AAPL,2026-02-17 14:30:00+00:00,258.04998779296875,266.2900085449219,255.5399932861328,263.8800048828125,58469100,2026-02-17
AAPL,2026-02-18 14:30:00+00:00,263.6000061035156,266.82000732421875,262.45001220703125,264.3500061035156,34203300,2026-02-18
AAPL,2026-02-19 14:30:00+00:00,262.6000061035156,264.4800109863281,260.04998779296875,260.5799865722656,30845300,2026-02-19
AAPL,2026-02-20 14:30:00+00:00,258.9700012207031,264.75,258.1600036621094,264.5799865722656,42070500,2026-02-20
AAPL,2026-02-23 14:30:00+00:00,263.489990234375,269.42999267578125,263.3800048828125,266.17999267578125,37308200,2026-02-23
AAPL,2026-02-24 14:30:00+00:00,267.8599853515625,274.8900146484375,267.7099914550781,272.1400146484375,47014600,2026-02-24
AAPL,2026-02-25 14:30:00+00:00,271.7799987792969,274.94000244140625,271.04998779296875,274.2300109863281,33714300,2026-02-25
AAPL,2026-02-26 14:30:00+00:00,274.95001220703125,276.1099853515625,270.79998779296875,272.95001220703125,32345100,2026-02-26
AAPL,2026-02-27 14:30:00+00:00,272.80999755859375,272.80999755859375,262.8900146484375,264.17999267578125,72366500,2026-02-27
AAPL,2026-03-02 14:30:00+00:00,262.4100036621094,266.5299987792969,260.20001220703125,264.7200012207031,41827900,2026-03-02
AAPL,2026-03-03 14:30:00+00:00,263.4800109863281,265.55999755859375,260.1300048828125,263.75,38568900,2026-03-03
AAPL,2026-03-04 14:30:00+00:00,264.6499938964844,266.1499938964844,261.4200134277344,262.5199890136719,39803100,2026-03-04
AAPL,2026-03-05 14:30:00+00:00,260.7900085449219,261.55999755859375,257.25,260.2900085449219,49658600,2026-03-05
AAPL,2026-03-06 14:30:00+00:00,258.6300048828125,258.7699890136719,254.3699951171875,257.4599914550781,41120000,2026-03-06
AAPL,2026-03-09 13:30:00+00:00,255.69000244140625,261.1499938964844,253.67999267578125,259.8800048828125,38218500,2026-03-09
AAPL,2026-03-10 13:30:00+00:00,257.6499938964844,262.4800109863281,256.95001220703125,260.8299865722656,30590800,2026-03-10
AAPL,2026-03-11 13:30:00+00:00,261.0899963378906,262.1300048828125,259.54998779296875,260.80999755859375,26218900,2026-03-11
AAPL,2026-03-12 13:30:00+00:00,258.6600036621094,258.95001220703125,254.17999267578125,255.75999450683594,40794000,2026-03-12
AAPL,2026-03-13 13:30:00+00:00,255.47999572753906,256.3299865722656,249.52000427246094,250.1199951171875,36930000,2026-03-13
AAPL,2026-03-16 13:30:00+00:00,252.11000061035156,253.88999938964844,249.8800048828125,252.82000732421875,32074200,2026-03-16
AAPL,2026-03-17 13:30:00+00:00,252.9600067138672,255.1300048828125,252.17999267578125,254.22999572753906,32361600,2026-03-17
AAPL,2026-03-18 13:30:00+00:00,252.6300048828125,254.94000244140625,249.0,249.94000244140625,35757900,2026-03-18
AAPL,2026-03-19 13:30:00+00:00,249.39999389648438,251.8300018310547,247.3000030517578,248.9600067138672,34864100,2026-03-19
AAPL,2026-03-20 13:30:00+00:00,247.97999572753906,249.1999969482422,246.0,247.99000549316406,88331100,2026-03-20
AAPL,2026-03-23 13:30:00+00:00,253.97000122070312,254.60000610351562,250.27999877929688,251.49000549316406,40546100,2026-03-23
AAPL,2026-03-24 13:30:00+00:00,250.35000610351562,254.8300018310547,249.5500030517578,251.63999938964844,45152300,2026-03-24
AAPL,2026-03-25 13:30:00+00:00,254.10000610351562,255.0,251.60000610351562,252.6199951171875,28476700,2026-03-25
AAPL,2026-03-26 13:30:00+00:00,252.1199951171875,257.0,250.77000427246094,252.88999938964844,41796700,2026-03-26
AAPL,2026-03-27 13:30:00+00:00,253.89999389648438,255.49000549316406,248.07000732421875,248.8000030517578,47900000,2026-03-27
AAPL,2026-03-30 13:30:00+00:00,250.07000732421875,250.8699951171875,245.50999450683594,246.6300048828125,39446200,2026-03-30
AAPL,2026-03-31 13:30:00+00:00,247.91000366210938,255.47999572753906,247.10000610351562,253.7899932861328,49598100,2026-03-31
AAPL,2026-04-01 13:30:00+00:00,254.0800018310547,256.17999267578125,253.3300018310547,255.6300048828125,40059400,2026-04-01
AAPL,2026-04-02 13:30:00+00:00,254.1999969482422,256.1300048828125,250.64999389648438,255.9199981689453,31289400,2026-04-02
AAPL,2026-04-06 13:30:00+00:00,256.510009765625,262.1600036621094,256.4599914550781,258.8599853515625,29329900,2026-04-06
AAPL,2026-04-07 13:30:00+00:00,256.1600036621094,256.20001220703125,245.6999969482422,253.5,62148000,2026-04-07
AAPL,2026-04-08 13:30:00+00:00,258.45001220703125,259.75,256.5299987792969,258.8999938964844,41032800,2026-04-08
AAPL,2026-04-09 13:30:00+00:00,259.0,261.1199951171875,256.07000732421875,260.489990234375,28121600,2026-04-09
AAPL,2026-04-10 13:30:00+00:00,259.9800109863281,262.19000244140625,259.0199890136719,260.4800109863281,31291500,2026-04-10
AAPL,2026-04-13 13:30:00+00:00,259.7300109863281,260.17999267578125,256.6600036621094,259.20001220703125,36234700,2026-04-13
AAPL,2026-04-14 13:30:00+00:00,259.25,261.92999267578125,257.19000244140625,258.8299865722656,48370700,2026-04-14
AAPL,2026-04-15 13:30:00+00:00,258.1600036621094,266.55999755859375,257.80999755859375,266.42999267578125,49913500,2026-04-15
AAPL,2026-04-16 13:30:00+00:00,266.79998779296875,267.1600036621094,261.2699890136719,263.3999938964844,43323100,2026-04-16
AAPL,2026-04-17 13:30:00+00:00,266.9599914550781,272.29998779296875,266.7200012207031,270.2300109863281,61436200,2026-04-17
AAPL,2026-04-20 13:30:00+00:00,270.3299865722656,274.2799987792969,270.2900085449219,273.04998779296875,36590200,2026-04-20
AAPL,2026-04-21 13:30:00+00:00,271.5,272.79998779296875,265.3999938964844,266.1700134277344,50209800,2026-04-21
AAPL,2026-04-22 13:30:00+00:00,267.82000732421875,273.739990234375,266.8699951171875,273.1700134277344,43249200,2026-04-22
AAPL,2026-04-23 13:30:00+00:00,275.04998779296875,275.7699890136719,271.6499938964844,273.42999267578125,33399600,2026-04-23
AAPL,2026-04-24 13:30:00+00:00,272.760009765625,273.05999755859375,269.6499938964844,271.05999755859375,38157100,2026-04-24
AAPL,2026-04-27 13:30:00+00:00,266.0899963378906,268.3599853515625,265.07000732421875,267.6099853515625,41466800,2026-04-27
AAPL,2026-04-28 13:30:00+00:00,272.3399963378906,273.2300109863281,268.6600036621094,270.7099914550781,40018900,2026-04-28
AAPL,2026-04-29 13:30:00+00:00,267.54998779296875,271.0400085449219,267.0400085449219,270.1700134277344,30047900,2026-04-29
AAPL,2026-04-30 13:30:00+00:00,270.5,276.0,268.1400146484375,271.3500061035156,91848200,2026-04-30
AAPL,2026-05-01 13:30:00+00:00,278.8599853515625,287.2200012207031,278.3699951171875,280.1400146484375,79915400,2026-05-01
AAPL,2026-05-04 13:30:00+00:00,279.6600036621094,280.6300048828125,274.8599853515625,276.8299865722656,46668400,2026-05-04
AAPL,2026-05-05 13:30:00+00:00,276.92999267578125,284.57000732421875,276.5,284.17999267578125,49311700,2026-05-05
AAPL,2026-05-06 13:30:00+00:00,281.9200134277344,288.0299987792969,281.07000732421875,287.510009765625,58336100,2026-05-06
AAPL,2026-05-07 13:30:00+00:00,289.2699890136719,292.1300048828125,285.7799987792969,287.44000244140625,45224300,2026-05-07
AAPL,2026-05-08 13:30:00+00:00,290.010009765625,294.760009765625,290.0,293.32000732421875,52692800,2026-05-08
AAPL,2026-05-11 13:30:00+00:00,291.9800109863281,293.8800048828125,290.2300109863281,292.67999267578125,42247300,2026-05-11
AAPL,2026-05-12 13:30:00+00:00,292.55999755859375,295.2699890136719,292.55999755859375,294.79998779296875,45748100,2026-05-12
AAPL,2026-05-13 13:30:00+00:00,293.5,300.9200134277344,293.5,298.8699951171875,52684300,2026-05-13
AAPL,2026-05-14 13:30:00+00:00,299.82000732421875,300.45001220703125,295.3800048828125,298.2099914550781,35324900,2026-05-14
AAPL,2026-05-15 13:30:00+00:00,297.8999938964844,303.20001220703125,296.5199890136719,300.2300109863281,54862800,2026-05-15
AAPL,2026-05-18 13:30:00+00:00,300.239990234375,300.6600036621094,294.9100036621094,297.8399963378906,34483000,2026-05-18
AAPL,2026-05-19 13:30:00+00:00,296.9700012207031,300.510009765625,296.3500061035156,298.9700012207031,42243600,2026-05-19
AAPL,2026-05-20 13:30:00+00:00,298.17999267578125,302.79998779296875,298.0799865722656,302.25,38229800,2026-05-20
AAPL,2026-05-21 13:30:00+00:00,301.05999755859375,305.5400085449219,300.3999938964844,304.989990234375,42965100,2026-05-21
AAPL,2026-05-22 13:30:00+00:00,306.1199951171875,311.3999938964844,305.8399963378906,308.82000732421875,43670200,2026-05-22
AAPL,2026-05-26 13:30:00+00:00,309.55999755859375,311.82000732421875,307.6700134277344,308.3299865722656,48000500,2026-05-26
AAPL,2026-05-27 13:30:00+00:00,308.3299865722656,313.260009765625,308.29998779296875,310.8500061035156,50430900,2026-05-27
AAPL,2026-05-28 13:30:00+00:00,310.67999267578125,312.79998779296875,309.57000732421875,312.510009765625,48220400,2026-05-28
AAPL,2026-05-29 13:30:00+00:00,311.7799987792969,315.0,309.5299987792969,312.05999755859375,70026800,2026-05-29
AAPL,2026-06-01 13:30:00+00:00,309.6300048828125,310.94000244140625,305.0199890136719,306.30999755859375,48849900,2026-06-01
AAPL,2026-06-02 13:30:00+00:00,307.4599914550781,315.45001220703125,306.69000244140625,315.20001220703125,44534700,2026-06-02
AAPL,2026-06-03 13:30:00+00:00,314.17999267578125,316.94000244140625,308.8500061035156,310.260009765625,50836700,2026-06-03
AAPL,2026-06-04 13:30:00+00:00,313.2300109863281,313.5400085449219,309.6499938964844,311.2300109863281,44869100,2026-06-04
AAPL,2026-06-05 13:30:00+00:00,312.8599853515625,315.1700134277344,307.1499938964844,307.3399963378906,65310500,2026-06-05
AAPL,2026-06-08 13:30:00+00:00,308.739990234375,317.3999938964844,301.1700134277344,301.5400085449219,77949100,2026-06-08
AAPL,2026-06-09 13:30:00+00:00,300.2799987792969,300.75,287.7799987792969,290.54998779296875,70108800,2026-06-09
AAPL,2026-06-10 13:30:00+00:00,290.739990234375,294.75,287.3800048828125,291.5799865722656,52793300,2026-06-10
AAPL,2026-06-11 13:30:00+00:00,293.7200012207031,297.0,289.5899963378906,295.6300048828125,42572500,2026-06-11
AAPL,2026-06-12 13:30:00+00:00,296.0299987792969,297.1400146484375,289.6199951171875,291.1300048828125,38742100,2026-06-12
AAPL,2026-06-15 13:30:00+00:00,294.1199951171875,297.7799987792969,291.70001220703125,296.4200134277344,45732600,2026-06-15
AAPL,2026-06-16 13:30:00+00:00,295.25,300.4800109863281,293.9700012207031,299.239990234375,39874400,2026-06-16
AAPL,2026-06-17 13:30:00+00:00,300.8500061035156,302.07000732421875,294.3599853515625,295.95001220703125,42745100,2026-06-17
AAPL,2026-06-18 13:30:00+00:00,298.1099853515625,300.57000732421875,295.6199951171875,298.010009765625,85962200,2026-06-18
AAPL,2026-06-22 13:30:00+00:00,297.30999755859375,302.4200134277344,296.760009765625,297.010009765625,44879900,2026-06-22
AAPL,2026-06-23 13:30:00+00:00,297.5400085449219,301.6400146484375,294.17999267578125,294.29998779296875,52010900,2026-06-23
AAPL,2026-06-24 13:30:00+00:00,295.3599853515625,299.70001220703125,292.94000244140625,293.0799865722656,53081900,2026-06-24
AAPL,2026-06-25 13:30:00+00:00,287.3999938964844,288.79998779296875,273.75,275.1499938964844,107013700,2026-06-25
AAPL,2026-06-26 13:30:00+00:00,275.0,285.95001220703125,274.2099914550781,283.7799987792969,261775500,2026-06-26
AAPL,2026-06-29 13:30:00+00:00,286.7300109863281,288.3699951171875,279.8500061035156,281.739990234375,66427000,2026-06-29
AAPL,2026-06-30 13:30:00+00:00,281.1700134277344,289.94000244140625,280.70001220703125,289.3599853515625,65100200,2026-06-30
AAPL,2026-07-01 13:30:00+00:00,293.44000244140625,296.5899963378906,289.20001220703125,294.3800048828125,50164200,2026-07-01
AAPL,2026-07-02 13:30:00+00:00,294.1199951171875,309.4200134277344,293.67999267578125,308.6300048828125,75352800,2026-07-02
AAPL,2026-07-06 13:30:00+00:00,307.3599853515625,314.20001220703125,307.0,312.6600036621094,53590000,2026-07-06
AAPL,2026-07-07 13:30:00+00:00,315.2900085449219,315.4800109863281,310.1499938964844,310.6600036621094,42490000,2026-07-07
AAPL,2026-07-08 13:30:00+00:00,311.9100036621094,314.82000732421875,307.04998779296875,313.3900146484375,41323500,2026-07-08
AAPL,2026-07-09 13:30:00+00:00,310.510009765625,316.5299987792969,308.1600036621094,316.2200012207031,48124500,2026-07-09
AAPL,2026-07-10 13:30:00+00:00,314.7200012207031,316.9100036621094,312.1700134277344,315.32000732421875,34132300,2026-07-10
AAPL,2026-07-13 13:30:00+00:00,317.0199890136719,323.45001220703125,315.7799987792969,317.30999755859375,43257800,2026-07-13
AAPL,2026-07-14 13:30:00+00:00,313.760009765625,316.19000244140625,311.9100036621094,314.8599853515625,36336800,2026-07-14
AAPL,2026-07-15 13:30:00+00:00,317.6199951171875,328.7300109863281,317.32000732421875,327.5,60957600,2026-07-15
AAPL,2026-07-16 13:30:00+00:00,328.010009765625,334.67999267578125,326.7900085449219,333.260009765625,62970600,2026-07-16
AAPL,2026-07-17 13:30:00+00:00,331.9800109863281,334.989990234375,329.0,333.739990234375,63407100,2026-07-17
AAPL,2026-07-20 13:30:00+00:00,333.510009765625,333.7099914550781,323.67999267578125,326.5899963378906,53468000,2026-07-20
AAPL,2026-07-21 13:30:00+00:00,323.1300048828125,329.6000061035156,322.2200012207031,327.739990234375,41338900,2026-07-21
AAPL,2026-07-22 13:30:00+00:00,327.8699951171875,329.0,323.3399963378906,325.8900146484375,38755900,2026-07-22
AAPL,2026-07-23 13:30:00+00:00,321.7300109863281,323.29998779296875,319.3500061035156,321.6600036621094,40840800,2026-07-23
AAPL,2026-07-24 13:30:00+00:00,321.7900085449219,334.3699951171875,321.6199951171875,333.0199890136719,47489400,2026-07-24
AAPL,2026-07-27 13:30:00+00:00,334.5400085449219,339.57000732421875,334.0199890136719,336.9100036621094,49604300,2026-07-27
AAPL,2026-07-28 13:30:00+00:00,340.0299987792969,342.8900146484375,335.6000061035156,340.0799865722656,51859000,2026-07-28
AAPL,2026-07-29 13:30:00+00:00,339.7300109863281,344.57000732421875,337.3500061035156,338.19000244140625,56090800,2026-07-29
AAPL,2026-07-30 13:30:00+00:00,333.1000061035156,334.75,329.5899963378906,333.42999267578125,74817800,2026-07-30
AAPL,2026-07-31 13:30:00+00:00,304.80999755859375,310.69000244140625,300.0,308.9100036621094,132489100,2026-07-31
AAPL,2026-08-03 13:30:00+00:00,309.5799865722656,311.79998779296875,302.55999755859375,303.4200134277344,75052000,2026-08-03
AAPL,2026-08-04 13:30:00+00:00,302.7300109863281,310.4200134277344,301.32000732421875,309.3800048828125,68001000,2026-08-04
AAPL,2026-08-05 13:30:00+00:00,309.3599853515625,311.7099914550781,305.6700134277344,311.0,49438800,2026-08-05
AAPL,2026-08-06 13:30:00+00:00,314.3399963378906,316.2900085449219,309.2300109863281,312.4100036621094,46139900,2026-08-06
AAPL,2026-08-07 13:30:00+00:00,311.45001220703125,314.80999755859375,310.739990234375,313.3299865722656,34437200,2026-08-07
AAPL,2026-08-10 13:30:00+00:00,306.8299865722656,308.260009765625,304.6099853515625,308.260009765625,44812500,2026-08-10
AAPL,2026-08-11 13:30:00+00:00,307.75,309.9700012207031,302.7900085449219,304.9100036621094,37476700,2026-08-11
AAPL,2026-08-12 13:30:00+00:00,305.1000061035156,305.6600036621094,300.57000732421875,302.25,41657800,2026-08-12
AAPL,2026-08-13 13:30:00+00:00,304.2099914550781,306.0,302.04998779296875,305.260009765625,40349300,2026-08-13
AAPL,2026-08-14 13:30:00+00:00,306.0,307.489990234375,304.29998779296875,305.92999267578125,28229400,2026-08-14
AAPL,2026-08-17 13:30:00+00:00,306.2099914550781,307.6600036621094,302.94000244140625,305.5899963378906,38169300,2026-08-17
AAPL,2026-08-18 13:30:00+00:00,307.5799865722656,311.489990234375,305.739990234375,310.0299987792969,53424500,2026-08-18
AAPL,2026-08-19 13:30:00+00:00,310.1400146484375,319.2799987792969,309.6000061035156,316.8299865722656,50505600,2026-08-19
AAPL,2026-08-20 13:30:00+00:00,317.4599914550781,320.2799987792969,310.6499938964844,311.29998779296875,40959200,2026-08-20
AAPL,2026-08-21 13:30:00+00:00,312.04998779296875,312.3800048828125,307.010009765625,309.3500061035156,46876800,2026-08-21
AAPL,2026-08-24 13:30:00+00:00,311.4700012207031,313.3599853515625,309.9700012207031,310.3399963378906,34673600,2026-08-24
AAPL,2026-08-25 13:30:00+00:00,310.7900085449219,313.5899963378906,308.2099914550781,309.8999938964844,25869800,2026-08-25
AAPL,2026-08-26 13:30:00+00:00,310.29998779296875,315.42999267578125,308.79998779296875,313.45001220703125,34024500,2026-08-26
AAPL,2026-08-27 13:30:00+00:00,310.54998779296875,315.3999938964844,309.3999938964844,314.5799865722656,32419200,2026-08-27
AAPL,2026-08-28 13:30:00+00:00,316.8500061035156,322.3699951171875,315.45001220703125,319.70001220703125,38649400,2026-08-28
AAPL,2026-08-31 13:30:00+00:00,319.6000061035156,321.239990234375,312.79998779296875,316.8500061035156,41242700,2026-08-31
AAPL,2026-09-01 13:30:00+00:00,316.9800109863281,327.29998779296875,314.7300109863281,325.1300048828125,53167400,2026-09-01
AAPL,2026-09-02 13:30:00+00:00,326.8699951171875,328.3999938964844,323.5299987792969,324.9599914550781,33776400,2026-09-02
AAPL,2026-09-03 13:30:00+00:00,324.8699951171875,330.80999755859375,324.1099853515625,328.2099914550781,37225800,2026-09-03
AAPL,2026-09-04 13:30:00+00:00,328.30999755859375,328.92999267578125,317.8599853515625,319.9700012207031,39606900,2026-09-04
AAPL,2026-09-08 13:30:00+00:00,317.1000061035156,320.70001220703125,314.8999938964844,316.2200012207031,35477100,2026-09-08
AAPL,2026-09-09 13:30:00+00:00,315.489990234375,319.1499938964844,309.8999938964844,315.3399963378906,65640000,2026-09-09
AAPL,2026-09-10 13:30:00+00:00,316.6700134277344,326.739990234375,316.510009765625,326.57000732421875,70011900,2026-09-10
AAPL,2026-09-11 13:30:00+00:00,327.45001220703125,336.2200012207031,326.29998779296875,332.2699890136719,50716900,2026-09-11
AAPL,2026-09-14 13:30:00+00:00,334.7900085449219,335.5,331.3399963378906,333.0799865722656,39269100,2026-09-14
AAPL,2026-09-15 13:30:00+00:00,330.1400146484375,331.7799987792969,328.3500061035156,331.3399963378906,31748200,2026-09-15
AAPL,2026-09-16 13:30:00+00:00,332.5299987792969,335.4800109863281,330.70001220703125,332.4100036621094,35981000,2026-09-16
AAPL,2026-09-17 13:30:00+00:00,334.7699890136719,338.3399963378906,330.17999267578125,337.0,36700200,2026-09-17
AAPL,2026-09-18 13:30:00+00:00,337.9100036621094,338.489990234375,332.5299987792969,336.1300048828125,86588200,2026-09-18
AAPL,2026-09-21 13:30:00+00:00,335.2799987792969,339.6400146484375,333.04998779296875,338.9800109863281,34999200,2026-09-21
AAPL,2026-09-22 13:30:00+00:00,340.1400146484375,345.3399963378906,338.75,339.75,40711800,2026-09-22
AAPL,2026-09-23 13:30:00+00:00,341.0799865722656,341.79998779296875,335.5,337.0199890136719,31658800,2026-09-23
AAPL,2026-09-24 13:30:00+00:00,336.7200012207031,338.9100036621094,334.29998779296875,335.9200134277344,24733100,2026-09-24
AAPL,2026-09-25 13:30:00+00:00,336.0400085449219,341.6700134277344,334.5299987792969,341.07000732421875,30002500,2026-09-25
AAPL,2026-09-28 13:30:00+00:00,340.3699951171875,342.989990234375,338.0400085449219,338.3999938964844,32820800,2026-09-28
AAPL,2026-09-29 13:30:00+00:00,336.9700012207031,337.0899963378906,328.70001220703125,329.3999938964844,38478000,2026-09-29
AAPL,2026-09-30 13:30:00+00:00,330.79998779296875,339.5,330.1400146484375,333.0199890136719,49988600,2026-09-30
AAPL,2026-10-01 13:30:00+00:00,330.0,332.4800109863281,325.80999755859375,330.32000732421875,36306300,2026-10-01
AAPL,2026-10-02 13:30:00+00:00,333.260009765625,334.5400085449219,330.6099853515625,333.69000244140625,33245500,2026-10-02
MSFT,2024-10-03 13:30:00+00:00,417.6300048828125,419.54998779296875,414.2900085449219,416.5400085449219,13686400,2024-10-03
MSFT,2024-10-04 13:30:00+00:00,418.239990234375,419.75,414.9700012207031,416.05999755859375,19169700,2024-10-04
MSFT,2024-10-07 13:30:00+00:00,416.0,417.1099853515625,409.0,409.5400085449219,20919800,2024-10-07
MSFT,2024-10-08 13:30:00+00:00,410.8999938964844,415.6600036621094,408.1700134277344,414.7099914550781,19229300,2024-10-08
MSFT,2024-10-09 13:30:00+00:00,415.8599853515625,420.3800048828125,414.29998779296875,417.4599914550781,14974300,2024-10-09
MSFT,2024-10-10 13:30:00+00:00,415.2300109863281,417.3500061035156,413.1499938964844,415.8399963378906,13848400,2024-10-10
MSFT,2024-10-11 13:30:00+00:00,416.1400146484375,417.1300048828125,413.25,416.32000732421875,14144900,2024-10-11
MSFT,2024-10-14 13:30:00+00:00,417.7699890136719,424.0400085449219,417.5199890136719,419.1400146484375,16653100,2024-10-14
MSFT,2024-10-15 13:30:00+00:00,422.17999267578125,422.4800109863281,415.260009765625,418.739990234375,18900200,2024-10-15
MSFT,2024-10-16 13:30:00+00:00,415.1700134277344,416.3599853515625,410.4800109863281,416.1199951171875,15508900,2024-10-16
MSFT,2024-10-17 13:30:00+00:00,422.3599853515625,422.5,415.5899963378906,416.7200012207031,14820000,2024-10-17
MSFT,2024-10-18 13:30:00+00:00,417.1400146484375,419.6499938964844,416.260009765625,418.1600036621094,17145300,2024-10-18
MSFT,2024-10-21 13:30:00+00:00,416.1199951171875,418.9599914550781,413.75,418.7799987792969,14206100,2024-10-21
MSFT,2024-10-22 13:30:00+00:00,418.489990234375,430.5799865722656,418.0400085449219,427.510009765625,25482200,2024-10-22
MSFT,2024-10-23 13:30:00+00:00,430.8599853515625,431.0799865722656,422.5299987792969,424.6000061035156,19654400,2024-10-23
MSFT,2024-10-24 13:30:00+00:00,425.3299865722656,425.9800109863281,422.3999938964844,424.7300109863281,13581600,2024-10-24
MSFT,2024-10-25 13:30:00+00:00,426.760009765625,432.5199890136719,426.57000732421875,428.1499938964844,16899100,2024-10-25
MSFT,2024-10-28 13:30:00+00:00,431.6600036621094,431.94000244140625,426.29998779296875,426.5899963378906,14882400,2024-10-28
MSFT,2024-10-29 13:30:00+00:00,428.0,433.1700134277344,425.79998779296875,431.95001220703125,17644100,2024-10-29
MSFT,2024-10-30 13:30:00+00:00,437.44000244140625,438.5,432.1000061035156,432.5299987792969,29749100,2024-10-30
MSFT,2024-10-31 13:30:00+00:00,415.3599853515625,416.1600036621094,406.29998779296875,406.3500061035156,53971000,2024-10-31
MSFT,2024-11-01 13:30:00+00:00,409.010009765625,415.5,407.5,410.3699951171875,24230400,2024-11-01
MSFT,2024-11-04 14:30:00+00:00,409.79998779296875,410.4200134277344,405.57000732421875,408.4599914550781,19672300,2024-11-04
MSFT,2024-11-05 14:30:00+00:00,408.3699951171875,414.8999938964844,408.0799865722656,411.4599914550781,17626000,2024-11-05
MSFT,2024-11-06 14:30:00+00:00,412.4200134277344,420.45001220703125,410.5199890136719,420.17999267578125,26681800,2024-11-06
MSFT,2024-11-07 14:30:00+00:00,421.2799987792969,426.8500061035156,419.8800048828125,425.42999267578125,19901800,2024-11-07
MSFT,2024-11-08 14:30:00+00:00,425.32000732421875,426.5,421.7799987792969,422.5400085449219,16891400,2024-11-08
MSFT,2024-11-11 14:30:00+00:00,422.5199890136719,424.80999755859375,416.0,418.010009765625,24503300,2024-11-11
MSFT,2024-11-12 14:30:00+00:00,418.25,424.44000244140625,417.20001220703125,423.0299987792969,19401200,2024-11-12
MSFT,2024-11-13 14:30:00+00:00,421.6400146484375,429.3299865722656,418.2099914550781,425.20001220703125,21502200,2024-11-13
MSFT,2024-11-14 14:30:00+00:00,425.0,428.1700134277344,420.0,426.8900146484375,30246900,2024-11-14
MSFT,2024-11-15 14:30:00+00:00,419.82000732421875,422.79998779296875,413.6400146484375,415.0,28247600,2024-11-15
MSFT,2024-11-18 14:30:00+00:00,414.8699951171875,418.3999938964844,412.1000061035156,415.760009765625,24727000,2024-11-18
MSFT,2024-11-19 14:30:00+00:00,413.1099853515625,417.94000244140625,411.54998779296875,417.7900085449219,18133500,2024-11-19
MSFT,2024-11-20 14:30:00+00:00,416.8699951171875,417.2900085449219,410.5799865722656,415.489990234375,19191700,2024-11-20
MSFT,2024-11-21 14:30:00+00:00,419.5,419.7799987792969,410.2900085449219,412.8699951171875,20780200,2024-11-21
MSFT,2024-11-22 14:30:00+00:00,411.3699951171875,417.3999938964844,411.05999755859375,417.0,24814600,2024-11-22
MSFT,2024-11-25 14:30:00+00:00,418.3800048828125,421.0799865722656,414.8500061035156,418.7900085449219,27691100,2024-11-25
MSFT,2024-11-26 14:30:00+00:00,419.5899963378906,429.0400085449219,418.8500061035156,427.989990234375,23458900,2024-11-26
MSFT,2024-11-27 14:30:00+00:00,425.1099853515625,427.2300109863281,422.0199890136719,422.989990234375,18332400,2024-11-27
MSFT,2024-11-29 14:30:00+00:00,420.0899963378906,424.8800048828125,417.79998779296875,423.4599914550781,16271900,2024-11-29
MSFT,2024-12-02 14:30:00+00:00,421.57000732421875,433.0,421.30999755859375,430.9800109863281,20207200,2024-12-02
MSFT,2024-12-03 14:30:00+00:00,429.8399963378906,432.4700012207031,427.739990234375,431.20001220703125,18302000,2024-12-03
MSFT,2024-12-04 14:30:00+00:00,433.0299987792969,439.6700134277344,432.6300048828125,437.4200134277344,26009400,2024-12-04
MSFT,2024-12-05 14:30:00+00:00,437.9200134277344,444.6600036621094,436.1700134277344,442.6199951171875,21697800,2024-12-05
MSFT,2024-12-06 14:30:00+00:00,442.29998779296875,446.1000061035156,441.7699890136719,443.57000732421875,18821000,2024-12-06
MSFT,2024-12-09 14:30:00+00:00,442.6000061035156,448.3299865722656,440.5,446.0199890136719,19144400,2024-12-09
MSFT,2024-12-10 14:30:00+00:00,444.3900146484375,449.6199951171875,441.6000061035156,443.3299865722656,18469500,2024-12-10
MSFT,2024-12-11 14:30:00+00:00,444.04998779296875,450.3500061035156,444.04998779296875,448.989990234375,19200200,2024-12-11
MSFT,2024-12-12 14:30:00+00:00,449.1099853515625,456.1600036621094,449.1099853515625,449.55999755859375,20834800,2024-12-12
MSFT,2024-12-13 14:30:00+00:00,448.44000244140625,451.42999267578125,445.5799865722656,447.2699890136719,20177800,2024-12-13
MSFT,2024-12-16 14:30:00+00:00,447.2699890136719,452.17999267578125,445.2799987792969,451.5899963378906,23598800,2024-12-16
MSFT,2024-12-17 14:30:00+00:00,451.010009765625,455.2900085449219,449.57000732421875,454.4599914550781,22733500,2024-12-17
MSFT,2024-12-18 14:30:00+00:00,451.32000732421875,452.6499938964844,437.0199890136719,437.3900146484375,24444500,2024-12-18
MSFT,2024-12-19 14:30:00+00:00,441.6199951171875,443.17999267578125,436.32000732421875,437.0299987792969,22963700,2024-12-19
MSFT,2024-12-20 14:30:00+00:00,433.1099853515625,443.739990234375,428.6300048828125,436.6000061035156,64263700,2024-12-20
MSFT,2024-12-23 14:30:00+00:00,436.739990234375,437.6499938964844,432.8299865722656,435.25,19152500,2024-12-23
MSFT,2024-12-24 14:30:00+00:00,434.6499938964844,439.6000061035156,434.19000244140625,439.3299865722656,7164500,2024-12-24
MSFT,2024-12-26 14:30:00+00:00,439.0799865722656,440.94000244140625,436.6300048828125,438.1099853515625,8194200,2024-12-26
MSFT,2024-12-27 14:30:00+00:00,434.6000061035156,435.2200012207031,426.3500061035156,430.5299987792969,18117700,2024-12-27
MSFT,2024-12-30 14:30:00+00:00,426.05999755859375,427.54998779296875,421.8999938964844,424.8299865722656,13158700,2024-12-30
MSFT,2024-12-31 14:30:00+00:00,426.1000061035156,426.7300109863281,420.6600036621094,421.5,13246500,2024-12-31
MSFT,2025-01-02 14:30:00+00:00,425.5299987792969,426.07000732421875,414.8500061035156,418.5799865722656,16896500,2025-01-02
MSFT,2025-01-03 14:30:00+00:00,421.0799865722656,424.0299987792969,419.5400085449219,423.3500061035156,16662900,2025-01-03
MSFT,2025-01-06 14:30:00+00:00,428.0,434.32000732421875,425.4800109863281,427.8500061035156,20573600,2025-01-06
MSFT,2025-01-07 14:30:00+00:00,429.0,430.6499938964844,420.79998779296875,422.3699951171875,18139100,2025-01-07
MSFT,2025-01-08 14:30:00+00:00,423.4599914550781,426.9700012207031,421.5400085449219,424.55999755859375,15054600,2025-01-08
MSFT,2025-01-10 14:30:00+00:00,424.6300048828125,424.7099914550781,415.0199890136719,418.95001220703125,20201100,2025-01-10
MSFT,2025-01-13 14:30:00+00:00,415.239990234375,418.5,412.2900085449219,417.19000244140625,17604800,2025-01-13
MSFT,2025-01-14 14:30:00+00:00,417.80999755859375,419.739990234375,410.7200012207031,415.6700134277344,16935900,2025-01-14
MSFT,2025-01-15 14:30:00+00:00,419.1300048828125,428.1499938964844,418.2699890136719,426.30999755859375,19637800,2025-01-15
MSFT,2025-01-16 14:30:00+00:00,428.70001220703125,429.489990234375,424.3900146484375,424.5799865722656,15300000,2025-01-16
MSFT,2025-01-17 14:30:00+00:00,434.0899963378906,434.4800109863281,428.1700134277344,429.0299987792969,26197500,2025-01-17
MSFT,2025-01-21 14:30:00+00:00,430.20001220703125,430.8999938964844,425.6000061035156,428.5,26085700,2025-01-21
MSFT,2025-01-22 14:30:00+00:00,437.55999755859375,447.2699890136719,436.0,446.20001220703125,27803800,2025-01-22
MSFT,2025-01-23 14:30:00+00:00,442.0,446.75,441.5,446.7099914550781,18389300,2025-01-23
MSFT,2025-01-24 14:30:00+00:00,445.1600036621094,446.6499938964844,441.3999938964844,444.05999755859375,15549500,2025-01-24
MSFT,2025-01-27 14:30:00+00:00,424.010009765625,435.20001220703125,423.5,434.55999755859375,35647800,2025-01-27
MSFT,2025-01-28 14:30:00+00:00,434.6000061035156,448.3800048828125,431.3800048828125,447.20001220703125,23491700,2025-01-28
MSFT,2025-01-29 14:30:00+00:00,446.69000244140625,446.8800048828125,440.3999938964844,442.3299865722656,23581400,2025-01-29
MSFT,2025-01-30 14:30:00+00:00,418.7699890136719,422.8599853515625,413.1600036621094,414.989990234375,54586300,2025-01-30
MSFT,2025-01-31 14:30:00+00:00,418.9800109863281,420.69000244140625,414.9100036621094,415.05999755859375,34161900,2025-01-31
MSFT,2025-02-03 14:30:00+00:00,411.6000061035156,415.4100036621094,408.6600036621094,410.9200134277344,25679100,2025-02-03
MSFT,2025-02-04 14:30:00+00:00,412.69000244140625,413.9200134277344,409.739990234375,412.3699951171875,20532100,2025-02-04
MSFT,2025-02-05 14:30:00+00:00,412.3500061035156,413.8299865722656,410.3999938964844,413.2900085449219,16316700,2025-02-05
MSFT,2025-02-06 14:30:00+00:00,414.0,418.20001220703125,414.0,415.82000732421875,16309800,2025-02-06
MSFT,2025-02-07 14:30:00+00:00,416.4800109863281,418.6499938964844,408.1000061035156,409.75,22886800,2025-02-07
MSFT,2025-02-10 14:30:00+00:00,413.7099914550781,415.4599914550781,410.9200134277344,412.2200012207031,20817900,2025-02-10
MSFT,2025-02-11 14:30:00+00:00,409.6400146484375,412.489990234375,409.29998779296875,411.44000244140625,18140600,2025-02-11
MSFT,2025-02-12 14:30:00+00:00,407.2099914550781,410.75,404.3699951171875,409.0400085449219,19121700,2025-02-12
MSFT,2025-02-13 14:30:00+00:00,407.0,411.0,406.3599853515625,410.5400085449219,23891700,2025-02-13
MSFT,2025-02-14 14:30:00+00:00,407.7900085449219,408.9100036621094,405.8800048828125,408.42999267578125,22758500,2025-02-14
MSFT,2025-02-18 14:30:00+00:00,408.0,410.6000061035156,406.5,409.6400146484375,21423100,2025-02-18
MSFT,2025-02-19 14:30:00+00:00,407.8800048828125,415.489990234375,407.6499938964844,414.7699890136719,24114200,2025-02-19
MSFT,2025-02-20 14:30:00+00:00,415.2900085449219,419.30999755859375,412.5400085449219,416.1300048828125,23508700,2025-02-20
MSFT,2025-02-21 14:30:00+00:00,417.3399963378906,418.04998779296875,407.8900146484375,408.2099914550781,27524800,2025-02-21
MSFT,2025-02-24 14:30:00+00:00,408.510009765625,409.3699951171875,399.32000732421875,404.0,26443700,2025-02-24
MSFT,2025-02-25 14:30:00+00:00,401.1000061035156,401.9200134277344,396.70001220703125,397.8999938964844,29387400,2025-02-25
MSFT,2025-02-26 14:30:00+00:00,398.010009765625,403.6000061035156,394.25,399.7300109863281,19619000,2025-02-26
MSFT,2025-02-27 14:30:00+00:00,401.2699890136719,405.739990234375,392.1700134277344,392.5299987792969,21127400,2025-02-27
MSFT,2025-02-28 14:30:00+00:00,392.6600036621094,397.6300048828125,386.57000732421875,396.989990234375,32845700,2025-02-28
MSFT,2025-03-03 14:30:00+00:00,398.82000732421875,398.82000732421875,386.1600036621094,388.489990234375,23007700,2025-03-03
MSFT,2025-03-04 14:30:00+00:00,383.3999938964844,392.5799865722656,381.0,388.6099853515625,29342900,2025-03-04
MSFT,2025-03-05 14:30:00+00:00,389.3399963378906,401.6700134277344,388.80999755859375,401.0199890136719,23433100,2025-03-05
MSFT,2025-03-06 14:30:00+00:00,394.2799987792969,402.1499938964844,392.67999267578125,396.8900146484375,23304600,2025-03-06
MSFT,2025-03-07 14:30:00+00:00,392.32000732421875,394.79998779296875,385.5400085449219,393.30999755859375,22034100,2025-03-07
MSFT,2025-03-10 13:30:00+00:00,385.8399963378906,386.3999938964844,377.2200012207031,380.1600036621094,32840100,2025-03-10
MSFT,2025-03-11 13:30:00+00:00,379.0,386.0,376.9100036621094,380.45001220703125,30380200,2025-03-11
MSFT,2025-03-12 13:30:00+00:00,382.95001220703125,385.2200012207031,378.95001220703125,383.2699890136719,24253600,2025-03-12
MSFT,2025-03-13 13:30:00+00:00,383.1600036621094,385.32000732421875,377.45001220703125,378.7699890136719,20473000,2025-03-13
MSFT,2025-03-14 13:30:00+00:00,379.7799987792969,390.2300109863281,379.510009765625,388.55999755859375,19952800,2025-03-14
MSFT,2025-03-17 13:30:00+00:00,386.70001220703125,392.7099914550781,385.57000732421875,388.70001220703125,22474300,2025-03-17
MSFT,2025-03-18 13:30:00+00:00,387.07000732421875,387.3699951171875,381.1000061035156,383.5199890136719,19486900,2025-03-18
MSFT,2025-03-19 13:30:00+00:00,385.5299987792969,389.67999267578125,384.0,387.82000732421875,19185500,2025-03-19
MSFT,2025-03-20 13:30:00+00:00,385.739990234375,391.7900085449219,383.2799987792969,386.8399963378906,18470500,2025-03-20
MSFT,2025-03-21 13:30:00+00:00,383.2200012207031,391.739990234375,382.79998779296875,391.260009765625,39675900,2025-03-21
MSFT,2025-03-24 13:30:00+00:00,395.3999938964844,395.3999938964844,389.80999755859375,393.0799865722656,21004500,2025-03-24
MSFT,2025-03-25 13:30:00+00:00,393.9200134277344,396.3599853515625,392.6400146484375,395.1600036621094,15775000,2025-03-25
MSFT,2025-03-26 13:30:00+00:00,395.0,395.30999755859375,388.57000732421875,389.9700012207031,16108400,2025-03-26
MSFT,2025-03-27 13:30:00+00:00,390.1300048828125,392.239990234375,387.3999938964844,390.5799865722656,13766800,2025-03-27
MSFT,2025-03-28 13:30:00+00:00,388.0799865722656,389.1300048828125,376.92999267578125,378.79998779296875,21632000,2025-03-28
MSFT,2025-03-31 13:30:00+00:00,372.5400085449219,377.07000732421875,367.239990234375,375.3900146484375,35184700,2025-03-31
MSFT,2025-04-01 13:30:00+00:00,374.6499938964844,382.8500061035156,373.2300109863281,382.19000244140625,19689500,2025-04-01
MSFT,2025-04-02 13:30:00+00:00,377.9700012207031,385.0799865722656,376.6199951171875,382.1400146484375,16092600,2025-04-02
MSFT,2025-04-03 13:30:00+00:00,374.7900085449219,377.4800109863281,369.3500061035156,373.1099853515625,30198000,2025-04-03
MSFT,2025-04-04 13:30:00+00:00,364.1300048828125,374.5899963378906,359.4800109863281,359.8399963378906,49209900,2025-04-04
MSFT,2025-04-07 13:30:00+00:00,350.8800048828125,371.0,344.7900085449219,357.8599853515625,50425000,2025-04-07
MSFT,2025-04-08 13:30:00+00:00,368.260009765625,373.6499938964844,350.25,354.55999755859375,35868900,2025-04-08
MSFT,2025-04-09 13:30:00+00:00,353.5400085449219,393.2300109863281,353.1000061035156,390.489990234375,50199700,2025-04-09
MSFT,2025-04-10 13:30:00+00:00,382.05999755859375,383.8999938964844,367.79998779296875,381.3500061035156,38024400,2025-04-10
MSFT,2025-04-11 13:30:00+00:00,380.6400146484375,390.04998779296875,378.8900146484375,388.45001220703125,23839200,2025-04-11
MSFT,2025-04-14 13:30:00+00:00,393.2200012207031,394.6499938964844,384.2099914550781,387.80999755859375,19251200,2025-04-14
MSFT,2025-04-15 13:30:00+00:00,388.510009765625,391.8900146484375,384.1600036621094,385.7300109863281,17199900,2025-04-15
MSFT,2025-04-16 13:30:00+00:00,380.6700134277344,381.6099853515625,368.0,371.6099853515625,21967800,2025-04-16
MSFT,2025-04-17 13:30:00+00:00,373.75,374.32000732421875,366.8900146484375,367.7799987792969,21120200,2025-04-17
MSFT,2025-04-21 13:30:00+00:00,362.82000732421875,364.4800109863281,355.6700134277344,359.1199951171875,20807300,2025-04-21
MSFT,2025-04-22 13:30:00+00:00,363.3800048828125,367.7699890136719,359.8599853515625,366.82000732421875,19485000,2025-04-22
MSFT,2025-04-23 13:30:00+00:00,376.05999755859375,380.3900146484375,373.0199890136719,374.3900146484375,20545500,2025-04-23
MSFT,2025-04-24 13:30:00+00:00,375.70001220703125,388.45001220703125,375.19000244140625,387.29998779296875,22232300,2025-04-24
MSFT,2025-04-25 13:30:00+00:00,387.0,392.1600036621094,384.6000061035156,391.8500061035156,18973200,2025-04-25
MSFT,2025-04-28 13:30:00+00:00,391.9599914550781,392.739990234375,386.6400146484375,391.1600036621094,16579400,2025-04-28
MSFT,2025-04-29 13:30:00+00:00,391.29998779296875,395.1000061035156,390.3800048828125,394.0400085449219,14974000,2025-04-29
MSFT,2025-04-30 13:30:00+00:00,390.29998779296875,396.6600036621094,384.44000244140625,395.260009765625,36461100,2025-04-30
MSFT,2025-05-01 13:30:00+00:00,431.1099853515625,436.989990234375,424.8999938964844,425.3999938964844,58938100,2025-05-01
MSFT,2025-05-02 13:30:00+00:00,431.739990234375,439.44000244140625,429.989990234375,435.2799987792969,30757400,2025-05-02
MSFT,2025-05-05 13:30:00+00:00,432.8699951171875,439.5,432.1099853515625,436.1700134277344,20136100,2025-05-05
MSFT,2025-05-06 13:30:00+00:00,432.20001220703125,437.7300109863281,431.1700134277344,433.30999755859375,15104200,2025-05-06
MSFT,2025-05-07 13:30:00+00:00,433.8399963378906,438.1199951171875,431.1099853515625,433.3500061035156,23295300,2025-05-07
MSFT,2025-05-08 13:30:00+00:00,437.92999267578125,443.6700134277344,435.6600036621094,438.1700134277344,23491300,2025-05-08
MSFT,2025-05-09 13:30:00+00:00,440.0,440.739990234375,435.8800048828125,438.7300109863281,15324200,2025-05-09
MSFT,2025-05-12 13:30:00+00:00,445.94000244140625,449.3699951171875,439.7799987792969,449.260009765625,22821900,2025-05-12
MSFT,2025-05-13 13:30:00+00:00,447.7799987792969,450.6700134277344,445.3599853515625,449.1400146484375,23618800,2025-05-13
MSFT,2025-05-14 13:30:00+00:00,448.1400146484375,453.8999938964844,448.1400146484375,452.94000244140625,19902800,2025-05-14
MSFT,2025-05-15 13:30:00+00:00,450.7699890136719,456.19000244140625,450.42999267578125,453.1300048828125,21992300,2025-05-15
MSFT,2025-05-16 13:30:00+00:00,452.04998779296875,454.3599853515625,448.7300109863281,454.2699890136719,23849800,2025-05-16
MSFT,2025-05-19 13:30:00+00:00,450.8800048828125,459.5899963378906,450.79998779296875,458.8699951171875,21336500,2025-05-19
MSFT,2025-05-20 13:30:00+00:00,455.5899963378906,458.3399963378906,454.32000732421875,458.1700134277344,15441800,2025-05-20
MSFT,2025-05-21 13:30:00+00:00,454.57000732421875,457.7799987792969,451.80999755859375,452.57000732421875,19216900,2025-05-21
MSFT,2025-05-22 13:30:00+00:00,454.95001220703125,460.25,453.8999938964844,454.8599853515625,18025600,2025-05-22
MSFT,2025-05-23 13:30:00+00:00,449.9800109863281,453.69000244140625,448.9100036621094,450.17999267578125,16883500,2025-05-23
MSFT,2025-05-27 13:30:00+00:00,456.4800109863281,460.95001220703125,456.1199951171875,460.69000244140625,20974300,2025-05-27
MSFT,2025-05-28 13:30:00+00:00,461.2200012207031,462.5199890136719,456.92999267578125,457.3599853515625,17086300,2025-05-28
MSFT,2025-05-29 13:30:00+00:00,461.54998779296875,461.7200012207031,455.30999755859375,458.67999267578125,13974800,2025-05-29
MSFT,2025-05-30 13:30:00+00:00,459.7200012207031,461.67999267578125,455.5400085449219,460.3599853515625,34770500,2025-05-30
MSFT,2025-06-02 13:30:00+00:00,457.1400146484375,462.1099853515625,456.8900146484375,461.9700012207031,16626500,2025-06-02
MSFT,2025-06-03 13:30:00+00:00,461.4700012207031,464.1400146484375,460.8599853515625,462.9700012207031,15743800,2025-06-03
MSFT,2025-06-04 13:30:00+00:00,464.0,465.69000244140625,463.0199890136719,463.8699951171875,14162700,2025-06-04
MSFT,2025-06-05 13:30:00+00:00,464.9599914550781,469.6499938964844,464.0299987792969,467.67999267578125,20131700,2025-06-05
MSFT,2025-06-06 13:30:00+00:00,470.0899963378906,473.3399963378906,468.7799987792969,470.3800048828125,15285600,2025-06-06
MSFT,2025-06-09 13:30:00+00:00,469.70001220703125,473.42999267578125,468.6199951171875,472.75,16469900,2025-06-09
MSFT,2025-06-10 13:30:00+00:00,471.19000244140625,472.79998779296875,466.9599914550781,470.9200134277344,15375900,2025-06-10
MSFT,2025-06-11 13:30:00+00:00,470.0199890136719,475.4700012207031,469.6600036621094,472.6199951171875,16399200,2025-06-11
MSFT,2025-06-12 13:30:00+00:00,475.0199890136719,480.4200134277344,473.5199890136719,478.8699951171875,18950600,2025-06-12
MSFT,2025-06-13 13:30:00+00:00,476.4100036621094,479.17999267578125,472.760009765625,474.9599914550781,16814500,2025-06-13
MSFT,2025-06-16 13:30:00+00:00,475.2099914550781,480.69000244140625,475.0,479.1400146484375,15626100,2025-06-16
MSFT,2025-06-17 13:30:00+00:00,475.3999938964844,478.739990234375,474.0799865722656,478.0400085449219,15414100,2025-06-17
MSFT,2025-06-18 13:30:00+00:00,478.0,481.0,474.4599914550781,480.239990234375,17526500,2025-06-18
MSFT,2025-06-20 13:30:00+00:00,482.2300109863281,483.4599914550781,476.8699951171875,477.3999938964844,37576200,2025-06-20
MSFT,2025-06-23 13:30:00+00:00,478.2099914550781,487.75,472.510009765625,486.0,24864000,2025-06-23
MSFT,2025-06-24 13:30:00+00:00,488.95001220703125,491.8500061035156,486.79998779296875,490.1099853515625,22305600,2025-06-24
MSFT,2025-06-25 13:30:00+00:00,492.0400085449219,494.55999755859375,489.3900146484375,492.2699890136719,17495100,2025-06-25
MSFT,2025-06-26 13:30:00+00:00,492.9800109863281,498.0400085449219,492.80999755859375,497.45001220703125,21578900,2025-06-26
MSFT,2025-06-27 13:30:00+00:00,497.54998779296875,499.29998779296875,493.0299987792969,495.94000244140625,34539200,2025-06-27
MSFT,2025-06-30 13:30:00+00:00,497.0400085449219,500.760009765625,495.3299865722656,497.4100036621094,28369000,2025-06-30
MSFT,2025-07-01 13:30:00+00:00,496.4700012207031,498.04998779296875,490.9800109863281,492.04998779296875,19945400,2025-07-01
MSFT,2025-07-02 13:30:00+00:00,489.989990234375,493.5,488.70001220703125,491.0899963378906,16319600,2025-07-02
MSFT,2025-07-03 13:30:00+00:00,493.80999755859375,500.1300048828125,493.44000244140625,498.8399963378906,13984800,2025-07-03
MSFT,2025-07-07 13:30:00+00:00,497.3800048828125,498.75,495.2300109863281,497.7200012207031,13981600,2025-07-07
MSFT,2025-07-08 13:30:00+00:00,497.239990234375,498.20001220703125,494.1099853515625,496.6199951171875,11846600,2025-07-08
MSFT,2025-07-09 13:30:00+00:00,500.29998779296875,506.7799987792969,499.739990234375,503.510009765625,18659500,2025-07-09
MSFT,2025-07-10 13:30:00+00:00,503.04998779296875,504.44000244140625,497.75,501.4800109863281,16492100,2025-07-10
MSFT,2025-07-11 13:30:00+00:00,498.4700012207031,505.0299987792969,497.79998779296875,503.32000732421875,16459500,2025-07-11
MSFT,2025-07-14 13:30:00+00:00,501.5199890136719,503.9700012207031,501.0299987792969,503.0199890136719,12058800,2025-07-14
MSFT,2025-07-15 13:30:00+00:00,503.0199890136719,508.29998779296875,502.7900085449219,505.82000732421875,14927200,2025-07-15
MSFT,2025-07-16 13:30:00+00:00,505.17999267578125,506.7200012207031,501.8900146484375,505.6199951171875,15154400,2025-07-16
MSFT,2025-07-17 13:30:00+00:00,505.67999267578125,513.3699951171875,505.6199951171875,511.70001220703125,17503100,2025-07-17
MSFT,2025-07-18 13:30:00+00:00,514.47998046875,514.6400146484375,507.42999267578125,510.04998779296875,21209700,2025-07-18
MSFT,2025-07-21 13:30:00+00:00,506.7099914550781,512.0900268554688,505.54998779296875,510.05999755859375,14066800,2025-07-21
MSFT,2025-07-22 13:30:00+00:00,510.9700012207031,511.20001220703125,505.2699890136719,505.2699890136719,13868600,2025-07-22
MSFT,2025-07-23 13:30:00+00:00,506.75,506.7900085449219,500.70001220703125,505.8699951171875,16396600,2025-07-23
MSFT,2025-07-24 13:30:00+00:00,508.7699890136719,513.6699829101562,507.29998779296875,510.8800048828125,16107000,2025-07-24
MSFT,2025-07-25 13:30:00+00:00,512.469970703125,518.2899780273438,510.3599853515625,513.7100219726562,19125700,2025-07-25
MSFT,2025-07-28 13:30:00+00:00,514.0800170898438,515.0,510.1199951171875,512.5,14308000,2025-07-28
MSFT,2025-07-29 13:30:00+00:00,515.530029296875,517.6199951171875,511.55999755859375,512.5700073242188,16469200,2025-07-29
MSFT,2025-07-30 13:30:00+00:00,515.1699829101562,515.9500122070312,509.44000244140625,513.239990234375,26380400,2025-07-30
MSFT,2025-07-31 13:30:00+00:00,555.22998046875,555.4500122070312,531.9000244140625,533.5,51617300,2025-07-31
MSFT,2025-08-01 13:30:00+00:00,535.0,535.7999877929688,520.8599853515625,524.1099853515625,28977600,2025-08-01
MSFT,2025-08-04 13:30:00+00:00,528.27001953125,538.25,528.1300048828125,535.6400146484375,25349000,2025-08-04
MSFT,2025-08-05 13:30:00+00:00,537.1799926757812,537.2999877929688,527.239990234375,527.75,19171600,2025-08-05
MSFT,2025-08-06 13:30:00+00:00,530.9000244140625,531.7000122070312,524.030029296875,524.9400024414062,21355700,2025-08-06
MSFT,2025-08-07 13:30:00+00:00,526.7999877929688,528.0900268554688,517.5499877929688,520.8400268554688,16079100,2025-08-07
MSFT,2025-08-08 13:30:00+00:00,522.5999755859375,524.6599731445312,519.4099731445312,522.0399780273438,15531000,2025-08-08
MSFT,2025-08-11 13:30:00+00:00,522.2999877929688,527.5900268554688,519.719970703125,521.77001953125,20194400,2025-08-11
MSFT,2025-08-12 13:30:00+00:00,523.75,530.97998046875,522.7000122070312,529.239990234375,18667000,2025-08-12
MSFT,2025-08-13 13:30:00+00:00,532.1099853515625,532.7000122070312,519.3699951171875,520.5800170898438,19619200,2025-08-13
MSFT,2025-08-14 13:30:00+00:00,522.5599975585938,525.9500122070312,520.1400146484375,522.47998046875,20269100,2025-08-14
MSFT,2025-08-15 13:30:00+00:00,522.77001953125,526.0999755859375,519.0800170898438,520.1699829101562,25213300,2025-08-15
MSFT,2025-08-18 13:30:00+00:00,521.5900268554688,522.8200073242188,514.02001953125,517.0999755859375,23760600,2025-08-18
MSFT,2025-08-19 13:30:00+00:00,515.0,515.1599731445312,508.54998779296875,509.7699890136719,21481000,2025-08-19
MSFT,2025-08-20 13:30:00+00:00,509.8699951171875,511.0,504.44000244140625,505.7200012207031,27723000,2025-08-20
MSFT,2025-08-21 13:30:00+00:00,503.69000244140625,507.6300048828125,502.7200012207031,504.239990234375,18443300,2025-08-21
MSFT,2025-08-22 13:30:00+00:00,504.25,510.7300109863281,502.4100036621094,507.2300109863281,24324200,2025-08-22
MSFT,2025-08-25 13:30:00+00:00,506.6300048828125,508.19000244140625,504.1199951171875,504.260009765625,21638600,2025-08-25
MSFT,2025-08-26 13:30:00+00:00,504.3599853515625,504.9800109863281,498.510009765625,502.0400085449219,30835700,2025-08-26
MSFT,2025-08-27 13:30:00+00:00,502.0,507.2900085449219,499.8999938964844,506.739990234375,17277900,2025-08-27
MSFT,2025-08-28 13:30:00+00:00,507.0899963378906,511.0899963378906,505.5,509.6400146484375,18015600,2025-08-28
MSFT,2025-08-29 13:30:00+00:00,508.6600036621094,509.6000061035156,504.489990234375,506.69000244140625,20961600,2025-08-29
MSFT,2025-09-02 13:30:00+00:00,500.4700012207031,506.0,496.80999755859375,505.1199951171875,18128000,2025-09-02
MSFT,2025-09-03 13:30:00+00:00,503.7900085449219,507.7900085449219,502.32000732421875,505.3500061035156,16345100,2025-09-03
MSFT,2025-09-04 13:30:00+00:00,504.29998779296875,508.1499938964844,503.1499938964844,507.9700012207031,15509500,2025-09-04
MSFT,2025-09-05 13:30:00+00:00,509.07000732421875,511.9700012207031,492.3699951171875,495.0,31994800,2025-09-05
MSFT,2025-09-08 13:30:00+00:00,498.1099853515625,501.20001220703125,495.0299987792969,498.20001220703125,16771000,2025-09-08
MSFT,2025-09-09 13:30:00+00:00,501.42999267578125,502.25,497.70001220703125,498.4100036621094,14410500,2025-09-09
MSFT,2025-09-10 13:30:00+00:00,502.9800109863281,503.2300109863281,496.7200012207031,500.3699951171875,21611800,2025-09-10
MSFT,2025-09-11 13:30:00+00:00,502.25,503.1700134277344,497.8800048828125,501.010009765625,18881600,2025-09-11
MSFT,2025-09-12 13:30:00+00:00,506.6499938964844,512.5499877929688,503.8500061035156,509.8999938964844,23624900,2025-09-12
MSFT,2025-09-15 13:30:00+00:00,508.7900085449219,515.469970703125,507.0,515.3599853515625,17143800,2025-09-15
MSFT,2025-09-16 13:30:00+00:00,516.8800048828125,517.22998046875,508.6000061035156,509.0400085449219,19711900,2025-09-16
MSFT,2025-09-17 13:30:00+00:00,510.6199951171875,511.2900085449219,505.92999267578125,510.0199890136719,15816600,2025-09-17
MSFT,2025-09-18 13:30:00+00:00,511.489990234375,513.0700073242188,507.6600036621094,508.45001220703125,18913700,2025-09-18
MSFT,2025-09-19 13:30:00+00:00,510.55999755859375,519.2999877929688,510.30999755859375,517.9299926757812,52474100,2025-09-19
MSFT,2025-09-22 13:30:00+00:00,515.5900268554688,517.739990234375,512.5399780273438,514.4500122070312,20009300,2025-09-22
MSFT,2025-09-23 13:30:00+00:00,513.7999877929688,514.5900268554688,507.30999755859375,509.2300109863281,19799600,2025-09-23
MSFT,2025-09-24 13:30:00+00:00,510.3800048828125,512.47998046875,506.9200134277344,510.1499938964844,13533700,2025-09-24
MSFT,2025-09-25 13:30:00+00:00,508.29998779296875,510.010009765625,505.0400085449219,507.0299987792969,15786500,2025-09-25
MSFT,2025-09-26 13:30:00+00:00,510.05999755859375,513.9400024414062,506.6199951171875,511.4599914550781,16213100,2025-09-26
MSFT,2025-09-29 13:30:00+00:00,511.5,516.8499755859375,508.8800048828125,514.5999755859375,17617800,2025-09-29
MSFT,2025-09-30 13:30:00+00:00,513.239990234375,518.1599731445312,509.6600036621094,517.9500122070312,19728200,2025-09-30
MSFT,2025-10-01 13:30:00+00:00,514.7999877929688,520.510009765625,511.69000244140625,519.7100219726562,22632300,2025-10-01
MSFT,2025-10-02 13:30:00+00:00,517.6400146484375,521.5999755859375,510.67999267578125,515.739990234375,21222900,2025-10-02
MSFT,2025-10-03 13:30:00+00:00,517.0999755859375,520.489990234375,515.0,517.3499755859375,15112300,2025-10-03
MSFT,2025-10-06 13:30:00+00:00,518.6099853515625,531.030029296875,518.2000122070312,528.5700073242188,21388600,2025-10-06
MSFT,2025-10-07 13:30:00+00:00,528.2899780273438,529.7999877929688,521.4400024414062,523.97998046875,14615200,2025-10-07
MSFT,2025-10-08 13:30:00+00:00,523.280029296875,526.9500122070312,523.0900268554688,524.8499755859375,13363400,2025-10-08
MSFT,2025-10-09 13:30:00+00:00,522.3400268554688,524.3300170898438,517.4000244140625,522.4000244140625,18343600,2025-10-09
MSFT,2025-10-10 13:30:00+00:00,519.6400146484375,523.5800170898438,509.6300048828125,510.9599914550781,24133800,2025-10-10
MSFT,2025-10-13 13:30:00+00:00,516.4099731445312,516.4099731445312,511.67999267578125,514.0499877929688,14284200,2025-10-13
MSFT,2025-10-14 13:30:00+00:00,510.2300109863281,515.280029296875,506.0,513.5700073242188,14684300,2025-10-14
MSFT,2025-10-15 13:30:00+00:00,514.9600219726562,517.1900024414062,510.0,513.4299926757812,14694700,2025-10-15
MSFT,2025-10-16 13:30:00+00:00,512.5800170898438,516.8499755859375,508.1300048828125,511.6099853515625,15559600,2025-10-16
MSFT,2025-10-17 13:30:00+00:00,509.0400085449219,515.47998046875,507.30999755859375,513.5800170898438,19867800,2025-10-17
MSFT,2025-10-20 13:30:00+00:00,514.6099853515625,518.7000122070312,513.4299926757812,516.7899780273438,14665600,2025-10-20
MSFT,2025-10-21 13:30:00+00:00,517.5,518.6900024414062,513.0399780273438,517.6599731445312,15586200,2025-10-21
MSFT,2025-10-22 13:30:00+00:00,521.1500244140625,525.22998046875,517.7100219726562,520.5399780273438,18962700,2025-10-22
MSFT,2025-10-23 13:30:00+00:00,522.4600219726562,523.9500122070312,518.6099853515625,520.5599975585938,14023500,2025-10-23
MSFT,2025-10-24 13:30:00+00:00,522.7899780273438,525.3499755859375,520.7100219726562,523.6099853515625,15532400,2025-10-24
MSFT,2025-10-27 13:30:00+00:00,531.780029296875,534.5800170898438,529.010009765625,531.52001953125,18734700,2025-10-27
MSFT,2025-10-28 13:30:00+00:00,550.0,553.719970703125,540.77001953125,542.0700073242188,29986700,2025-10-28
MSFT,2025-10-29 13:30:00+00:00,544.9400024414062,546.27001953125,536.72998046875,541.5499877929688,36023000,2025-10-29
MSFT,2025-10-30 13:30:00+00:00,530.47998046875,534.969970703125,522.1199951171875,525.760009765625,41023100,2025-10-30
MSFT,2025-10-31 13:30:00+00:00,528.8800048828125,529.3200073242188,515.0999755859375,517.8099975585938,34006400,2025-10-31
MSFT,2025-11-03 14:30:00+00:00,519.8099975585938,524.9600219726562,514.5900268554688,517.030029296875,22374700,2025-11-03
MSFT,2025-11-04 14:30:00+00:00,511.760009765625,515.5499877929688,507.8399963378906,514.3300170898438,20958700,2025-11-04
MSFT,2025-11-05 14:30:00+00:00,513.2999877929688,514.8300170898438,506.5799865722656,507.1600036621094,23024300,2025-11-05
MSFT,2025-11-06 14:30:00+00:00,505.6600036621094,505.70001220703125,495.80999755859375,497.1000061035156,27406500,2025-11-06
MSFT,2025-11-07 14:30:00+00:00,496.95001220703125,499.3800048828125,493.25,496.82000732421875,24019800,2025-11-07
MSFT,2025-11-10 14:30:00+00:00,500.0400085449219,506.8500061035156,498.79998779296875,506.0,26101500,2025-11-10
MSFT,2025-11-11 14:30:00+00:00,504.79998779296875,509.6000061035156,502.3500061035156,508.67999267578125,17980000,2025-11-11
MSFT,2025-11-12 14:30:00+00:00,509.3599853515625,511.6700134277344,499.1199951171875,511.1400146484375,26574900,2025-11-12
MSFT,2025-11-13 14:30:00+00:00,510.30999755859375,513.5,501.2900085449219,503.2900085449219,25273100,2025-11-13
MSFT,2025-11-14 14:30:00+00:00,498.2300109863281,511.6000061035156,497.44000244140625,510.17999267578125,28505700,2025-11-14
MSFT,2025-11-17 14:30:00+00:00,508.45001220703125,512.1199951171875,504.9100036621094,507.489990234375,19092800,2025-11-17
MSFT,2025-11-18 14:30:00+00:00,495.3699951171875,502.9800109863281,486.7799987792969,493.7900085449219,33815100,2025-11-18
MSFT,2025-11-19 14:30:00+00:00,490.1000061035156,495.19000244140625,482.8299865722656,487.1199951171875,23245300,2025-11-19
MSFT,2025-11-20 14:30:00+00:00,492.7099914550781,493.57000732421875,475.5,478.42999267578125,26802500,2025-11-20
MSFT,2025-11-21 14:30:00+00:00,478.5,478.9200134277344,468.2699890136719,472.1199951171875,31769200,2025-11-21
MSFT,2025-11-24 14:30:00+00:00,475.0,476.8999938964844,468.0199890136719,474.0,34421000,2025-11-24
MSFT,2025-11-25 14:30:00+00:00,474.07000732421875,479.1499938964844,464.8900146484375,476.989990234375,28019800,2025-11-25
MSFT,2025-11-26 14:30:00+00:00,486.30999755859375,488.30999755859375,481.20001220703125,485.5,25709100,2025-11-26
MSFT,2025-11-28 14:30:00+00:00,487.6000061035156,492.6300048828125,486.6499938964844,492.010009765625,14386700,2025-11-28
MSFT,2025-12-01 14:30:00+00:00,488.44000244140625,489.8599853515625,484.6499938964844,486.739990234375,23964000,2025-12-01
MSFT,2025-12-02 14:30:00+00:00,486.7200012207031,493.5,486.32000732421875,490.0,19562700,2025-12-02
MSFT,2025-12-03 14:30:00+00:00,476.32000732421875,484.239990234375,475.20001220703125,477.7300109863281,34615100,2025-12-03
MSFT,2025-12-04 14:30:00+00:00,479.760009765625,481.32000732421875,476.489990234375,480.8399963378906,22318200,2025-12-04
MSFT,2025-12-05 14:30:00+00:00,482.5199890136719,483.3999938964844,478.8800048828125,483.1600036621094,22608700,2025-12-05
MSFT,2025-12-08 14:30:00+00:00,484.8900146484375,492.29998779296875,484.3800048828125,491.0199890136719,21965900,2025-12-08
MSFT,2025-12-09 14:30:00+00:00,489.1000061035156,492.1199951171875,488.5,492.0199890136719,14696100,2025-12-09
MSFT,2025-12-10 14:30:00+00:00,484.0299987792969,484.25,475.0799865722656,478.55999755859375,35756200,2025-12-10
MSFT,2025-12-11 14:30:00+00:00,476.6300048828125,486.0299987792969,475.8599853515625,483.4700012207031,24669200,2025-12-11
MSFT,2025-12-12 14:30:00+00:00,479.82000732421875,482.45001220703125,476.3399963378906,478.5299987792969,21248100,2025-12-12
MSFT,2025-12-15 14:30:00+00:00,480.1000061035156,480.7200012207031,472.5199890136719,474.82000732421875,23727700,2025-12-15
MSFT,2025-12-16 14:30:00+00:00,471.9100036621094,477.8900146484375,470.8800048828125,476.3900146484375,20705600,2025-12-16
MSFT,2025-12-17 14:30:00+00:00,476.9100036621094,480.0,475.0,476.1199951171875,24527200,2025-12-17
MSFT,2025-12-18 14:30:00+00:00,478.19000244140625,489.6000061035156,477.8900146484375,483.9800109863281,28573500,2025-12-18
MSFT,2025-12-19 14:30:00+00:00,487.3599853515625,487.8500061035156,482.489990234375,485.9200134277344,70836100,2025-12-19
MSFT,2025-12-22 14:30:00+00:00,486.1199951171875,488.7300109863281,482.69000244140625,484.9200134277344,16963000,2025-12-22
MSFT,2025-12-23 14:30:00+00:00,484.9800109863281,487.8299865722656,484.739990234375,486.8500061035156,14683600,2025-12-23
MSFT,2025-12-24 14:30:00+00:00,485.67999267578125,489.1600036621094,484.8299865722656,488.0199890136719,5855900,2025-12-24
MSFT,2025-12-26 14:30:00+00:00,486.7099914550781,488.1199951171875,485.9599914550781,487.7099914550781,8842200,2025-12-26
MSFT,2025-12-29 14:30:00+00:00,484.8599853515625,488.3500061035156,484.17999267578125,487.1000061035156,10893400,2025-12-29
MSFT,2025-12-30 14:30:00+00:00,485.92999267578125,489.67999267578125,485.5,487.4800109863281,13944500,2025-12-30
MSFT,2025-12-31 14:30:00+00:00,487.8399963378906,488.1400146484375,483.29998779296875,483.6199951171875,15601600,2025-12-31
MSFT,2026-01-02 14:30:00+00:00,484.3900146484375,484.6600036621094,470.1600036621094,472.94000244140625,25571600,2026-01-02
MSFT,2026-01-05 14:30:00+00:00,474.05999755859375,476.07000732421875,469.5,472.8500061035156,25250300,2026-01-05
MSFT,2026-01-06 14:30:00+00:00,473.79998779296875,478.739990234375,469.75,478.510009765625,23037700,2026-01-06
MSFT,2026-01-07 14:30:00+00:00,479.760009765625,489.70001220703125,477.95001220703125,483.4700012207031,25564200,2026-01-07
MSFT,2026-01-08 14:30:00+00:00,481.239990234375,482.6600036621094,475.8599853515625,478.1099853515625,18162600,2026-01-08
MSFT,2026-01-09 14:30:00+00:00,474.05999755859375,479.82000732421875,472.20001220703125,479.2799987792969,18491000,2026-01-09
MSFT,2026-01-12 14:30:00+00:00,476.6700134277344,480.989990234375,475.67999267578125,477.17999267578125,23519900,2026-01-12
MSFT,2026-01-13 14:30:00+00:00,474.67999267578125,475.7799987792969,465.95001220703125,470.6700134277344,28545800,2026-01-13
MSFT,2026-01-14 14:30:00+00:00,466.4599914550781,468.20001220703125,457.1700134277344,459.3800048828125,28184300,2026-01-14
MSFT,2026-01-15 14:30:00+00:00,464.1199951171875,464.25,455.8999938964844,456.6600036621094,23225800,2026-01-15
MSFT,2026-01-16 14:30:00+00:00,457.8299865722656,463.19000244140625,456.4800109863281,459.8599853515625,34246700,2026-01-16
MSFT,2026-01-20 14:30:00+00:00,451.2200012207031,456.79998779296875,449.2799987792969,454.5199890136719,26130000,2026-01-20
MSFT,2026-01-21 14:30:00+00:00,452.6000061035156,452.69000244140625,438.67999267578125,444.1099853515625,37980500,2026-01-21
MSFT,2026-01-22 14:30:00+00:00,447.6199951171875,452.8399963378906,444.70001220703125,451.1400146484375,25349400,2026-01-22
MSFT,2026-01-23 14:30:00+00:00,451.8699951171875,471.1000061035156,450.5299987792969,465.95001220703125,38000200,2026-01-23
MSFT,2026-01-26 14:30:00+00:00,465.30999755859375,474.25,462.0,470.2799987792969,29291200,2026-01-26
MSFT,2026-01-27 14:30:00+00:00,473.70001220703125,482.8699951171875,473.1600036621094,480.5799865722656,29213900,2026-01-27
MSFT,2026-01-28 14:30:00+00:00,483.2099914550781,483.739990234375,478.0,481.6300048828125,36875400,2026-01-28
MSFT,2026-01-29 14:30:00+00:00,439.989990234375,442.5,421.0199890136719,433.5,128855300,2026-01-29
MSFT,2026-01-30 14:30:00+00:00,439.1700134277344,439.6000061035156,426.45001220703125,430.2900085449219,58566800,2026-01-30
MSFT,2026-02-02 14:30:00+00:00,430.239990234375,430.739990234375,422.25,423.3699951171875,42219900,2026-02-02
MSFT,2026-02-03 14:30:00+00:00,422.010009765625,422.04998779296875,408.55999755859375,411.2099914550781,61424100,2026-02-03
MSFT,2026-02-04 14:30:00+00:00,411.0,419.79998779296875,409.239990234375,414.19000244140625,45012400,2026-02-04
MSFT,2026-02-05 14:30:00+00:00,407.44000244140625,408.29998779296875,392.32000732421875,393.6700134277344,66289200,2026-02-05
MSFT,2026-02-06 14:30:00+00:00,399.1700134277344,401.7900085449219,392.9200134277344,401.1400146484375,53515300,2026-02-06
MSFT,2026-02-09 14:30:00+00:00,404.8500061035156,414.8900146484375,400.8699951171875,413.6000061035156,45480500,2026-02-09
MSFT,2026-02-10 14:30:00+00:00,419.6199951171875,423.67999267578125,412.70001220703125,413.2699890136719,44857900,2026-02-10
MSFT,2026-02-11 14:30:00+00:00,416.17999267578125,416.4599914550781,401.010009765625,404.3699951171875,42491000,2026-02-11
MSFT,2026-02-12 14:30:00+00:00,405.0,406.20001220703125,398.010009765625,401.8399963378906,40802400,2026-02-12
MSFT,2026-02-13 14:30:00+00:00,404.45001220703125,405.5400085449219,398.04998779296875,401.32000732421875,34091600,2026-02-13
MSFT,2026-02-17 14:30:00+00:00,399.2200012207031,400.5199890136719,394.5299987792969,396.8599853515625,32078800,2026-02-17
MSFT,2026-02-18 14:30:00+00:00,398.1300048828125,402.55999755859375,396.32000732421875,399.6000061035156,23223400,2026-02-18
MSFT,2026-02-19 14:30:00+00:00,400.69000244140625,404.42999267578125,396.6700134277344,398.4599914550781,28234000,2026-02-19
MSFT,2026-02-20 14:30:00+00:00,396.1099853515625,400.1199951171875,395.1600036621094,397.2300109863281,34015200,2026-02-20
MSFT,2026-02-23 14:30:00+00:00,395.0,395.3599853515625,383.1000061035156,384.4700012207031,43238300,2026-02-23
MSFT,2026-02-24 14:30:00+00:00,384.1400146484375,389.3599853515625,381.7099914550781,389.0,33884700,2026-02-24
MSFT,2026-02-25 14:30:00+00:00,390.5299987792969,401.4700012207031,390.1600036621094,400.6000061035156,43625500,2026-02-25
MSFT,2026-02-26 14:30:00+00:00,404.7099914550781,407.489990234375,398.739990234375,401.7200012207031,34405900,2026-02-26
MSFT,2026-02-27 14:30:00+00:00,390.8800048828125,396.82000732421875,389.8800048828125,392.739990234375,51367200,2026-02-27
MSFT,2026-03-02 14:30:00+00:00,392.8599853515625,401.19000244140625,390.6300048828125,398.54998779296875,35474900,2026-03-02
MSFT,2026-03-03 14:30:00+00:00,393.1400146484375,406.70001220703125,392.6700134277344,403.92999267578125,38199200,2026-03-03
MSFT,2026-03-04 14:30:00+00:00,401.2699890136719,411.0299987792969,400.30999755859375,405.20001220703125,35808000,2026-03-04
MSFT,2026-03-05 14:30:00+00:00,404.4200134277344,411.6099853515625,404.3999938964844,410.67999267578125,39001300,2026-03-05
MSFT,2026-03-06 14:30:00+00:00,409.20001220703125,413.04998779296875,408.510009765625,408.9599914550781,31123900,2026-03-06
MSFT,2026-03-09 13:30:00+00:00,404.9200134277344,410.2099914550781,403.5,409.4100036621094,30131900,2026-03-09
MSFT,2026-03-10 13:30:00+00:00,410.0299987792969,410.20001220703125,402.92999267578125,405.760009765625,31706400,2026-03-10
MSFT,2026-03-11 13:30:00+00:00,405.57000732421875,409.010009765625,401.5899963378906,404.8800048828125,25512100,2026-03-11
MSFT,2026-03-12 13:30:00+00:00,404.6300048828125,406.1199951171875,401.7099914550781,401.8599853515625,27263900,2026-03-12
MSFT,2026-03-13 13:30:00+00:00,401.0,404.79998779296875,394.25,395.54998779296875,26848000,2026-03-13
MSFT,2026-03-16 13:30:00+00:00,398.07000732421875,400.6300048828125,394.7900085449219,399.95001220703125,27733700,2026-03-16
MSFT,2026-03-17 13:30:00+00:00,400.2699890136719,404.3999938964844,397.75,399.4100036621094,26228300,2026-03-17
MSFT,2026-03-18 13:30:00+00:00,397.1300048828125,398.0,391.0,391.7900085449219,25908500,2026-03-18
MSFT,2026-03-19 13:30:00+00:00,390.1000061035156,392.489990234375,387.05999755859375,389.0199890136719,25138800,2026-03-19
MSFT,2026-03-20 13:30:00+00:00,386.7900085449219,387.0,380.1199951171875,381.8699951171875,50853200,2026-03-20
MSFT,2026-03-23 13:30:00+00:00,383.8999938964844,387.2099914550781,381.67999267578125,383.0,29680100,2026-03-23
MSFT,2026-03-24 13:30:00+00:00,382.3599853515625,382.4700012207031,371.8500061035156,372.739990234375,42733600,2026-03-24
MSFT,2026-03-25 13:30:00+00:00,376.9200134277344,377.05999755859375,369.6300048828125,371.0400085449219,31181200,2026-03-25
MSFT,2026-03-26 13:30:00+00:00,370.82000732421875,374.7200012207031,365.19000244140625,365.9700012207031,36836600,2026-03-26
MSFT,2026-03-27 13:30:00+00:00,361.8999938964844,362.45001220703125,356.510009765625,356.7699890136719,37883400,2026-03-27
MSFT,2026-03-30 13:30:00+00:00,361.8999938964844,365.3599853515625,356.2799987792969,358.9599914550781,44797000,2026-03-30
MSFT,2026-03-31 13:30:00+00:00,364.54998779296875,372.8999938964844,363.07000732421875,370.1700134277344,45244400,2026-03-31
MSFT,2026-04-01 13:30:00+00:00,373.489990234375,373.989990234375,368.20001220703125,369.3699951171875,29417200,2026-04-01
MSFT,2026-04-02 13:30:00+00:00,367.2099914550781,373.6400146484375,364.1499938964844,373.4599914550781,24099100,2026-04-02
MSFT,2026-04-06 13:30:00+00:00,373.489990234375,373.7300109863281,369.5,372.8800048828125,16146600,2026-04-06
MSFT,2026-04-07 13:30:00+00:00,370.3399963378906,372.45001220703125,366.55999755859375,372.2900085449219,21443300,2026-04-07
MSFT,2026-04-08 13:30:00+00:00,384.9800109863281,385.0,371.4100036621094,374.3299865722656,33064800,2026-04-08
MSFT,2026-04-09 13:30:00+00:00,372.5,373.5,367.04998779296875,373.07000732421875,30435300,2026-04-09
MSFT,2026-04-10 13:30:00+00:00,372.9800109863281,375.6400146484375,370.0299987792969,370.8699951171875,28111100,2026-04-10
MSFT,2026-04-13 13:30:00+00:00,373.6099853515625,384.5400085449219,371.0199890136719,384.3699951171875,35745800,2026-04-13
MSFT,2026-04-14 13:30:00+00:00,387.9200134277344,394.69000244140625,386.5199890136719,393.1099853515625,37504500,2026-04-14
MSFT,2026-04-15 13:30:00+00:00,398.0,414.3699951171875,396.7300109863281,411.2200012207031,45063400,2026-04-15
MSFT,2026-04-16 13:30:00+00:00,419.8599853515625,420.82000732421875,412.1400146484375,420.260009765625,41642400,2026-04-16
MSFT,2026-04-17 13:30:00+00:00,424.82000732421875,431.5799865722656,420.69000244140625,422.7900085449219,48568200,2026-04-17
MSFT,2026-04-20 13:30:00+00:00,421.1499938964844,423.3299865722656,416.29998779296875,418.07000732421875,27582200,2026-04-20
MSFT,2026-04-21 13:30:00+00:00,420.239990234375,427.17999267578125,417.20001220703125,424.1600036621094,32048500,2026-04-21
MSFT,2026-04-22 13:30:00+00:00,426.19000244140625,433.70001220703125,423.6700134277344,432.9200134277344,29378200,2026-04-22
MSFT,2026-04-23 13:30:00+00:00,419.8900146484375,423.6600036621094,411.4100036621094,415.75,38308000,2026-04-23
MSFT,2026-04-24 13:30:00+00:00,416.9700012207031,424.95001220703125,415.79998779296875,424.6199951171875,27457400,2026-04-24
MSFT,2026-04-27 13:30:00+00:00,422.3800048828125,427.1099853515625,417.07000732421875,424.82000732421875,30867300,2026-04-27
MSFT,2026-04-28 13:30:00+00:00,424.57000732421875,429.9200134277344,421.8999938964844,429.25,30438100,2026-04-28
MSFT,2026-04-29 13:30:00+00:00,424.5799865722656,426.82000732421875,420.2900085449219,424.4599914550781,38288300,2026-04-29
MSFT,2026-04-30 13:30:00+00:00,410.80999755859375,414.4200134277344,398.010009765625,407.7799987792969,70909400,2026-04-30
MSFT,2026-05-01 13:30:00+00:00,412.79998779296875,417.1099853515625,410.44000244140625,414.44000244140625,31372400,2026-05-01
MSFT,2026-05-04 13:30:00+00:00,411.5400085449219,420.7799987792969,410.79998779296875,413.6199951171875,28066500,2026-05-04
MSFT,2026-05-05 13:30:00+00:00,415.32000732421875,416.7799987792969,408.79998779296875,411.3800048828125,25700900,2026-05-05
MSFT,2026-05-06 13:30:00+00:00,408.0,418.4200134277344,405.1099853515625,413.9599914550781,30285900,2026-05-06
MSFT,2026-05-07 13:30:00+00:00,420.1099853515625,427.9800109863281,418.760009765625,420.7699890136719,34942400,2026-05-07
MSFT,2026-05-08 13:30:00+00:00,417.3900146484375,418.6300048828125,414.0,415.1199951171875,33383800,2026-05-08
MSFT,2026-05-11 13:30:00+00:00,407.8699951171875,412.69000244140625,405.5,412.6600036621094,35657900,2026-05-11
MSFT,2026-05-12 13:30:00+00:00,414.4800109863281,415.5,406.6400146484375,407.7699890136719,38594200,2026-05-12
MSFT,2026-05-13 13:30:00+00:00,403.20001220703125,406.30999755859375,401.0299987792969,405.2099914550781,29667100,2026-05-13
MSFT,2026-05-14 13:30:00+00:00,404.4800109863281,411.8399963378906,400.8800048828125,409.42999267578125,27077500,2026-05-14
MSFT,2026-05-15 13:30:00+00:00,414.2699890136719,428.1700134277344,412.9100036621094,421.9200134277344,50771200,2026-05-15
MSFT,2026-05-18 13:30:00+00:00,416.6199951171875,425.1199951171875,415.6099853515625,423.5400085449219,32564100,2026-05-18
MSFT,2026-05-19 13:30:00+00:00,429.8999938964844,432.70001220703125,416.489990234375,417.4200134277344,33018700,2026-05-19
MSFT,2026-05-20 13:30:00+00:00,414.1700134277344,422.1000061035156,411.29998779296875,421.05999755859375,27864000,2026-05-20
MSFT,2026-05-21 13:30:00+00:00,424.75,426.3399963378906,415.7099914550781,419.0899963378906,31393500,2026-05-21
MSFT,2026-05-22 13:30:00+00:00,419.5400085449219,424.3999938964844,416.3299865722656,418.57000732421875,22390300,2026-05-22
MSFT,2026-05-26 13:30:00+00:00,416.42999267578125,419.7699890136719,413.0199890136719,416.0299987792969,30398000,2026-05-26
MSFT,2026-05-27 13:30:00+00:00,411.010009765625,415.94000244140625,409.5799865722656,412.6700134277344,28901500,2026-05-27
MSFT,2026-05-28 13:30:00+00:00,412.9800109863281,429.489990234375,412.6700134277344,426.989990234375,47250500,2026-05-28
MSFT,2026-05-29 13:30:00+00:00,432.54998779296875,450.3299865722656,432.3599853515625,450.239990234375,79654400,2026-05-29
MSFT,2026-06-01 13:30:00+00:00,464.8399963378906,466.32000732421875,458.2699890136719,460.5199890136719,53628900,2026-06-01
MSFT,2026-06-02 13:30:00+00:00,446.8800048828125,453.5,440.42999267578125,441.30999755859375,37036800,2026-06-02
MSFT,2026-06-03 13:30:00+00:00,438.45001220703125,440.3900146484375,424.25,427.3399963378906,39037000,2026-06-03
MSFT,2026-06-04 13:30:00+00:00,435.80999755859375,436.1499938964844,426.4100036621094,428.04998779296875,26899500,2026-06-04
MSFT,2026-06-05 13:30:00+00:00,428.3399963378906,429.4700012207031,414.3999938964844,416.6700134277344,34782200,2026-06-05
MSFT,2026-06-08 13:30:00+00:00,414.1400146484375,417.1600036621094,408.55999755859375,411.739990234375,32086700,2026-06-08
MSFT,2026-06-09 13:30:00+00:00,409.0299987792969,411.9800109863281,398.4800109863281,403.4100036621094,35317300,2026-06-09
MSFT,2026-06-10 13:30:00+00:00,398.54998779296875,405.0400085449219,397.1600036621094,397.3599853515625,32576000,2026-06-10
MSFT,2026-06-11 13:30:00+00:00,395.2099914550781,396.8500061035156,384.0,390.3399963378906,47224100,2026-06-11
MSFT,2026-06-12 13:30:00+00:00,391.42999267578125,391.739990234375,382.2699890136719,390.739990234375,34865800,2026-06-12
MSFT,2026-06-15 13:30:00+00:00,396.79998779296875,401.75,392.8500061035156,399.760009765625,32266400,2026-06-15
MSFT,2026-06-16 13:30:00+00:00,395.7900085449219,396.8399963378906,390.69000244140625,393.8299865722656,31506800,2026-06-16
MSFT,2026-06-17 13:30:00+00:00,390.25,390.3699951171875,377.32000732421875,378.9100036621094,41987800,2026-06-17
MSFT,2026-06-18 13:30:00+00:00,377.82000732421875,381.3699951171875,373.2799987792969,379.3999938964844,59714200,2026-06-18
MSFT,2026-06-22 13:30:00+00:00,375.739990234375,381.6300048828125,367.07000732421875,367.3399963378906,45171100,2026-06-22
MSFT,2026-06-23 13:30:00+00:00,372.3800048828125,377.2200012207031,370.6700134277344,373.94000244140625,40647600,2026-06-23
MSFT,2026-06-24 13:30:00+00:00,371.57000732421875,378.8800048828125,364.7799987792969,365.4599914550781,44509900,2026-06-24
MSFT,2026-06-25 13:30:00+00:00,362.7699890136719,364.2300109863281,349.20001220703125,352.8299865722656,66179000,2026-06-25
MSFT,2026-06-26 13:30:00+00:00,357.1499938964844,376.6099853515625,355.42999267578125,372.9700012207031,186201600,2026-06-26
MSFT,2026-06-29 13:30:00+00:00,377.5,380.5,359.8999938964844,368.57000732421875,51229900,2026-06-29
MSFT,2026-06-30 13:30:00+00:00,371.0299987792969,374.1499938964844,367.45001220703125,373.0199890136719,44945700,2026-06-30
MSFT,2026-07-01 13:30:00+00:00,380.8299865722656,388.8299865722656,374.8900146484375,384.2799987792969,48065800,2026-07-01
MSFT,2026-07-02 13:30:00+00:00,384.4800109863281,392.20001220703125,383.70001220703125,390.489990234375,42128900,2026-07-02
MSFT,2026-07-06 13:30:00+00:00,387.0400085449219,389.1499938964844,381.2200012207031,386.739990234375,34224500,2026-07-06
MSFT,2026-07-07 13:30:00+00:00,392.489990234375,395.57000732421875,388.2200012207031,388.8399963378906,29297500,2026-07-07
MSFT,2026-07-08 13:30:00+00:00,384.0299987792969,385.30999755859375,381.3299865722656,383.3399963378906,25908300,2026-07-08
MSFT,2026-07-09 13:30:00+00:00,374.45001220703125,384.6499938964844,373.3500061035156,384.3599853515625,31083200,2026-07-09
MSFT,2026-07-10 13:30:00+00:00,387.79998779296875,391.9100036621094,381.5,385.1000061035156,24644600,2026-07-10
MSFT,2026-07-13 13:30:00+00:00,387.75,393.6499938964844,384.1499938964844,390.989990234375,28914900,2026-07-13
MSFT,2026-07-14 13:30:00+00:00,382.82000732421875,388.19000244140625,378.6499938964844,384.92999267578125,27863900,2026-07-14
MSFT,2026-07-15 13:30:00+00:00,387.79998779296875,398.9599914550781,386.3999938964844,395.6300048828125,36253700,2026-07-15
MSFT,2026-07-16 13:30:00+00:00,398.30999755859375,405.989990234375,392.04998779296875,401.1000061035156,37047400,2026-07-16
MSFT,2026-07-17 13:30:00+00:00,394.8599853515625,398.3900146484375,389.3900146484375,393.82000732421875,33049800,2026-07-17
MSFT,2026-07-20 13:30:00+00:00,391.4100036621094,403.17999267578125,389.6499938964844,402.2900085449219,27915800,2026-07-20
MSFT,2026-07-21 13:30:00+00:00,398.80999755859375,401.4700012207031,396.32000732421875,397.75,24126600,2026-07-21
MSFT,2026-07-22 13:30:00+00:00,399.5799865722656,401.0,386.9599914550781,390.3399963378906,28142500,2026-07-22
MSFT,2026-07-23 13:30:00+00:00,389.9700012207031,391.7799987792969,377.3900146484375,381.5799865722656,30351800,2026-07-23
MSFT,2026-07-24 13:30:00+00:00,387.04998779296875,389.0299987792969,380.6499938964844,381.70001220703125,27659400,2026-07-24
MSFT,2026-07-27 13:30:00+00:00,390.0799865722656,394.20001220703125,387.989990234375,389.1000061035156,27856200,2026-07-27
MSFT,2026-07-28 13:30:00+00:00,393.1600036621094,400.32000732421875,391.29998779296875,393.3500061035156,32367500,2026-07-28
MSFT,2026-07-29 13:30:00+00:00,393.3999938964844,401.25,388.739990234375,390.5400085449219,47209000,2026-07-29
MSFT,2026-07-30 13:30:00+00:00,437.8999938964844,458.69000244140625,432.44000244140625,451.1000061035156,110160700,2026-07-30
MSFT,2026-07-31 13:30:00+00:00,450.0,466.8399963378906,449.3299865722656,464.7200012207031,60846000,2026-07-31
MSFT,2026-08-03 13:30:00+00:00,476.1300048828125,491.6499938964844,475.0,487.6499938964844,66762100,2026-08-03
MSFT,2026-08-04 13:30:00+00:00,480.8999938964844,499.44000244140625,479.1700134277344,492.80999755859375,50455500,2026-08-04
MSFT,2026-08-05 13:30:00+00:00,496.3599853515625,498.239990234375,485.67999267578125,487.4599914550781,33388900,2026-08-05
MSFT,2026-08-06 13:30:00+00:00,488.54998779296875,501.55999755859375,488.5199890136719,499.8599853515625,36441500,2026-08-06
MSFT,2026-08-07 13:30:00+00:00,499.2099914550781,505.17999267578125,498.7300109863281,499.989990234375,28846200,2026-08-07
MSFT,2026-08-10 13:30:00+00:00,503.44000244140625,513.72998046875,502.2699890136719,506.05999755859375,31206100,2026-08-10
MSFT,2026-08-11 13:30:00+00:00,504.3299865722656,505.3299865722656,499.54998779296875,503.80999755859375,23049800,2026-08-11
MSFT,2026-08-12 13:30:00+00:00,499.989990234375,501.5,491.5199890136719,492.42999267578125,29001500,2026-08-12
MSFT,2026-08-13 13:30:00+00:00,493.2699890136719,501.3399963378906,493.010009765625,496.8800048828125,23039000,2026-08-13
MSFT,2026-08-14 13:30:00+00:00,496.3599853515625,500.010009765625,493.9200134277344,495.3999938964844,16217600,2026-08-14
MSFT,2026-08-17 13:30:00+00:00,490.1400146484375,492.6600036621094,478.4100036621094,480.3500061035156,29635800,2026-08-17
MSFT,2026-08-18 13:30:00+00:00,481.5400085449219,484.2699890136719,477.1499938964844,481.6300048828125,24087600,2026-08-18
MSFT,2026-08-19 13:30:00+00:00,480.07000732421875,489.29998779296875,479.3599853515625,484.30999755859375,19961900,2026-08-19
MSFT,2026-08-20 13:30:00+00:00,483.29998779296875,484.1600036621094,479.5,481.1499938964844,20020800,2026-08-20
MSFT,2026-08-21 13:30:00+00:00,479.8800048828125,486.3599853515625,478.5299987792969,483.239990234375,22510800,2026-08-21
MSFT,2026-08-24 13:30:00+00:00,483.2099914550781,490.6099853515625,481.8599853515625,487.30999755859375,17230800,2026-08-24
MSFT,2026-08-25 13:30:00+00:00,485.44000244140625,492.44000244140625,484.29998779296875,491.7099914550781,19519000,2026-08-25
MSFT,2026-08-26 13:30:00+00:00,487.8500061035156,497.3999938964844,487.30999755859375,496.3699951171875,20758900,2026-08-26
MSFT,2026-08-27 13:30:00+00:00,494.8800048828125,506.4800109863281,490.0799865722656,505.05999755859375,28688800,2026-08-27
MSFT,2026-08-28 13:30:00+00:00,505.3299865722656,517.780029296875,504.8699951171875,513.530029296875,29207300,2026-08-28
MSFT,2026-08-31 13:30:00+00:00,510.3800048828125,512.1900024414062,506.3900146484375,507.2900085449219,27208900,2026-08-31
MSFT,2026-09-01 13:30:00+00:00,497.5199890136719,505.9700012207031,496.7799987792969,501.0199890136719,21046900,2026-09-01
MSFT,2026-09-02 13:30:00+00:00,499.8500061035156,500.2699890136719,493.80999755859375,496.82000732421875,15336100,2026-09-02
MSFT,2026-09-03 13:30:00+00:00,501.6600036621094,515.6500244140625,500.79998779296875,510.1199951171875,24125900,2026-09-03
MSFT,2026-09-04 13:30:00+00:00,510.0,511.0,499.3599853515625,499.70001220703125,18101800,2026-09-04
MSFT,2026-09-08 13:30:00+00:00,493.010009765625,495.19000244140625,490.1499938964844,493.95001220703125,18882300,2026-09-08
MSFT,2026-09-09 13:30:00+00:00,493.07000732421875,494.3900146484375,489.79998779296875,491.6499938964844,12889600,2026-09-09
MSFT,2026-09-10 13:30:00+00:00,488.32000732421875,494.5199890136719,486.0,492.44000244140625,16038800,2026-09-10
MSFT,2026-09-11 13:30:00+00:00,495.6499938964844,498.9700012207031,492.5799865722656,495.6300048828125,14510500,2026-09-11
MSFT,2026-09-14 13:30:00+00:00,497.05999755859375,509.95001220703125,495.3399963378906,505.4100036621094,23091900,2026-09-14
MSFT,2026-09-15 13:30:00+00:00,500.05999755859375,505.8999938964844,495.5400085449219,497.1199951171875,17794600,2026-09-15
MSFT,2026-09-16 13:30:00+00:00,493.0299987792969,495.9700012207031,487.2300109863281,490.29998779296875,16670300,2026-09-16
MSFT,2026-09-17 13:30:00+00:00,497.79998779296875,501.4700012207031,493.1700134277344,497.75,17841600,2026-09-17
MSFT,2026-09-18 13:30:00+00:00,497.9700012207031,498.6499938964844,491.1000061035156,493.7799987792969,39622300,2026-09-18
MSFT,2026-09-21 13:30:00+00:00,494.95001220703125,501.8699951171875,491.3299865722656,501.6099853515625,27959900,2026-09-21
MSFT,2026-09-22 13:30:00+00:00,507.32000732421875,508.5,493.6499938964844,498.0,21652800,2026-09-22
MSFT,2026-09-23 13:30:00+00:00,500.760009765625,509.44000244140625,495.8800048828125,500.5899963378906,19445600,2026-09-23
MSFT,2026-09-24 13:30:00+00:00,495.07000732421875,498.8999938964844,491.2200012207031,497.92999267578125,16657600,2026-09-24
MSFT,2026-09-25 13:30:00+00:00,499.0400085449219,519.4000244140625,497.25,516.1699829101562,38193100,2026-09-25
MSFT,2026-09-28 13:30:00+00:00,505.4700012207031,513.3300170898438,502.2200012207031,509.2200012207031,19626900,2026-09-28
MSFT,2026-09-29 13:30:00+00:00,508.30999755859375,513.6400146484375,502.3999938964844,508.9599914550781,21341800,2026-09-29
MSFT,2026-09-30 13:30:00+00:00,511.6099853515625,519.8300170898438,510.30999755859375,512.9000244140625,27223300,2026-09-30
MSFT,2026-10-01 13:30:00+00:00,519.8800048828125,522.8499755859375,512.1699829101562,512.7999877929688,19731900,2026-10-01
MSFT,2026-10-02 13:30:00+00:00,519.3900146484375,522.5,513.6599731445312,517.530029296875,17803300,2026-10-02
AMZN,2024-10-03 13:30:00+00:00,183.0500030517578,183.44000244140625,180.8800048828125,181.9600067138672,30204300,2024-10-03
AMZN,2024-10-04 13:30:00+00:00,185.75,187.60000610351562,183.60000610351562,186.50999450683594,40890300,2024-10-04
AMZN,2024-10-07 13:30:00+00:00,182.9499969482422,183.60000610351562,180.25,180.8000030517578,42364200,2024-10-07
AMZN,2024-10-08 13:30:00+00:00,181.9199981689453,183.08999633789062,180.9199981689453,182.72000122070312,26372100,2024-10-08
AMZN,2024-10-09 13:30:00+00:00,182.82000732421875,185.85000610351562,182.0500030517578,185.1699981689453,26343100,2024-10-09
AMZN,2024-10-10 13:30:00+00:00,187.1300048828125,188.1300048828125,185.8300018310547,186.64999389648438,27785000,2024-10-10
AMZN,2024-10-11 13:30:00+00:00,186.6300048828125,189.92999267578125,186.3000030517578,188.82000732421875,25751600,2024-10-11
AMZN,2024-10-14 13:30:00+00:00,189.77999877929688,189.8300018310547,187.36000061035156,187.5399932861328,22614400,2024-10-14
AMZN,2024-10-15 13:30:00+00:00,187.6300048828125,188.41000366210938,184.5800018310547,187.69000244140625,32178900,2024-10-15
AMZN,2024-10-16 13:30:00+00:00,187.0500030517578,187.77999877929688,185.61000061035156,186.88999938964844,23456800,2024-10-16
AMZN,2024-10-17 13:30:00+00:00,188.22000122070312,188.94000244140625,186.0,187.52999877929688,25039400,2024-10-17
AMZN,2024-10-18 13:30:00+00:00,187.14999389648438,190.74000549316406,186.27999877929688,188.99000549316406,37417700,2024-10-18
AMZN,2024-10-21 13:30:00+00:00,188.0500030517578,189.4600067138672,186.39999389648438,189.07000732421875,24639400,2024-10-21
AMZN,2024-10-22 13:30:00+00:00,188.35000610351562,191.52000427246094,186.97999572753906,189.6999969482422,29650600,2024-10-22
AMZN,2024-10-23 13:30:00+00:00,188.85000610351562,189.16000366210938,183.69000244140625,184.7100067138672,31937100,2024-10-23
AMZN,2024-10-24 13:30:00+00:00,185.25,187.11000061035156,183.86000061035156,186.3800048828125,21647400,2024-10-24
AMZN,2024-10-25 13:30:00+00:00,187.85000610351562,190.4499969482422,187.52999877929688,187.8300018310547,29362100,2024-10-25
AMZN,2024-10-28 13:30:00+00:00,189.57000732421875,190.2100067138672,188.2100067138672,188.38999938964844,27930800,2024-10-28
AMZN,2024-10-29 13:30:00+00:00,188.5800018310547,191.4600067138672,187.82000732421875,190.8300018310547,35690200,2024-10-29
AMZN,2024-10-30 13:30:00+00:00,194.6999969482422,195.61000061035156,192.4199981689453,192.72999572753906,37707600,2024-10-30
AMZN,2024-10-31 13:30:00+00:00,190.50999450683594,190.60000610351562,185.22999572753906,186.39999389648438,75146800,2024-10-31
AMZN,2024-11-01 13:30:00+00:00,199.0,200.5,197.02000427246094,197.92999267578125,99687800,2024-11-01
AMZN,2024-11-04 14:30:00+00:00,196.4499969482422,197.3300018310547,194.30999755859375,195.77999877929688,38492100,2024-11-04
AMZN,2024-11-05 14:30:00+00:00,196.0399932861328,199.82000732421875,195.99000549316406,199.5,30564800,2024-11-05
AMZN,2024-11-06 14:30:00+00:00,200.00999450683594,207.5500030517578,199.13999938964844,207.08999633789062,72292200,2024-11-06
AMZN,2024-11-07 14:30:00+00:00,207.44000244140625,212.25,207.19000244140625,210.0500030517578,52878400,2024-11-07
AMZN,2024-11-08 14:30:00+00:00,209.72000122070312,209.9600067138672,207.44000244140625,208.17999267578125,36075800,2024-11-08
AMZN,2024-11-11 14:30:00+00:00,208.5,209.64999389648438,205.58999633789062,206.83999633789062,35456000,2024-11-11
AMZN,2024-11-12 14:30:00+00:00,208.3699951171875,209.5399932861328,206.00999450683594,208.91000366210938,38942900,2024-11-12
AMZN,2024-11-13 14:30:00+00:00,209.39999389648438,215.08999633789062,209.13999938964844,214.10000610351562,46212900,2024-11-13
AMZN,2024-11-14 14:30:00+00:00,214.16000366210938,215.89999389648438,210.8800048828125,211.47999572753906,42620300,2024-11-14
AMZN,2024-11-15 14:30:00+00:00,206.75999450683594,207.33999633789062,199.61000061035156,202.61000061035156,86591100,2024-11-15
AMZN,2024-11-18 14:30:00+00:00,204.14999389648438,204.6699981689453,200.9499969482422,201.6999969482422,36409900,2024-11-18
AMZN,2024-11-19 14:30:00+00:00,199.3300018310547,205.3000030517578,198.77999877929688,204.61000061035156,31197900,2024-11-19
AMZN,2024-11-20 14:30:00+00:00,202.97999572753906,203.1300048828125,199.4499969482422,202.8800048828125,32769000,2024-11-20
AMZN,2024-11-21 14:30:00+00:00,203.49000549316406,203.49000549316406,195.75,198.3800048828125,58800000,2024-11-21
AMZN,2024-11-22 14:30:00+00:00,198.25,199.25999450683594,196.75,197.1199951171875,31530800,2024-11-22
AMZN,2024-11-25 14:30:00+00:00,199.27999877929688,201.9499969482422,199.0,201.4499969482422,40685700,2024-11-25
AMZN,2024-11-26 14:30:00+00:00,201.89999389648438,208.0,201.7899932861328,207.86000061035156,41673700,2024-11-26
AMZN,2024-11-27 14:30:00+00:00,206.97999572753906,207.63999938964844,205.0500030517578,205.74000549316406,28061600,2024-11-27
AMZN,2024-11-29 14:30:00+00:00,205.8300018310547,208.1999969482422,204.58999633789062,207.88999938964844,24892400,2024-11-29
AMZN,2024-12-02 14:30:00+00:00,209.9600067138672,212.99000549316406,209.50999450683594,210.7100067138672,39523200,2024-12-02
AMZN,2024-12-03 14:30:00+00:00,210.30999755859375,214.02000427246094,209.64999389648438,213.44000244140625,32214800,2024-12-03
AMZN,2024-12-04 14:30:00+00:00,215.9600067138672,220.0,215.75,218.16000366210938,48745700,2024-12-04
AMZN,2024-12-05 14:30:00+00:00,218.02999877929688,222.14999389648438,217.3000030517578,220.5500030517578,41140200,2024-12-05
AMZN,2024-12-06 14:30:00+00:00,220.75,227.14999389648438,220.60000610351562,227.02999877929688,44178100,2024-12-06
AMZN,2024-12-09 14:30:00+00:00,227.2100067138672,230.0800018310547,225.6699981689453,226.08999633789062,46819400,2024-12-09
AMZN,2024-12-10 14:30:00+00:00,226.08999633789062,229.05999755859375,224.1999969482422,225.0399932861328,31199900,2024-12-10
AMZN,2024-12-11 14:30:00+00:00,226.41000366210938,231.1999969482422,226.25999450683594,230.25999450683594,35385800,2024-12-11
AMZN,2024-12-12 14:30:00+00:00,229.8300018310547,231.08999633789062,227.6300048828125,228.97000122070312,28204100,2024-12-12
AMZN,2024-12-13 14:30:00+00:00,228.39999389648438,230.1999969482422,225.86000061035156,227.4600067138672,28768100,2024-12-13
AMZN,2024-12-16 14:30:00+00:00,230.22999572753906,233.0,228.00999450683594,232.92999267578125,37552100,2024-12-16
AMZN,2024-12-17 14:30:00+00:00,232.38999938964844,232.72999572753906,227.85000610351562,231.14999389648438,35948100,2024-12-17
AMZN,2024-12-18 14:30:00+00:00,230.77000427246094,231.39999389648438,220.11000061035156,220.52000427246094,43281400,2024-12-18
AMZN,2024-12-19 14:30:00+00:00,224.91000366210938,226.08999633789062,222.9199981689453,223.2899932861328,39918700,2024-12-19
AMZN,2024-12-20 14:30:00+00:00,219.83999633789062,226.2100067138672,218.72999572753906,224.9199981689453,88279200,2024-12-20
AMZN,2024-12-23 14:30:00+00:00,225.00999450683594,226.8800048828125,223.89999389648438,225.05999755859375,28070000,2024-12-23
AMZN,2024-12-24 14:30:00+00:00,226.94000244140625,229.13999938964844,226.1300048828125,229.0500030517578,15007500,2024-12-24
AMZN,2024-12-26 14:30:00+00:00,228.5,228.5,226.6699981689453,227.0500030517578,16146700,2024-12-26
AMZN,2024-12-27 14:30:00+00:00,225.60000610351562,226.02999877929688,220.89999389648438,223.75,27367100,2024-12-27
AMZN,2024-12-30 14:30:00+00:00,220.05999755859375,223.0,218.42999267578125,221.3000030517578,28321200,2024-12-30
AMZN,2024-12-31 14:30:00+00:00,222.97000122070312,223.22999572753906,218.94000244140625,219.38999938964844,24819700,2024-12-31
AMZN,2025-01-02 14:30:00+00:00,222.02999877929688,225.14999389648438,218.19000244140625,220.22000122070312,33956600,2025-01-02
AMZN,2025-01-03 14:30:00+00:00,222.50999450683594,225.36000061035156,221.6199951171875,224.19000244140625,27515600,2025-01-03
AMZN,2025-01-06 14:30:00+00:00,226.77999877929688,228.83999633789062,224.83999633789062,227.61000061035156,31849800,2025-01-06
AMZN,2025-01-07 14:30:00+00:00,227.89999389648438,228.3800048828125,221.4600067138672,222.11000061035156,28084200,2025-01-07
AMZN,2025-01-08 14:30:00+00:00,223.19000244140625,223.52000427246094,220.1999969482422,222.1300048828125,25033300,2025-01-08
AMZN,2025-01-10 14:30:00+00:00,221.4600067138672,221.7100067138672,216.5,218.94000244140625,36811500,2025-01-10
AMZN,2025-01-13 14:30:00+00:00,218.05999755859375,219.39999389648438,216.47000122070312,218.4600067138672,27262700,2025-01-13
AMZN,2025-01-14 14:30:00+00:00,220.44000244140625,221.82000732421875,216.1999969482422,217.75999450683594,24711700,2025-01-14
AMZN,2025-01-15 14:30:00+00:00,222.8300018310547,223.57000732421875,220.75,223.35000610351562,31291300,2025-01-15
AMZN,2025-01-16 14:30:00+00:00,224.4199981689453,224.64999389648438,220.30999755859375,220.66000366210938,24757300,2025-01-16
AMZN,2025-01-17 14:30:00+00:00,225.83999633789062,226.50999450683594,223.0800018310547,225.94000244140625,42370100,2025-01-17
AMZN,2025-01-21 14:30:00+00:00,228.89999389648438,231.77999877929688,226.94000244140625,230.7100067138672,39951500,2025-01-21
AMZN,2025-01-22 14:30:00+00:00,232.02000427246094,235.44000244140625,231.19000244140625,235.00999450683594,41448200,2025-01-22
AMZN,2025-01-23 14:30:00+00:00,234.10000610351562,235.52000427246094,231.50999450683594,235.4199981689453,26404400,2025-01-23
AMZN,2025-01-24 14:30:00+00:00,234.5,236.39999389648438,232.92999267578125,234.85000610351562,25890700,2025-01-24
AMZN,2025-01-27 14:30:00+00:00,226.2100067138672,235.61000061035156,225.86000061035156,235.4199981689453,49428300,2025-01-27
AMZN,2025-01-28 14:30:00+00:00,234.2899932861328,241.77000427246094,233.97999572753906,238.14999389648438,41587200,2025-01-28
AMZN,2025-01-29 14:30:00+00:00,239.02000427246094,240.38999938964844,236.14999389648438,237.07000732421875,26091700,2025-01-29
AMZN,2025-01-30 14:30:00+00:00,237.13999938964844,237.9499969482422,232.22000122070312,234.63999938964844,32020700,2025-01-30
AMZN,2025-01-31 14:30:00+00:00,236.5,240.2899932861328,236.41000366210938,237.67999267578125,36110200,2025-01-31
AMZN,2025-02-03 14:30:00+00:00,234.05999755859375,239.25,232.89999389648438,237.4199981689453,37285900,2025-02-03
AMZN,2025-02-04 14:30:00+00:00,239.00999450683594,242.52000427246094,238.02999877929688,242.05999755859375,29713800,2025-02-04
AMZN,2025-02-05 14:30:00+00:00,237.02000427246094,238.32000732421875,235.1999969482422,236.1699981689453,38727300,2025-02-05
AMZN,2025-02-06 14:30:00+00:00,238.00999450683594,239.66000366210938,236.00999450683594,238.8300018310547,60897100,2025-02-06
AMZN,2025-02-07 14:30:00+00:00,232.5,234.80999755859375,228.05999755859375,229.14999389648438,77539300,2025-02-07
AMZN,2025-02-10 14:30:00+00:00,230.5500030517578,233.9199981689453,229.1999969482422,233.13999938964844,35419900,2025-02-10
AMZN,2025-02-11 14:30:00+00:00,231.9199981689453,233.44000244140625,230.1300048828125,232.75999450683594,23713700,2025-02-11
AMZN,2025-02-12 14:30:00+00:00,230.4600067138672,231.17999267578125,228.16000366210938,228.92999267578125,32285200,2025-02-12
AMZN,2025-02-13 14:30:00+00:00,228.85000610351562,230.4199981689453,227.52000427246094,230.3699951171875,31346500,2025-02-13
AMZN,2025-02-14 14:30:00+00:00,229.1999969482422,229.88999938964844,227.22999572753906,228.67999267578125,27031100,2025-02-14
AMZN,2025-02-18 14:30:00+00:00,228.82000732421875,229.3000030517578,223.72000122070312,226.64999389648438,42975100,2025-02-18
AMZN,2025-02-19 14:30:00+00:00,225.52000427246094,226.8300018310547,223.7100067138672,226.6300048828125,28566700,2025-02-19
AMZN,2025-02-20 14:30:00+00:00,224.77999877929688,225.1300048828125,221.80999755859375,222.8800048828125,30001700,2025-02-20
AMZN,2025-02-21 14:30:00+00:00,223.27999877929688,223.30999755859375,214.74000549316406,216.5800018310547,55323900,2025-02-21
AMZN,2025-02-24 14:30:00+00:00,217.4499969482422,217.72000122070312,212.4199981689453,212.7100067138672,42387600,2025-02-24
AMZN,2025-02-25 14:30:00+00:00,211.6300048828125,213.33999633789062,204.16000366210938,212.8000030517578,58958000,2025-02-25
AMZN,2025-02-26 14:30:00+00:00,214.94000244140625,218.16000366210938,213.08999633789062,214.35000610351562,39120600,2025-02-26
AMZN,2025-02-27 14:30:00+00:00,218.35000610351562,219.97000122070312,208.3699951171875,208.74000549316406,40548600,2025-02-27
AMZN,2025-02-28 14:30:00+00:00,208.64999389648438,212.6199951171875,206.99000549316406,212.27999877929688,51771700,2025-02-28
AMZN,2025-03-03 14:30:00+00:00,213.35000610351562,214.00999450683594,202.5500030517578,205.02000427246094,42948400,2025-03-03
AMZN,2025-03-04 14:30:00+00:00,200.11000061035156,206.8000030517578,197.42999267578125,203.8000030517578,60853100,2025-03-04
AMZN,2025-03-05 14:30:00+00:00,204.8000030517578,209.97999572753906,203.25999450683594,208.36000061035156,38610100,2025-03-05
AMZN,2025-03-06 14:30:00+00:00,204.39999389648438,205.77000427246094,198.3000030517578,200.6999969482422,49863800,2025-03-06
AMZN,2025-03-07 14:30:00+00:00,199.49000549316406,202.27000427246094,192.52999877929688,199.25,59802800,2025-03-07
AMZN,2025-03-10 13:30:00+00:00,195.60000610351562,196.72999572753906,190.85000610351562,194.5399932861328,62350900,2025-03-10
AMZN,2025-03-11 13:30:00+00:00,193.89999389648438,200.17999267578125,193.39999389648438,196.58999633789062,54002900,2025-03-11
AMZN,2025-03-12 13:30:00+00:00,200.72000122070312,201.52000427246094,195.2899932861328,198.88999938964844,43679300,2025-03-12
AMZN,2025-03-13 13:30:00+00:00,198.1699981689453,198.8800048828125,191.82000732421875,193.88999938964844,41270800,2025-03-13
AMZN,2025-03-14 13:30:00+00:00,197.41000366210938,198.64999389648438,195.32000732421875,197.9499969482422,38096700,2025-03-14
AMZN,2025-03-17 13:30:00+00:00,198.77000427246094,199.0,194.32000732421875,195.74000549316406,47341800,2025-03-17
AMZN,2025-03-18 13:30:00+00:00,192.52000427246094,194.0,189.3800048828125,192.82000732421875,40414900,2025-03-18
AMZN,2025-03-19 13:30:00+00:00,193.3800048828125,195.97000122070312,191.9600067138672,195.5399932861328,39442900,2025-03-19
AMZN,2025-03-20 13:30:00+00:00,193.07000732421875,199.32000732421875,192.3000030517578,194.9499969482422,38921100,2025-03-20
AMZN,2025-03-21 13:30:00+00:00,192.89999389648438,196.99000549316406,192.52000427246094,196.2100067138672,60056900,2025-03-21
AMZN,2025-03-24 13:30:00+00:00,200.0,203.63999938964844,199.9499969482422,203.25999450683594,41625400,2025-03-24
AMZN,2025-03-25 13:30:00+00:00,203.60000610351562,206.2100067138672,203.22000122070312,205.7100067138672,31171200,2025-03-25
AMZN,2025-03-26 13:30:00+00:00,205.83999633789062,206.00999450683594,199.92999267578125,201.1300048828125,32855300,2025-03-26
AMZN,2025-03-27 13:30:00+00:00,200.88999938964844,203.7899932861328,199.27999877929688,201.36000061035156,27317700,2025-03-27
AMZN,2025-03-28 13:30:00+00:00,198.4199981689453,199.25999450683594,191.8800048828125,192.72000122070312,52548200,2025-03-28
AMZN,2025-03-31 13:30:00+00:00,188.19000244140625,191.3300018310547,184.39999389648438,190.25999450683594,63547600,2025-03-31
AMZN,2025-04-01 13:30:00+00:00,187.86000061035156,193.92999267578125,187.1999969482422,192.1699981689453,41267300,2025-04-01
AMZN,2025-04-02 13:30:00+00:00,187.66000366210938,198.33999633789062,187.66000366210938,196.00999450683594,53679200,2025-04-02
AMZN,2025-04-03 13:30:00+00:00,183.0,184.1300048828125,176.9199981689453,178.41000366210938,95553600,2025-04-03
AMZN,2025-04-04 13:30:00+00:00,167.14999389648438,178.13999938964844,166.0,171.0,123159400,2025-04-04
AMZN,2025-04-07 13:30:00+00:00,162.0,183.41000366210938,161.3800048828125,175.25999450683594,109327100,2025-04-07
AMZN,2025-04-08 13:30:00+00:00,185.22999572753906,185.89999389648438,168.57000732421875,170.66000366210938,87710400,2025-04-08
AMZN,2025-04-09 13:30:00+00:00,172.1199951171875,192.64999389648438,169.92999267578125,191.10000610351562,116804300,2025-04-09
AMZN,2025-04-10 13:30:00+00:00,185.44000244140625,186.8699951171875,175.85000610351562,181.22000122070312,68302000,2025-04-10
AMZN,2025-04-11 13:30:00+00:00,179.92999267578125,185.86000061035156,178.0,184.8699951171875,50594300,2025-04-11
AMZN,2025-04-14 13:30:00+00:00,186.83999633789062,187.44000244140625,179.22999572753906,182.1199951171875,48002500,2025-04-14
AMZN,2025-04-15 13:30:00+00:00,181.41000366210938,182.35000610351562,177.92999267578125,179.58999633789062,43642000,2025-04-15
AMZN,2025-04-16 13:30:00+00:00,176.2899932861328,179.10000610351562,171.41000366210938,174.3300018310547,51875300,2025-04-16
AMZN,2025-04-17 13:30:00+00:00,176.0,176.2100067138672,172.0,172.61000061035156,44726500,2025-04-17
AMZN,2025-04-21 13:30:00+00:00,169.60000610351562,169.60000610351562,165.2899932861328,167.32000732421875,48126100,2025-04-21
AMZN,2025-04-22 13:30:00+00:00,169.85000610351562,176.77999877929688,169.35000610351562,173.17999267578125,56607200,2025-04-22
AMZN,2025-04-23 13:30:00+00:00,183.4499969482422,187.3800048828125,180.19000244140625,180.60000610351562,63470100,2025-04-23
AMZN,2025-04-24 13:30:00+00:00,180.9199981689453,186.74000549316406,180.17999267578125,186.5399932861328,43763200,2025-04-24
AMZN,2025-04-25 13:30:00+00:00,187.6199951171875,189.94000244140625,185.49000549316406,188.99000549316406,36414300,2025-04-25
AMZN,2025-04-28 13:30:00+00:00,190.11000061035156,190.22000122070312,184.88999938964844,187.6999969482422,33224700,2025-04-28
AMZN,2025-04-29 13:30:00+00:00,183.99000549316406,188.02000427246094,183.67999267578125,187.38999938964844,41667300,2025-04-29
AMZN,2025-04-30 13:30:00+00:00,182.1699981689453,185.0500030517578,178.85000610351562,184.4199981689453,55176500,2025-04-30
AMZN,2025-05-01 13:30:00+00:00,190.6300048828125,191.80999755859375,187.5,190.1999969482422,74266000,2025-05-01
AMZN,2025-05-02 13:30:00+00:00,191.44000244140625,192.8800048828125,186.39999389648438,189.97999572753906,77903500,2025-05-02
AMZN,2025-05-05 13:30:00+00:00,186.50999450683594,188.17999267578125,185.52999877929688,186.35000610351562,35217500,2025-05-05
AMZN,2025-05-06 13:30:00+00:00,184.57000732421875,187.92999267578125,183.85000610351562,185.00999450683594,29314100,2025-05-06
AMZN,2025-05-07 13:30:00+00:00,185.55999755859375,190.99000549316406,185.00999450683594,188.7100067138672,43948600,2025-05-07
AMZN,2025-05-08 13:30:00+00:00,191.42999267578125,194.3300018310547,188.82000732421875,192.0800018310547,41043600,2025-05-08
AMZN,2025-05-09 13:30:00+00:00,193.3800048828125,194.69000244140625,191.16000366210938,193.05999755859375,29663100,2025-05-09
AMZN,2025-05-12 13:30:00+00:00,210.7100067138672,211.66000366210938,205.75,208.63999938964844,75205000,2025-05-12
AMZN,2025-05-13 13:30:00+00:00,211.0800018310547,214.83999633789062,210.10000610351562,211.3699951171875,56193700,2025-05-13
AMZN,2025-05-14 13:30:00+00:00,211.4499969482422,211.92999267578125,208.85000610351562,210.25,38492100,2025-05-14
AMZN,2025-05-15 13:30:00+00:00,206.4499969482422,206.8800048828125,202.6699981689453,205.1699981689453,64347300,2025-05-15
AMZN,2025-05-16 13:30:00+00:00,206.85000610351562,206.85000610351562,204.3699951171875,205.58999633789062,43318500,2025-05-16
AMZN,2025-05-19 13:30:00+00:00,201.64999389648438,206.6199951171875,201.25999450683594,206.16000366210938,34314800,2025-05-19
AMZN,2025-05-20 13:30:00+00:00,204.6300048828125,205.58999633789062,202.64999389648438,204.07000732421875,29470400,2025-05-20
AMZN,2025-05-21 13:30:00+00:00,201.61000061035156,203.4600067138672,200.05999755859375,201.1199951171875,42460900,2025-05-21
AMZN,2025-05-22 13:30:00+00:00,201.3800048828125,205.75999450683594,200.16000366210938,203.10000610351562,38938900,2025-05-22
AMZN,2025-05-23 13:30:00+00:00,198.89999389648438,202.3699951171875,197.85000610351562,200.99000549316406,33393500,2025-05-23
AMZN,2025-05-27 13:30:00+00:00,203.08999633789062,206.69000244140625,202.19000244140625,206.02000427246094,34892000,2025-05-27
AMZN,2025-05-28 13:30:00+00:00,205.9199981689453,207.66000366210938,204.41000366210938,204.72000122070312,28549800,2025-05-28
AMZN,2025-05-29 13:30:00+00:00,208.02999877929688,208.80999755859375,204.22999572753906,205.6999969482422,34650000,2025-05-29
AMZN,2025-05-30 13:30:00+00:00,204.83999633789062,205.99000549316406,201.6999969482422,205.00999450683594,51679400,2025-05-30
AMZN,2025-06-02 13:30:00+00:00,204.97999572753906,207.0,202.67999267578125,206.64999389648438,29113300,2025-06-02
AMZN,2025-06-03 13:30:00+00:00,207.11000061035156,208.9499969482422,205.02999877929688,205.7100067138672,33139100,2025-06-03
AMZN,2025-06-04 13:30:00+00:00,206.5500030517578,208.17999267578125,205.17999267578125,207.22999572753906,29915600,2025-06-04
AMZN,2025-06-05 13:30:00+00:00,209.5500030517578,212.80999755859375,207.55999755859375,207.91000366210938,51864200,2025-06-05
AMZN,2025-06-06 13:30:00+00:00,212.39999389648438,213.8699951171875,210.5,213.57000732421875,39832500,2025-06-06
AMZN,2025-06-09 13:30:00+00:00,214.75,217.85000610351562,212.8800048828125,216.97999572753906,38102500,2025-06-09
AMZN,2025-06-10 13:30:00+00:00,216.77999877929688,217.69000244140625,214.14999389648438,217.61000061035156,31303300,2025-06-10
AMZN,2025-06-11 13:30:00+00:00,217.41000366210938,218.39999389648438,212.88999938964844,213.1999969482422,39326000,2025-06-11
AMZN,2025-06-12 13:30:00+00:00,211.77999877929688,213.5800018310547,211.3300018310547,213.24000549316406,27640000,2025-06-12
AMZN,2025-06-13 13:30:00+00:00,209.9600067138672,214.0500030517578,209.6199951171875,212.10000610351562,29337800,2025-06-13
AMZN,2025-06-16 13:30:00+00:00,212.30999755859375,217.05999755859375,211.60000610351562,216.10000610351562,33284200,2025-06-16
AMZN,2025-06-17 13:30:00+00:00,215.1999969482422,217.41000366210938,214.55999755859375,214.82000732421875,32086300,2025-06-17
AMZN,2025-06-18 13:30:00+00:00,215.08999633789062,217.9600067138672,212.33999633789062,212.52000427246094,44360500,2025-06-18
AMZN,2025-06-20 13:30:00+00:00,214.67999267578125,214.88999938964844,208.27000427246094,209.69000244140625,75350700,2025-06-20
AMZN,2025-06-23 13:30:00+00:00,209.7899932861328,210.38999938964844,207.30999755859375,208.47000122070312,37311700,2025-06-23
AMZN,2025-06-24 13:30:00+00:00,212.13999938964844,214.33999633789062,211.0500030517578,212.77000427246094,38378800,2025-06-24
AMZN,2025-06-25 13:30:00+00:00,214.6199951171875,216.02999877929688,211.11000061035156,211.99000549316406,31755700,2025-06-25
AMZN,2025-06-26 13:30:00+00:00,213.1199951171875,218.0399932861328,212.00999450683594,217.1199951171875,50480800,2025-06-26
AMZN,2025-06-27 13:30:00+00:00,219.9199981689453,223.3000030517578,216.74000549316406,223.3000030517578,119217100,2025-06-27
AMZN,2025-06-30 13:30:00+00:00,223.52000427246094,223.82000732421875,219.1199951171875,219.38999938964844,58887800,2025-06-30
AMZN,2025-07-01 13:30:00+00:00,219.5,221.8800048828125,217.92999267578125,220.4600067138672,39256800,2025-07-01
AMZN,2025-07-02 13:30:00+00:00,219.72999572753906,221.60000610351562,219.05999755859375,219.9199981689453,30894200,2025-07-02
AMZN,2025-07-03 13:30:00+00:00,221.82000732421875,224.00999450683594,221.36000061035156,223.41000366210938,29632400,2025-07-03
AMZN,2025-07-07 13:30:00+00:00,223.0,224.2899932861328,222.3699951171875,223.47000122070312,36604100,2025-07-07
AMZN,2025-07-08 13:30:00+00:00,223.9199981689453,224.0,218.42999267578125,219.36000061035156,45692000,2025-07-08
AMZN,2025-07-09 13:30:00+00:00,221.07000732421875,224.2899932861328,220.47000122070312,222.5399932861328,38155100,2025-07-09
AMZN,2025-07-10 13:30:00+00:00,221.5500030517578,222.7899932861328,219.6999969482422,222.25999450683594,30370600,2025-07-10
AMZN,2025-07-11 13:30:00+00:00,223.5800018310547,226.67999267578125,222.3699951171875,225.02000427246094,50518300,2025-07-11
AMZN,2025-07-14 13:30:00+00:00,225.07000732421875,226.66000366210938,224.24000549316406,225.69000244140625,35702600,2025-07-14
AMZN,2025-07-15 13:30:00+00:00,226.1999969482422,227.27000427246094,225.4600067138672,226.35000610351562,34907300,2025-07-15
AMZN,2025-07-16 13:30:00+00:00,225.8800048828125,226.10000610351562,222.17999267578125,223.19000244140625,39535900,2025-07-16
AMZN,2025-07-17 13:30:00+00:00,223.32000732421875,224.5,222.50999450683594,223.8800048828125,31855800,2025-07-17
AMZN,2025-07-18 13:30:00+00:00,225.13999938964844,226.39999389648438,222.97999572753906,226.1300048828125,37833800,2025-07-18
AMZN,2025-07-21 13:30:00+00:00,225.83999633789062,229.69000244140625,225.64999389648438,229.3000030517578,40297600,2025-07-21
AMZN,2025-07-22 13:30:00+00:00,229.67999267578125,230.0,226.35000610351562,227.47000122070312,37483700,2025-07-22
AMZN,2025-07-23 13:30:00+00:00,228.47000122070312,228.7899932861328,227.08999633789062,228.2899932861328,28294900,2025-07-23
AMZN,2025-07-24 13:30:00+00:00,229.1699981689453,236.0,228.63999938964844,232.22999572753906,42902300,2025-07-24
AMZN,2025-07-25 13:30:00+00:00,232.22000122070312,232.47999572753906,231.17999267578125,231.44000244140625,28712100,2025-07-25
AMZN,2025-07-28 13:30:00+00:00,233.35000610351562,234.2899932861328,232.25,232.7899932861328,26300100,2025-07-28
AMZN,2025-07-29 13:30:00+00:00,234.14999389648438,234.72000122070312,230.30999755859375,231.00999450683594,33716200,2025-07-29
AMZN,2025-07-30 13:30:00+00:00,231.63999938964844,231.8000030517578,229.2899932861328,230.19000244140625,32993300,2025-07-30
AMZN,2025-07-31 13:30:00+00:00,235.77000427246094,236.52999877929688,231.39999389648438,234.11000061035156,104357300,2025-07-31
AMZN,2025-08-01 13:30:00+00:00,217.2100067138672,220.44000244140625,212.8000030517578,214.75,122258800,2025-08-01
AMZN,2025-08-04 13:30:00+00:00,217.39999389648438,217.44000244140625,211.4199981689453,211.64999389648438,77890100,2025-08-04
AMZN,2025-08-05 13:30:00+00:00,213.0500030517578,216.3000030517578,212.8699951171875,213.75,51505100,2025-08-05
AMZN,2025-08-06 13:30:00+00:00,214.6999969482422,222.64999389648438,213.74000549316406,222.30999755859375,54823000,2025-08-06
AMZN,2025-08-07 13:30:00+00:00,221.0,226.22000122070312,220.82000732421875,223.1300048828125,40603500,2025-08-07
AMZN,2025-08-08 13:30:00+00:00,223.13999938964844,223.8000030517578,221.8800048828125,222.69000244140625,32970500,2025-08-08
AMZN,2025-08-11 13:30:00+00:00,221.77999877929688,223.0500030517578,220.39999389648438,221.3000030517578,31646200,2025-08-11
AMZN,2025-08-12 13:30:00+00:00,222.22999572753906,223.5,219.0500030517578,221.47000122070312,37185800,2025-08-12
AMZN,2025-08-13 13:30:00+00:00,222.0,224.9199981689453,222.0,224.55999755859375,36508300,2025-08-13
AMZN,2025-08-14 13:30:00+00:00,227.39999389648438,233.11000061035156,227.02000427246094,230.97999572753906,61545800,2025-08-14
AMZN,2025-08-15 13:30:00+00:00,232.5800018310547,234.0800018310547,229.80999755859375,231.02999877929688,39649200,2025-08-15
AMZN,2025-08-18 13:30:00+00:00,230.22999572753906,231.91000366210938,228.3300018310547,231.49000549316406,25248900,2025-08-18
AMZN,2025-08-19 13:30:00+00:00,230.08999633789062,230.52999877929688,227.1199951171875,228.00999450683594,29891000,2025-08-19
AMZN,2025-08-20 13:30:00+00:00,227.1199951171875,227.27000427246094,220.9199981689453,223.80999755859375,36604300,2025-08-20
AMZN,2025-08-21 13:30:00+00:00,222.64999389648438,222.77999877929688,220.5,221.9499969482422,32140500,2025-08-21
AMZN,2025-08-22 13:30:00+00:00,222.7899932861328,229.13999938964844,220.82000732421875,228.83999633789062,37315300,2025-08-22
AMZN,2025-08-25 13:30:00+00:00,227.35000610351562,229.60000610351562,227.30999755859375,227.94000244140625,22633700,2025-08-25
AMZN,2025-08-26 13:30:00+00:00,227.11000061035156,229.0,226.02000427246094,228.7100067138672,26105400,2025-08-26
AMZN,2025-08-27 13:30:00+00:00,228.57000732421875,229.8699951171875,227.80999755859375,229.1199951171875,21254500,2025-08-27
AMZN,2025-08-28 13:30:00+00:00,229.00999450683594,232.7100067138672,228.02000427246094,231.60000610351562,33679600,2025-08-28
AMZN,2025-08-29 13:30:00+00:00,231.32000732421875,231.80999755859375,228.16000366210938,229.0,26199200,2025-08-29
AMZN,2025-09-02 13:30:00+00:00,223.52000427246094,226.1699981689453,221.8300018310547,225.33999633789062,38843900,2025-09-02
AMZN,2025-09-03 13:30:00+00:00,225.2100067138672,227.1699981689453,224.36000061035156,225.99000549316406,29223100,2025-09-03
AMZN,2025-09-04 13:30:00+00:00,231.19000244140625,235.77000427246094,230.77999877929688,235.67999267578125,59391800,2025-09-04
AMZN,2025-09-05 13:30:00+00:00,235.19000244140625,236.0,231.92999267578125,232.3300018310547,36721800,2025-09-05
AMZN,2025-09-08 13:30:00+00:00,234.94000244140625,237.60000610351562,233.75,235.83999633789062,33947100,2025-09-08
AMZN,2025-09-09 13:30:00+00:00,236.36000061035156,238.85000610351562,235.0800018310547,238.24000549316406,27033800,2025-09-09
AMZN,2025-09-10 13:30:00+00:00,237.52000427246094,237.67999267578125,229.10000610351562,230.3300018310547,60907700,2025-09-10
AMZN,2025-09-11 13:30:00+00:00,231.49000549316406,231.52999877929688,229.33999633789062,229.9499969482422,37485600,2025-09-11
AMZN,2025-09-12 13:30:00+00:00,230.35000610351562,230.7899932861328,226.2899932861328,228.14999389648438,38496200,2025-09-12
AMZN,2025-09-15 13:30:00+00:00,230.6300048828125,233.72999572753906,230.32000732421875,231.42999267578125,33243300,2025-09-15
AMZN,2025-09-16 13:30:00+00:00,232.94000244140625,235.89999389648438,232.22999572753906,234.0500030517578,38203900,2025-09-16
AMZN,2025-09-17 13:30:00+00:00,233.77000427246094,234.3000030517578,228.7100067138672,231.6199951171875,42815200,2025-09-17
AMZN,2025-09-18 13:30:00+00:00,232.5,233.47999572753906,228.7899932861328,231.22999572753906,37931700,2025-09-18
AMZN,2025-09-19 13:30:00+00:00,232.3699951171875,234.16000366210938,229.6999969482422,231.47999572753906,97943200,2025-09-19
AMZN,2025-09-22 13:30:00+00:00,230.55999755859375,230.57000732421875,227.50999450683594,227.6300048828125,45914500,2025-09-22
AMZN,2025-09-23 13:30:00+00:00,227.8300018310547,227.86000061035156,220.07000732421875,220.7100067138672,70956200,2025-09-23
AMZN,2025-09-24 13:30:00+00:00,224.14999389648438,224.55999755859375,219.4499969482422,220.2100067138672,49509000,2025-09-24
AMZN,2025-09-25 13:30:00+00:00,220.05999755859375,220.6699981689453,216.47000122070312,218.14999389648438,52226300,2025-09-25
AMZN,2025-09-26 13:30:00+00:00,219.0800018310547,221.0500030517578,218.02000427246094,219.77999877929688,41650100,2025-09-26
AMZN,2025-09-29 13:30:00+00:00,220.0800018310547,222.60000610351562,219.3000030517578,222.1699981689453,44259200,2025-09-29
AMZN,2025-09-30 13:30:00+00:00,222.02999877929688,222.24000549316406,217.88999938964844,219.57000732421875,48396400,2025-09-30
AMZN,2025-10-01 13:30:00+00:00,217.36000061035156,222.14999389648438,216.61000061035156,220.6300048828125,43933800,2025-10-01
AMZN,2025-10-02 13:30:00+00:00,221.00999450683594,222.80999755859375,218.9499969482422,222.41000366210938,41258600,2025-10-02
AMZN,2025-10-03 13:30:00+00:00,223.44000244140625,224.1999969482422,219.33999633789062,219.50999450683594,43639000,2025-10-03
AMZN,2025-10-06 13:30:00+00:00,221.0,221.72999572753906,216.02999877929688,220.89999389648438,43690900,2025-10-06
AMZN,2025-10-07 13:30:00+00:00,220.8800048828125,222.88999938964844,220.1699981689453,221.77999877929688,31194700,2025-10-07
AMZN,2025-10-08 13:30:00+00:00,222.9199981689453,226.72999572753906,221.19000244140625,225.22000122070312,46686000,2025-10-08
AMZN,2025-10-09 13:30:00+00:00,225.0,228.2100067138672,221.75,227.74000549316406,46412100,2025-10-09
AMZN,2025-10-10 13:30:00+00:00,226.2100067138672,228.25,216.0,216.3699951171875,72367500,2025-10-10
AMZN,2025-10-13 13:30:00+00:00,217.6999969482422,220.67999267578125,217.0399932861328,220.07000732421875,37809700,2025-10-13
AMZN,2025-10-14 13:30:00+00:00,215.55999755859375,219.32000732421875,212.60000610351562,216.38999938964844,45665600,2025-10-14
AMZN,2025-10-15 13:30:00+00:00,216.6199951171875,217.7100067138672,212.66000366210938,215.57000732421875,45909500,2025-10-15
AMZN,2025-10-16 13:30:00+00:00,215.6699981689453,218.58999633789062,212.80999755859375,214.47000122070312,42414600,2025-10-16
AMZN,2025-10-17 13:30:00+00:00,214.55999755859375,214.8000030517578,211.02999877929688,213.0399932861328,45986900,2025-10-17
AMZN,2025-10-20 13:30:00+00:00,213.8800048828125,216.69000244140625,213.58999633789062,216.47999572753906,38882800,2025-10-20
AMZN,2025-10-21 13:30:00+00:00,218.42999267578125,223.32000732421875,217.99000549316406,222.02999877929688,50494600,2025-10-21
AMZN,2025-10-22 13:30:00+00:00,219.3000030517578,220.00999450683594,216.52000427246094,217.9499969482422,44308500,2025-10-22
AMZN,2025-10-23 13:30:00+00:00,219.0,221.3000030517578,218.17999267578125,221.08999633789062,31540000,2025-10-23
AMZN,2025-10-24 13:30:00+00:00,221.97000122070312,225.39999389648438,221.89999389648438,224.2100067138672,38685100,2025-10-24
AMZN,2025-10-27 13:30:00+00:00,227.66000366210938,228.39999389648438,225.5399932861328,226.97000122070312,38267000,2025-10-27
AMZN,2025-10-28 13:30:00+00:00,228.22000122070312,231.49000549316406,226.2100067138672,229.25,47100000,2025-10-28
AMZN,2025-10-29 13:30:00+00:00,231.6699981689453,232.82000732421875,227.75999450683594,230.3000030517578,52036200,2025-10-29
AMZN,2025-10-30 13:30:00+00:00,227.05999755859375,228.44000244140625,222.75,222.86000061035156,102252900,2025-10-30
AMZN,2025-10-31 13:30:00+00:00,250.10000610351562,250.5,243.97999572753906,244.22000122070312,166340800,2025-10-31
AMZN,2025-11-03 14:30:00+00:00,255.36000061035156,258.6000061035156,252.89999389648438,254.0,95997800,2025-11-03
AMZN,2025-11-04 14:30:00+00:00,250.3800048828125,257.010009765625,248.66000366210938,249.32000732421875,51546300,2025-11-04
AMZN,2025-11-05 14:30:00+00:00,249.02999877929688,251.0,246.16000366210938,250.1999969482422,40610700,2025-11-05
AMZN,2025-11-06 14:30:00+00:00,249.16000366210938,250.3800048828125,242.1699981689453,243.0399932861328,46004200,2025-11-06
AMZN,2025-11-07 14:30:00+00:00,242.89999389648438,244.89999389648438,238.49000549316406,244.41000366210938,46374300,2025-11-07
AMZN,2025-11-10 14:30:00+00:00,248.33999633789062,251.75,245.58999633789062,248.39999389648438,36476500,2025-11-10
AMZN,2025-11-11 14:30:00+00:00,248.41000366210938,249.75,247.22999572753906,249.10000610351562,23564100,2025-11-11
AMZN,2025-11-12 14:30:00+00:00,250.24000549316406,250.3699951171875,243.75,244.1999969482422,31190100,2025-11-12
AMZN,2025-11-13 14:30:00+00:00,243.0500030517578,243.75,236.5,237.5800018310547,41401700,2025-11-13
AMZN,2025-11-14 14:30:00+00:00,235.05999755859375,238.72999572753906,232.88999938964844,234.69000244140625,38956700,2025-11-14
AMZN,2025-11-17 14:30:00+00:00,233.25,234.60000610351562,229.19000244140625,232.8699951171875,59919000,2025-11-17
AMZN,2025-11-18 14:30:00+00:00,228.10000610351562,230.1999969482422,222.4199981689453,222.5500030517578,60608400,2025-11-18
AMZN,2025-11-19 14:30:00+00:00,223.74000549316406,223.74000549316406,218.52000427246094,222.69000244140625,58335600,2025-11-19
AMZN,2025-11-20 14:30:00+00:00,227.0500030517578,227.41000366210938,216.74000549316406,217.13999938964844,50309000,2025-11-20
AMZN,2025-11-21 14:30:00+00:00,216.35000610351562,222.2100067138672,215.17999267578125,220.69000244140625,68490500,2025-11-21
AMZN,2025-11-24 14:30:00+00:00,222.55999755859375,227.3300018310547,222.27000427246094,226.27999877929688,54318400,2025-11-24
AMZN,2025-11-25 14:30:00+00:00,226.3800048828125,230.52000427246094,223.8000030517578,229.6699981689453,39379300,2025-11-25
AMZN,2025-11-26 14:30:00+00:00,230.74000549316406,231.75,228.77000427246094,229.16000366210938,38497900,2025-11-26
AMZN,2025-11-28 14:30:00+00:00,231.24000549316406,233.2899932861328,230.22000122070312,233.22000122070312,20292300,2025-11-28
AMZN,2025-12-01 14:30:00+00:00,233.22000122070312,235.8000030517578,232.25,233.8800048828125,42904000,2025-12-01
AMZN,2025-12-02 14:30:00+00:00,235.00999450683594,238.97000122070312,233.5500030517578,234.4199981689453,45785400,2025-12-02
AMZN,2025-12-03 14:30:00+00:00,233.35000610351562,233.3800048828125,230.61000061035156,232.3800048828125,35495100,2025-12-03
AMZN,2025-12-04 14:30:00+00:00,232.77000427246094,233.5,226.8000030517578,229.11000061035156,45683200,2025-12-04
AMZN,2025-12-05 14:30:00+00:00,230.32000732421875,231.24000549316406,228.5500030517578,229.52999877929688,33117400,2025-12-05
AMZN,2025-12-08 14:30:00+00:00,229.58999633789062,230.8300018310547,226.27000427246094,226.88999938964844,35019200,2025-12-08
AMZN,2025-12-09 14:30:00+00:00,226.83999633789062,228.57000732421875,225.11000061035156,227.9199981689453,25841700,2025-12-09
AMZN,2025-12-10 14:30:00+00:00,228.80999755859375,232.4199981689453,228.4600067138672,231.77999877929688,38790700,2025-12-10
AMZN,2025-12-11 14:30:00+00:00,230.7100067138672,232.11000061035156,228.69000244140625,230.27999877929688,28249600,2025-12-11
AMZN,2025-12-12 14:30:00+00:00,229.8699951171875,230.0800018310547,225.1199951171875,226.19000244140625,35639100,2025-12-12
AMZN,2025-12-15 14:30:00+00:00,227.92999267578125,227.92999267578125,221.5,222.5399932861328,47286100,2025-12-15
AMZN,2025-12-16 14:30:00+00:00,223.0399932861328,223.66000366210938,221.1300048828125,222.55999755859375,39298900,2025-12-16
AMZN,2025-12-17 14:30:00+00:00,224.66000366210938,225.19000244140625,220.99000549316406,221.27000427246094,44034400,2025-12-17
AMZN,2025-12-18 14:30:00+00:00,225.7100067138672,229.22999572753906,224.41000366210938,226.75999450683594,50272400,2025-12-18
AMZN,2025-12-19 14:30:00+00:00,226.75999450683594,229.1300048828125,225.5800018310547,227.35000610351562,85544400,2025-12-19
AMZN,2025-12-22 14:30:00+00:00,228.61000061035156,229.47999572753906,226.7100067138672,228.42999267578125,32261300,2025-12-22
AMZN,2025-12-23 14:30:00+00:00,229.05999755859375,232.4499969482422,228.72999572753906,232.13999938964844,29230200,2025-12-23
AMZN,2025-12-24 14:30:00+00:00,232.1300048828125,232.9499969482422,231.3300018310547,232.3800048828125,11420500,2025-12-24
AMZN,2025-12-26 14:30:00+00:00,232.0399932861328,232.99000549316406,231.17999267578125,232.52000427246094,15994700,2025-12-26
AMZN,2025-12-29 14:30:00+00:00,231.94000244140625,232.60000610351562,230.77000427246094,232.07000732421875,19797900,2025-12-29
AMZN,2025-12-30 14:30:00+00:00,231.2100067138672,232.77000427246094,230.1999969482422,232.52999877929688,21910500,2025-12-30
AMZN,2025-12-31 14:30:00+00:00,232.91000366210938,232.99000549316406,230.1199951171875,230.82000732421875,24383700,2025-12-31
AMZN,2026-01-02 14:30:00+00:00,231.33999633789062,235.4600067138672,224.6999969482422,226.5,51456200,2026-01-02
AMZN,2026-01-05 14:30:00+00:00,228.83999633789062,234.0,227.17999267578125,233.05999755859375,49733300,2026-01-05
AMZN,2026-01-06 14:30:00+00:00,232.10000610351562,243.17999267578125,232.07000732421875,240.92999267578125,53764700,2026-01-06
AMZN,2026-01-07 14:30:00+00:00,239.61000061035156,245.2899932861328,239.52000427246094,241.55999755859375,42236500,2026-01-07
AMZN,2026-01-08 14:30:00+00:00,243.05999755859375,246.41000366210938,241.8800048828125,246.2899932861328,39509800,2026-01-08
AMZN,2026-01-09 14:30:00+00:00,244.57000732421875,247.86000061035156,242.24000549316406,247.3800048828125,34560000,2026-01-09
AMZN,2026-01-12 14:30:00+00:00,246.72999572753906,248.94000244140625,245.9600067138672,246.47000122070312,35867800,2026-01-12
AMZN,2026-01-13 14:30:00+00:00,246.52999877929688,247.66000366210938,240.25,242.60000610351562,38371800,2026-01-13
AMZN,2026-01-14 14:30:00+00:00,241.14999389648438,241.27999877929688,236.22000122070312,236.64999389648438,41410600,2026-01-14
AMZN,2026-01-15 14:30:00+00:00,239.30999755859375,240.64999389648438,236.6300048828125,238.17999267578125,43003600,2026-01-15
AMZN,2026-01-16 14:30:00+00:00,239.08999633789062,239.57000732421875,236.41000366210938,239.1199951171875,45888300,2026-01-16
AMZN,2026-01-20 14:30:00+00:00,233.75999450683594,235.08999633789062,229.33999633789062,231.0,47737900,2026-01-20
AMZN,2026-01-21 14:30:00+00:00,231.08999633789062,232.3000030517578,226.8800048828125,231.30999755859375,47276100,2026-01-21
AMZN,2026-01-22 14:30:00+00:00,234.0500030517578,235.72000122070312,230.89999389648438,234.33999633789062,31913300,2026-01-22
AMZN,2026-01-23 14:30:00+00:00,234.9600067138672,240.4499969482422,234.57000732421875,239.16000366210938,33778500,2026-01-23
AMZN,2026-01-26 14:30:00+00:00,239.97999572753906,240.9499969482422,237.5399932861328,238.4199981689453,32825500,2026-01-26
AMZN,2026-01-27 14:30:00+00:00,239.69000244140625,244.8800048828125,238.0800018310547,244.67999267578125,38029200,2026-01-27
AMZN,2026-01-28 14:30:00+00:00,246.3699951171875,247.77999877929688,241.52999877929688,243.00999450683594,40882700,2026-01-28
AMZN,2026-01-29 14:30:00+00:00,242.82000732421875,243.0,236.74000549316406,241.72999572753906,47229600,2026-01-29
AMZN,2026-01-30 14:30:00+00:00,239.88999938964844,243.32000732421875,237.63999938964844,239.3000030517578,46585000,2026-01-30
AMZN,2026-02-02 14:30:00+00:00,238.30999755859375,245.6300048828125,238.1699981689453,242.9600067138672,37546100,2026-02-02
AMZN,2026-02-03 14:30:00+00:00,244.97999572753906,246.35000610351562,235.4499969482422,238.6199951171875,53831300,2026-02-03
AMZN,2026-02-04 14:30:00+00:00,238.86000061035156,238.86000061035156,231.82000732421875,232.99000549316406,51299900,2026-02-04
AMZN,2026-02-05 14:30:00+00:00,224.91000366210938,226.30999755859375,220.3800048828125,222.69000244140625,103509200,2026-02-05
AMZN,2026-02-06 14:30:00+00:00,202.6999969482422,211.44000244140625,200.30999755859375,210.32000732421875,179210900,2026-02-06
AMZN,2026-02-09 14:30:00+00:00,208.97000122070312,212.80999755859375,203.35000610351562,208.72000122070312,91178400,2026-02-09
AMZN,2026-02-10 14:30:00+00:00,208.8000030517578,212.64999389648438,206.41000366210938,206.9600067138672,67175000,2026-02-10
AMZN,2026-02-11 14:30:00+00:00,208.05999755859375,208.57000732421875,202.49000549316406,204.0800018310547,65545500,2026-02-11
AMZN,2026-02-12 14:30:00+00:00,203.9600067138672,203.9600067138672,197.55999755859375,199.60000610351562,83975400,2026-02-12
AMZN,2026-02-13 14:30:00+00:00,198.8800048828125,201.16000366210938,197.27999877929688,198.7899932861328,66321600,2026-02-13
AMZN,2026-02-17 14:30:00+00:00,198.1300048828125,201.74000549316406,196.0,201.14999389648438,69879200,2026-02-17
AMZN,2026-02-18 14:30:00+00:00,202.07000732421875,206.86000061035156,201.50999450683594,204.7899932861328,51003300,2026-02-18
AMZN,2026-02-19 14:30:00+00:00,203.8000030517578,205.63999938964844,202.80999755859375,204.86000061035156,35669600,2026-02-19
AMZN,2026-02-20 14:30:00+00:00,204.75999450683594,211.1699981689453,203.75,210.11000061035156,65881600,2026-02-20
AMZN,2026-02-23 14:30:00+00:00,208.10000610351562,208.42999267578125,203.11000061035156,205.27000427246094,53581500,2026-02-23
AMZN,2026-02-24 14:30:00+00:00,205.47000122070312,210.36000061035156,203.25,208.55999755859375,41137200,2026-02-24
AMZN,2026-02-25 14:30:00+00:00,210.4600067138672,211.58999633789062,208.92999267578125,210.63999938964844,41346400,2026-02-25
AMZN,2026-02-26 14:30:00+00:00,210.72999572753906,211.0500030517578,205.35000610351562,207.9199981689453,47756800,2026-02-26
AMZN,2026-02-27 14:30:00+00:00,206.8300018310547,210.3300018310547,205.1999969482422,210.0,57422800,2026-02-27
AMZN,2026-03-02 14:30:00+00:00,204.5500030517578,209.72999572753906,203.4600067138672,208.38999938964844,46001000,2026-03-02
AMZN,2026-03-03 14:30:00+00:00,203.10000610351562,209.17999267578125,202.47999572753906,208.72999572753906,43184900,2026-03-03
AMZN,2026-03-04 14:30:00+00:00,210.47000122070312,217.5399932861328,210.14999389648438,216.82000732421875,54731100,2026-03-04
AMZN,2026-03-05 14:30:00+00:00,215.97999572753906,220.47000122070312,215.58999633789062,218.94000244140625,60943400,2026-03-05
AMZN,2026-03-06 14:30:00+00:00,214.99000549316406,217.32000732421875,212.52999877929688,213.2100067138672,51152700,2026-03-06
AMZN,2026-03-09 13:30:00+00:00,210.4499969482422,213.82000732421875,207.11000061035156,213.49000549316406,54642900,2026-03-09
AMZN,2026-03-10 13:30:00+00:00,214.19000244140625,215.64999389648438,212.42999267578125,214.3300018310547,35678800,2026-03-10
AMZN,2026-03-11 13:30:00+00:00,215.7100067138672,217.0,211.35000610351562,212.64999389648438,34199300,2026-03-11
AMZN,2026-03-12 13:30:00+00:00,210.38999938964844,211.7100067138672,208.14999389648438,209.52999877929688,44349500,2026-03-12
AMZN,2026-03-13 13:30:00+00:00,209.61000061035156,210.55999755859375,206.22000122070312,207.6699981689453,35662100,2026-03-13
AMZN,2026-03-16 13:30:00+00:00,208.35000610351562,212.72000122070312,207.4499969482422,211.74000549316406,42209300,2026-03-16
AMZN,2026-03-17 13:30:00+00:00,212.82000732421875,215.6999969482422,212.42999267578125,215.1999969482422,44969900,2026-03-17
AMZN,2026-03-18 13:30:00+00:00,213.92999267578125,215.13999938964844,208.8300018310547,209.8699951171875,37846600,2026-03-18
AMZN,2026-03-19 13:30:00+00:00,207.05999755859375,209.1199951171875,206.0500030517578,208.75999450683594,36440600,2026-03-19
AMZN,2026-03-20 13:30:00+00:00,207.39999389648438,207.5399932861328,204.32000732421875,205.3699951171875,63694600,2026-03-20
AMZN,2026-03-23 13:30:00+00:00,209.7899932861328,212.8000030517578,209.50999450683594,210.13999938964844,44277400,2026-03-23
AMZN,2026-03-24 13:30:00+00:00,207.9499969482422,209.35000610351562,206.63999938964844,207.24000549316406,35351400,2026-03-24
AMZN,2026-03-25 13:30:00+00:00,211.55999755859375,213.07000732421875,209.89999389648438,211.7100067138672,36388800,2026-03-25
AMZN,2026-03-26 13:30:00+00:00,210.61000061035156,212.88999938964844,207.1199951171875,207.5399932861328,46746000,2026-03-26
AMZN,2026-03-27 13:30:00+00:00,206.4600067138672,206.60000610351562,199.13999938964844,199.33999633789062,56009800,2026-03-27
AMZN,2026-03-30 13:30:00+00:00,201.47999572753906,203.8000030517578,199.97999572753906,200.9499969482422,46373800,2026-03-30
AMZN,2026-03-31 13:30:00+00:00,204.85000610351562,210.27999877929688,204.13999938964844,208.27000427246094,58470100,2026-03-31
AMZN,2026-04-01 13:30:00+00:00,210.44000244140625,213.5800018310547,208.19000244140625,210.57000732421875,45955400,2026-04-01
AMZN,2026-04-02 13:30:00+00:00,206.5399932861328,212.2100067138672,204.89999389648438,209.77000427246094,31453000,2026-04-02
AMZN,2026-04-06 13:30:00+00:00,209.8000030517578,212.9499969482422,209.58999633789062,212.7899932861328,25385500,2026-04-06
AMZN,2026-04-07 13:30:00+00:00,211.24000549316406,213.97000122070312,209.0800018310547,213.77000427246094,28154600,2026-04-07
AMZN,2026-04-08 13:30:00+00:00,223.7899932861328,226.10000610351562,219.6199951171875,221.25,51092700,2026-04-08
AMZN,2026-04-09 13:30:00+00:00,225.22999572753906,233.8000030517578,223.27000427246094,233.64999389648438,65964200,2026-04-09
AMZN,2026-04-10 13:30:00+00:00,235.3000030517578,240.42999267578125,235.2100067138672,238.3800048828125,56912800,2026-04-10
AMZN,2026-04-13 13:30:00+00:00,237.4499969482422,240.0,235.75,239.88999938964844,42166200,2026-04-13
AMZN,2026-04-14 13:30:00+00:00,241.77999877929688,252.17999267578125,241.77999877929688,249.02000427246094,72685000,2026-04-14
AMZN,2026-04-15 13:30:00+00:00,249.25,250.44000244140625,247.1999969482422,248.5,43045200,2026-04-15
AMZN,2026-04-16 13:30:00+00:00,248.50999450683594,250.0,244.1999969482422,249.6999969482422,41895700,2026-04-16
AMZN,2026-04-17 13:30:00+00:00,254.99000549316406,256.17999267578125,250.11000061035156,250.55999755859375,52029300,2026-04-17
AMZN,2026-04-20 13:30:00+00:00,249.19000244140625,250.17999267578125,245.3699951171875,248.27999877929688,39463100,2026-04-20
AMZN,2026-04-21 13:30:00+00:00,255.08999633789062,255.08999633789062,249.10000610351562,249.91000366210938,42922400,2026-04-21
AMZN,2026-04-22 13:30:00+00:00,252.44000244140625,255.94000244140625,250.3300018310547,255.36000061035156,36065100,2026-04-22
AMZN,2026-04-23 13:30:00+00:00,255.38999938964844,258.7900085449219,253.07000732421875,255.0800018310547,39091400,2026-04-23
AMZN,2026-04-24 13:30:00+00:00,259.9800109863281,264.5,257.69000244140625,263.989990234375,53777400,2026-04-24
AMZN,2026-04-27 13:30:00+00:00,263.4599914550781,264.1499938964844,260.3399963378906,261.1199951171875,44906800,2026-04-27
AMZN,2026-04-28 13:30:00+00:00,258.3900146484375,261.0299987792969,256.6300048828125,259.70001220703125,42204400,2026-04-28
AMZN,2026-04-29 13:30:00+00:00,257.989990234375,265.9100036621094,257.70001220703125,263.0400085449219,72367900,2026-04-29
AMZN,2026-04-30 13:30:00+00:00,273.1700134277344,273.8800048828125,256.1600036621094,265.05999755859375,100974900,2026-04-30
AMZN,2026-05-01 13:30:00+00:00,265.5799865722656,273.32000732421875,262.739990234375,268.260009765625,50825200,2026-05-01
AMZN,2026-05-04 13:30:00+00:00,268.79998779296875,276.1000061035156,268.79998779296875,272.04998779296875,49083700,2026-05-04
AMZN,2026-05-05 13:30:00+00:00,276.0799865722656,278.55999755859375,272.3800048828125,273.54998779296875,41908500,2026-05-05
AMZN,2026-05-06 13:30:00+00:00,272.8900146484375,277.79998779296875,272.2099914550781,274.989990234375,44552000,2026-05-06
AMZN,2026-05-07 13:30:00+00:00,275.0199890136719,276.6300048828125,270.489990234375,271.1700134277344,35892900,2026-05-07
AMZN,2026-05-08 13:30:00+00:00,271.6300048828125,274.0,269.95001220703125,272.67999267578125,34732700,2026-05-08
AMZN,2026-05-11 13:30:00+00:00,269.8399963378906,273.6300048828125,268.4800109863281,268.989990234375,38176700,2026-05-11
AMZN,2026-05-12 13:30:00+00:00,266.7099914550781,267.6499938964844,262.6300048828125,265.82000732421875,36776200,2026-05-12
AMZN,2026-05-13 13:30:00+00:00,264.42999267578125,270.7200012207031,263.20001220703125,270.1300048828125,39670900,2026-05-13
AMZN,2026-05-14 13:30:00+00:00,269.1499938964844,270.7799987792969,266.6300048828125,267.2200012207031,31338400,2026-05-14
AMZN,2026-05-15 13:30:00+00:00,262.5,264.3599853515625,260.8900146484375,264.1400146484375,40770300,2026-05-15
AMZN,2026-05-18 13:30:00+00:00,263.8699951171875,268.8500061035156,262.5299987792969,264.8599853515625,33690800,2026-05-18
AMZN,2026-05-19 13:30:00+00:00,262.0400085449219,262.25,255.19000244140625,259.3399963378906,40340700,2026-05-19
AMZN,2026-05-20 13:30:00+00:00,260.04998779296875,265.5799865722656,259.5299987792969,265.010009765625,34933200,2026-05-20
AMZN,2026-05-21 13:30:00+00:00,263.5,269.489990234375,261.3699951171875,268.4599914550781,36591700,2026-05-21
AMZN,2026-05-22 13:30:00+00:00,268.6600036621094,269.7900085449219,266.239990234375,266.32000732421875,27535500,2026-05-22
AMZN,2026-05-26 13:30:00+00:00,267.94000244140625,269.29998779296875,262.07000732421875,265.2900085449219,38028100,2026-05-26
AMZN,2026-05-27 13:30:00+00:00,266.1499938964844,272.4100036621094,265.70001220703125,271.8500061035156,40061900,2026-05-27
AMZN,2026-05-28 13:30:00+00:00,272.2699890136719,274.5,267.44000244140625,274.0,40630400,2026-05-28
AMZN,2026-05-29 13:30:00+00:00,271.2900085449219,274.75,269.6400146484375,270.6400146484375,54749600,2026-05-29
AMZN,2026-06-01 13:30:00+00:00,266.2900085449219,266.6300048828125,260.70001220703125,261.260009765625,53604400,2026-06-01
AMZN,2026-06-02 13:30:00+00:00,257.1600036621094,261.20001220703125,254.3699951171875,256.5199890136719,41811000,2026-06-02
AMZN,2026-06-03 13:30:00+00:00,254.6999969482422,257.0899963378906,247.7100067138672,250.02000427246094,51394200,2026-06-03
AMZN,2026-06-04 13:30:00+00:00,253.1199951171875,255.8300018310547,251.75,253.7899932861328,35609800,2026-06-04
AMZN,2026-06-05 13:30:00+00:00,254.25999450683594,256.3800048828125,245.77999877929688,246.02999877929688,55607800,2026-06-05
AMZN,2026-06-08 13:30:00+00:00,246.67999267578125,249.4199981689453,243.36000061035156,245.22000122070312,33899500,2026-06-08
AMZN,2026-06-09 13:30:00+00:00,247.72999572753906,250.42999267578125,240.39999389648438,244.19000244140625,44425400,2026-06-09
AMZN,2026-06-10 13:30:00+00:00,243.61000061035156,244.07000732421875,237.4499969482422,238.0,38590200,2026-06-10
AMZN,2026-06-11 13:30:00+00:00,237.92999267578125,242.13999938964844,235.17999267578125,241.50999450683594,41335400,2026-06-11
AMZN,2026-06-12 13:30:00+00:00,243.2100067138672,243.36000061035156,233.58999633789062,238.5500030517578,51186600,2026-06-12
AMZN,2026-06-15 13:30:00+00:00,245.02000427246094,247.80999755859375,244.72999572753906,246.02000427246094,41711600,2026-06-15
AMZN,2026-06-16 13:30:00+00:00,248.0,249.50999450683594,245.4499969482422,246.0,35187400,2026-06-16
AMZN,2026-06-17 13:30:00+00:00,244.89999389648438,245.91000366210938,236.0,237.5,44780800,2026-06-17
AMZN,2026-06-18 13:30:00+00:00,240.1199951171875,245.72999572753906,236.02000427246094,244.38999938964844,75624400,2026-06-18
AMZN,2026-06-22 13:30:00+00:00,240.0800018310547,242.0,232.24000549316406,232.7899932861328,68388500,2026-06-22
AMZN,2026-06-23 13:30:00+00:00,232.5500030517578,236.8699951171875,232.0,234.11000061035156,60492600,2026-06-23
AMZN,2026-06-24 13:30:00+00:00,233.85000610351562,242.4199981689453,232.9499969482422,234.27000427246094,70282600,2026-06-24
AMZN,2026-06-25 13:30:00+00:00,232.02000427246094,232.32000732421875,225.5500030517578,227.00999450683594,77674100,2026-06-25
AMZN,2026-06-26 13:30:00+00:00,227.2100067138672,233.89999389648438,226.1300048828125,232.69000244140625,248372100,2026-06-26
AMZN,2026-06-29 13:30:00+00:00,234.22000122070312,249.7100067138672,233.8000030517578,240.13999938964844,77619200,2026-06-29
AMZN,2026-06-30 13:30:00+00:00,237.35000610351562,241.5399932861328,237.1699981689453,238.33999633789062,66228300,2026-06-30
AMZN,2026-07-01 13:30:00+00:00,239.75,244.89999389648438,234.89999389648438,241.6999969482422,53829900,2026-07-01
AMZN,2026-07-02 13:30:00+00:00,241.61000061035156,246.72000122070312,241.0800018310547,242.6699981689453,48246400,2026-07-02
AMZN,2026-07-06 13:30:00+00:00,243.8000030517578,246.0399932861328,240.8800048828125,244.16000366210938,40044000,2026-07-06
AMZN,2026-07-07 13:30:00+00:00,246.97999572753906,248.92999267578125,242.6999969482422,245.97999572753906,40579600,2026-07-07
AMZN,2026-07-08 13:30:00+00:00,244.27000427246094,244.8000030517578,240.52000427246094,243.6199951171875,29653000,2026-07-08
AMZN,2026-07-09 13:30:00+00:00,239.82000732421875,247.5,238.25,247.0399932861328,38091700,2026-07-09
AMZN,2026-07-10 13:30:00+00:00,249.5500030517578,251.02999877929688,244.41000366210938,245.33999633789062,31654000,2026-07-10
AMZN,2026-07-13 13:30:00+00:00,244.67999267578125,249.64999389648438,244.17999267578125,247.30999755859375,34636100,2026-07-13
AMZN,2026-07-14 13:30:00+00:00,245.5500030517578,248.55999755859375,243.8000030517578,247.49000549316406,30108100,2026-07-14
AMZN,2026-07-15 13:30:00+00:00,249.75,256.4800109863281,249.75,254.9600067138672,45240600,2026-07-15
AMZN,2026-07-16 13:30:00+00:00,255.1199951171875,258.0799865722656,248.0,249.88999938964844,45343700,2026-07-16
AMZN,2026-07-17 13:30:00+00:00,244.4600067138672,250.24000549316406,243.58999633789062,247.22999572753906,43572400,2026-07-17
AMZN,2026-07-20 13:30:00+00:00,248.75999450683594,252.88999938964844,248.0,249.99000549316406,32406500,2026-07-20
AMZN,2026-07-21 13:30:00+00:00,249.11000061035156,249.33999633789062,246.4199981689453,247.5500030517578,27732100,2026-07-21
AMZN,2026-07-22 13:30:00+00:00,248.27000427246094,248.4499969482422,242.4499969482422,244.85000610351562,34112700,2026-07-22
AMZN,2026-07-23 13:30:00+00:00,236.25999450683594,238.35000610351562,232.0500030517578,233.66000366210938,47465300,2026-07-23
AMZN,2026-07-24 13:30:00+00:00,234.3800048828125,234.9499969482422,231.33999633789062,232.11000061035156,35017400,2026-07-24
AMZN,2026-07-27 13:30:00+00:00,235.6699981689453,235.88999938964844,230.99000549316406,231.38999938964844,34999500,2026-07-27
AMZN,2026-07-28 13:30:00+00:00,232.85000610351562,233.11000061035156,228.10000610351562,230.86000061035156,44521600,2026-07-28
AMZN,2026-07-29 13:30:00+00:00,229.32000732421875,232.82000732421875,226.16000366210938,226.64999389648438,44957500,2026-07-29
AMZN,2026-07-30 13:30:00+00:00,233.35000610351562,239.82000732421875,231.05999755859375,235.5,101839800,2026-07-30
AMZN,2026-07-31 13:30:00+00:00,265.0,273.2300109863281,262.010009765625,271.5799865722656,129054800,2026-07-31
AMZN,2026-08-03 13:30:00+00:00,278.2900085449219,287.20001220703125,278.0,284.0199890136719,90830200,2026-08-03
AMZN,2026-08-04 13:30:00+00:00,276.05999755859375,281.07000732421875,275.82000732421875,277.4200134277344,69748100,2026-08-04
AMZN,2026-08-05 13:30:00+00:00,281.5899963378906,282.7900085449219,270.7300109863281,272.6499938964844,45119800,2026-08-05
AMZN,2026-08-06 13:30:00+00:00,272.7699890136719,275.4800109863281,271.05999755859375,272.260009765625,30672900,2026-08-06
AMZN,2026-08-07 13:30:00+00:00,272.8699951171875,278.30999755859375,272.75,274.4800109863281,33861400,2026-08-07
AMZN,2026-08-10 13:30:00+00:00,274.010009765625,280.1400146484375,273.6000061035156,278.0899963378906,35731900,2026-08-10
AMZN,2026-08-11 13:30:00+00:00,278.69000244140625,278.8399963378906,271.3599853515625,272.2699890136719,31895700,2026-08-11
AMZN,2026-08-12 13:30:00+00:00,273.17999267578125,273.4599914550781,267.1000061035156,267.2799987792969,29941100,2026-08-12
AMZN,2026-08-13 13:30:00+00:00,267.239990234375,269.5799865722656,264.7099914550781,265.1300048828125,32170200,2026-08-13
AMZN,2026-08-14 13:30:00+00:00,264.8800048828125,265.80999755859375,262.4200134277344,262.6499938964844,27251700,2026-08-14
AMZN,2026-08-17 13:30:00+00:00,265.44000244140625,265.75,258.3399963378906,261.30999755859375,43896500,2026-08-17
AMZN,2026-08-18 13:30:00+00:00,260.6300048828125,262.17999267578125,257.7300109863281,259.45001220703125,33171300,2026-08-18
AMZN,2026-08-19 13:30:00+00:00,260.8500061035156,266.3999938964844,258.5799865722656,265.8399963378906,35762400,2026-08-19
AMZN,2026-08-20 13:30:00+00:00,263.1600036621094,263.8399963378906,259.5199890136719,260.1099853515625,28374100,2026-08-20
AMZN,2026-08-21 13:30:00+00:00,260.739990234375,261.0899963378906,257.0400085449219,258.6300048828125,35723000,2026-08-21
AMZN,2026-08-24 13:30:00+00:00,259.6000061035156,263.32000732421875,259.04998779296875,262.07000732421875,28070500,2026-08-24
AMZN,2026-08-25 13:30:00+00:00,262.510009765625,263.8900146484375,259.8299865722656,261.05999755859375,25550200,2026-08-25
AMZN,2026-08-26 13:30:00+00:00,261.2799987792969,262.04998779296875,258.239990234375,260.2799987792969,21528400,2026-08-26
AMZN,2026-08-27 13:30:00+00:00,259.2300109863281,259.6600036621094,255.02000427246094,256.260009765625,35927800,2026-08-27
AMZN,2026-08-28 13:30:00+00:00,258.32000732421875,267.55999755859375,257.7799987792969,266.42999267578125,49547400,2026-08-28
AMZN,2026-08-31 13:30:00+00:00,263.8299865722656,264.3599853515625,257.1199951171875,259.7699890136719,46089400,2026-08-31
AMZN,2026-09-01 13:30:00+00:00,254.8300018310547,255.82000732421875,251.92999267578125,254.9199981689453,31700100,2026-09-01
AMZN,2026-09-02 13:30:00+00:00,254.25999450683594,256.239990234375,253.39999389648438,254.97999572753906,24013300,2026-09-02
AMZN,2026-09-03 13:30:00+00:00,256.20001220703125,259.5,256.0,258.8999938964844,26891500,2026-09-03
AMZN,2026-09-04 13:30:00+00:00,259.07000732421875,261.1199951171875,255.2899932861328,258.510009765625,30749900,2026-09-04
AMZN,2026-09-08 13:30:00+00:00,256.67999267578125,257.989990234375,254.75,256.9700012207031,29398000,2026-09-08
AMZN,2026-09-09 13:30:00+00:00,253.1199951171875,254.69000244140625,250.64999389648438,252.39999389648438,33055500,2026-09-09
AMZN,2026-09-10 13:30:00+00:00,250.11000061035156,253.14999389648438,249.5800018310547,251.88999938964844,25484800,2026-09-10
AMZN,2026-09-11 13:30:00+00:00,254.08999633789062,257.5899963378906,253.13999938964844,256.7799987792969,26724100,2026-09-11
AMZN,2026-09-14 13:30:00+00:00,253.14999389648438,255.9499969482422,250.74000549316406,253.5399932861328,34352800,2026-09-14
AMZN,2026-09-15 13:30:00+00:00,252.24000549316406,253.27000427246094,247.22000122070312,248.4199981689453,36275400,2026-09-15
AMZN,2026-09-16 13:30:00+00:00,248.10000610351562,249.25999450683594,244.3000030517578,245.9600067138672,33488500,2026-09-16
AMZN,2026-09-17 13:30:00+00:00,251.07000732421875,252.72999572753906,249.24000549316406,251.19000244140625,30438800,2026-09-17
AMZN,2026-09-18 13:30:00+00:00,252.9199981689453,255.42999267578125,251.8800048828125,253.7100067138672,52274700,2026-09-18
AMZN,2026-09-21 13:30:00+00:00,256.3999938964844,259.489990234375,253.60000610351562,258.45001220703125,42979400,2026-09-21
AMZN,2026-09-22 13:30:00+00:00,255.11000061035156,259.0,253.77999877929688,254.97999572753906,41982600,2026-09-22
AMZN,2026-09-23 13:30:00+00:00,253.0,253.99000549316406,247.75999450683594,249.27000427246094,44209200,2026-09-23
AMZN,2026-09-24 13:30:00+00:00,246.02000427246094,250.42999267578125,245.60000610351562,249.3800048828125,33040100,2026-09-24
AMZN,2026-09-25 13:30:00+00:00,248.55999755859375,250.8800048828125,247.17999267578125,249.6699981689453,34263900,2026-09-25
AMZN,2026-09-28 13:30:00+00:00,246.6300048828125,247.77000427246094,244.72999572753906,246.14999389648438,32596700,2026-09-28
AMZN,2026-09-29 13:30:00+00:00,246.7100067138672,248.83999633789062,245.13999938964844,246.6699981689453,33730400,2026-09-29
AMZN,2026-09-30 13:30:00+00:00,246.7899932861328,252.44000244140625,246.0800018310547,249.14999389648438,41913100,2026-09-30
AMZN,2026-10-01 13:30:00+00:00,251.61000061035156,251.8300018310547,246.1199951171875,248.22999572753906,33243900,2026-10-01
AMZN,2026-10-02 13:30:00+00:00,251.50999450683594,253.55999755859375,250.02000427246094,251.52000427246094,33393100,2026-10-02
GOOGL,2024-10-03 13:30:00+00:00,164.41000366210938,166.63999938964844,163.9199981689453,165.86000061035156,15073100,2024-10-03
GOOGL,2024-10-04 13:30:00+00:00,168.05999755859375,168.22999572753906,165.47999572753906,167.05999755859375,19047400,2024-10-04
GOOGL,2024-10-07 13:30:00+00:00,167.72000122070312,168.47999572753906,162.75,162.97999572753906,22463100,2024-10-07
GOOGL,2024-10-08 13:30:00+00:00,163.94000244140625,164.72999572753906,162.8699951171875,164.3800048828125,23072700,2024-10-08
GOOGL,2024-10-09 13:30:00+00:00,163.4499969482422,164.83999633789062,159.74000549316406,161.86000061035156,31181800,2024-10-09
GOOGL,2024-10-10 13:30:00+00:00,160.8699951171875,163.07000732421875,160.39999389648438,162.0800018310547,14144100,2024-10-10
GOOGL,2024-10-11 13:30:00+00:00,162.1300048828125,163.89999389648438,161.24000549316406,163.24000549316406,15344300,2024-10-11
GOOGL,2024-10-14 13:30:00+00:00,163.63999938964844,166.22999572753906,163.39999389648438,164.9600067138672,19016100,2024-10-14
GOOGL,2024-10-15 13:30:00+00:00,165.7899932861328,167.67999267578125,164.6300048828125,165.4600067138672,20247200,2024-10-15
GOOGL,2024-10-16 13:30:00+00:00,164.52999877929688,165.8000030517578,163.74000549316406,165.16000366210938,16406000,2024-10-16
GOOGL,2024-10-17 13:30:00+00:00,165.72999572753906,166.3699951171875,162.75999450683594,162.92999267578125,21453400,2024-10-17
GOOGL,2024-10-18 13:30:00+00:00,163.19000244140625,164.7100067138672,163.0800018310547,163.4199981689453,19757700,2024-10-18
GOOGL,2024-10-21 13:30:00+00:00,162.9499969482422,164.5,162.6199951171875,164.07000732421875,20946500,2024-10-21
GOOGL,2024-10-22 13:30:00+00:00,162.97999572753906,165.77000427246094,162.97999572753906,165.13999938964844,16568100,2024-10-22
GOOGL,2024-10-23 13:30:00+00:00,164.75999450683594,165.82000732421875,161.92999267578125,162.77999877929688,18280500,2024-10-23
GOOGL,2024-10-24 13:30:00+00:00,162.8300018310547,163.3300018310547,161.00999450683594,162.72000122070312,22412500,2024-10-24
GOOGL,2024-10-25 13:30:00+00:00,163.6699981689453,165.58999633789062,163.4199981689453,165.27000427246094,19828900,2024-10-25
GOOGL,2024-10-28 13:30:00+00:00,168.75,168.75,163.9499969482422,166.72000122070312,32138600,2024-10-28
GOOGL,2024-10-29 13:30:00+00:00,167.72999572753906,170.3800048828125,167.08999633789062,169.67999267578125,42169000,2024-10-29
GOOGL,2024-10-30 13:30:00+00:00,180.67999267578125,182.02000427246094,174.05999755859375,174.4600067138672,68890800,2024-10-30
GOOGL,2024-10-31 13:30:00+00:00,173.1300048828125,176.82000732421875,171.0,171.11000061035156,44769000,2024-10-31
GOOGL,2024-11-01 13:30:00+00:00,170.07000732421875,172.32000732421875,168.8800048828125,171.2899932861328,31796500,2024-11-01
GOOGL,2024-11-04 14:30:00+00:00,169.92999267578125,170.72999572753906,168.00999450683594,169.24000549316406,21492700,2024-11-04
GOOGL,2024-11-05 14:30:00+00:00,169.42999267578125,170.52999877929688,168.83999633789062,169.74000549316406,18242100,2024-11-05
GOOGL,2024-11-06 14:30:00+00:00,173.8000030517578,176.94000244140625,173.5,176.50999450683594,33695500,2024-11-06
GOOGL,2024-11-07 14:30:00+00:00,177.41000366210938,181.0800018310547,177.19000244140625,180.75,25352900,2024-11-07
GOOGL,2024-11-08 14:30:00+00:00,180.64999389648438,180.89999389648438,178.0800018310547,178.35000610351562,22006200,2024-11-08
GOOGL,2024-11-11 14:30:00+00:00,178.5800018310547,180.5500030517578,178.47000122070312,180.35000610351562,17450400,2024-11-11
GOOGL,2024-11-12 14:30:00+00:00,179.82000732421875,182.49000549316406,179.38999938964844,181.6199951171875,25134900,2024-11-12
GOOGL,2024-11-13 14:30:00+00:00,180.4600067138672,180.9600067138672,178.5399932861328,178.8800048828125,23184000,2024-11-13
GOOGL,2024-11-14 14:30:00+00:00,178.27999877929688,178.82000732421875,174.32000732421875,175.5800018310547,31007500,2024-11-14
GOOGL,2024-11-15 14:30:00+00:00,173.72999572753906,174.13999938964844,171.22000122070312,172.49000549316406,32504600,2024-11-15
GOOGL,2024-11-18 14:30:00+00:00,173.4199981689453,175.44000244140625,172.89999389648438,175.3000030517578,20135300,2024-11-18
GOOGL,2024-11-19 14:30:00+00:00,173.72000122070312,178.8699951171875,173.55999755859375,178.1199951171875,23434900,2024-11-19
GOOGL,2024-11-20 14:30:00+00:00,177.33999633789062,177.67999267578125,173.77999877929688,175.97999572753906,18997100,2024-11-20
GOOGL,2024-11-21 14:30:00+00:00,173.89999389648438,174.1300048828125,163.6999969482422,167.6300048828125,59734400,2024-11-21
GOOGL,2024-11-22 14:30:00+00:00,165.85000610351562,166.4600067138672,163.89999389648438,164.75999450683594,38604600,2024-11-22
GOOGL,2024-11-25 14:30:00+00:00,166.08999633789062,168.6300048828125,165.61000061035156,167.64999389648438,33135300,2024-11-25
GOOGL,2024-11-26 14:30:00+00:00,167.6300048828125,169.82000732421875,167.5800018310547,169.1199951171875,20486700,2024-11-26
GOOGL,2024-11-27 14:30:00+00:00,169.0,169.47999572753906,168.02000427246094,169.22999572753906,19266500,2024-11-27
GOOGL,2024-11-29 14:30:00+00:00,168.5,169.42999267578125,167.16000366210938,168.9499969482422,14257200,2024-11-29
GOOGL,2024-12-02 14:30:00+00:00,168.77000427246094,172.0800018310547,168.57000732421875,171.49000549316406,23789100,2024-12-02
GOOGL,2024-12-03 14:30:00+00:00,171.49000549316406,172.67999267578125,170.85000610351562,171.33999633789062,22248700,2024-12-03
GOOGL,2024-12-04 14:30:00+00:00,171.14999389648438,174.91000366210938,171.05999755859375,174.3699951171875,31615100,2024-12-04
GOOGL,2024-12-05 14:30:00+00:00,175.36000061035156,176.05999755859375,172.3300018310547,172.63999938964844,21356200,2024-12-05
GOOGL,2024-12-06 14:30:00+00:00,172.02999877929688,175.0800018310547,171.86000061035156,174.7100067138672,21462400,2024-12-06
GOOGL,2024-12-09 14:30:00+00:00,173.9600067138672,176.25999450683594,173.64999389648438,175.3699951171875,25389600,2024-12-09
GOOGL,2024-12-10 14:30:00+00:00,182.85000610351562,186.36000061035156,181.0500030517578,185.1699981689453,54813000,2024-12-10
GOOGL,2024-12-11 14:30:00+00:00,185.30999755859375,195.61000061035156,184.85000610351562,195.39999389648438,67894100,2024-12-11
GOOGL,2024-12-12 14:30:00+00:00,195.0,195.17999267578125,191.7100067138672,191.9600067138672,34817500,2024-12-12
GOOGL,2024-12-13 14:30:00+00:00,191.00999450683594,192.72999572753906,189.63999938964844,189.82000732421875,25143500,2024-12-13
GOOGL,2024-12-16 14:30:00+00:00,192.8699951171875,199.0,192.6199951171875,196.66000366210938,44934900,2024-12-16
GOOGL,2024-12-17 14:30:00+00:00,197.25,201.4199981689453,194.97999572753906,195.4199981689453,43504000,2024-12-17
GOOGL,2024-12-18 14:30:00+00:00,195.22000122070312,197.0,187.74000549316406,188.39999389648438,34166100,2024-12-18
GOOGL,2024-12-19 14:30:00+00:00,191.6300048828125,193.02999877929688,188.3800048828125,188.50999450683594,32265200,2024-12-19
GOOGL,2024-12-20 14:30:00+00:00,185.77999877929688,192.88999938964844,185.22000122070312,191.41000366210938,63462900,2024-12-20
GOOGL,2024-12-23 14:30:00+00:00,192.6199951171875,195.10000610351562,190.14999389648438,194.6300048828125,25675000,2024-12-23
GOOGL,2024-12-24 14:30:00+00:00,194.83999633789062,196.11000061035156,193.77999877929688,196.11000061035156,10403300,2024-12-24
GOOGL,2024-12-26 14:30:00+00:00,195.14999389648438,196.75,194.3800048828125,195.60000610351562,12046600,2024-12-26
GOOGL,2024-12-27 14:30:00+00:00,194.9499969482422,195.32000732421875,190.64999389648438,192.75999450683594,18891400,2024-12-27
GOOGL,2024-12-30 14:30:00+00:00,189.8000030517578,192.5500030517578,189.1199951171875,191.24000549316406,14264700,2024-12-30
GOOGL,2024-12-31 14:30:00+00:00,191.0800018310547,191.9600067138672,188.50999450683594,189.3000030517578,17466900,2024-12-31
GOOGL,2025-01-02 14:30:00+00:00,190.64999389648438,192.0,187.5,189.42999267578125,20370800,2025-01-02
GOOGL,2025-01-03 14:30:00+00:00,191.3699951171875,193.2100067138672,189.97999572753906,191.7899932861328,18596200,2025-01-03
GOOGL,2025-01-06 14:30:00+00:00,193.97999572753906,198.22000122070312,193.85000610351562,196.8699951171875,29563600,2025-01-06
GOOGL,2025-01-07 14:30:00+00:00,197.11000061035156,201.0,194.60000610351562,195.49000549316406,26487200,2025-01-07
GOOGL,2025-01-08 14:30:00+00:00,192.57000732421875,196.2899932861328,192.3800048828125,193.9499969482422,24864800,2025-01-08
GOOGL,2025-01-10 14:30:00+00:00,194.3000030517578,196.52000427246094,190.30999755859375,192.0399932861328,26665200,2025-01-10
GOOGL,2025-01-13 14:30:00+00:00,190.07000732421875,191.17999267578125,187.36000061035156,191.00999450683594,21823700,2025-01-13
GOOGL,2025-01-14 14:30:00+00:00,191.24000549316406,191.97999572753906,188.30999755859375,189.66000366210938,17174900,2025-01-14
GOOGL,2025-01-15 14:30:00+00:00,193.08999633789062,196.36000061035156,191.86000061035156,195.5500030517578,21776000,2025-01-15
GOOGL,2025-01-16 14:30:00+00:00,194.13999938964844,195.47999572753906,192.80999755859375,192.91000366210938,17815400,2025-01-16
GOOGL,2025-01-17 14:30:00+00:00,196.52999877929688,197.22999572753906,193.75,196.0,27735100,2025-01-17
GOOGL,2025-01-21 14:30:00+00:00,199.07000732421875,202.2899932861328,197.8699951171875,198.0500030517578,29971300,2025-01-21
GOOGL,2025-01-22 14:30:00+00:00,199.05999755859375,200.47999572753906,197.52999877929688,198.3699951171875,26200600,2025-01-22
GOOGL,2025-01-23 14:30:00+00:00,198.13999938964844,200.3000030517578,195.1999969482422,197.97999572753906,26951400,2025-01-23
GOOGL,2025-01-24 14:30:00+00:00,198.10000610351562,200.89999389648438,198.0,200.2100067138672,23877500,2025-01-24
GOOGL,2025-01-27 14:30:00+00:00,192.41000366210938,196.8800048828125,190.72999572753906,191.80999755859375,41728900,2025-01-27
GOOGL,2025-01-28 14:30:00+00:00,192.75,195.47999572753906,190.67999267578125,195.3000030517578,24157900,2025-01-28
GOOGL,2025-01-29 14:30:00+00:00,195.55999755859375,196.7899932861328,193.42999267578125,195.41000366210938,18218300,2025-01-29
GOOGL,2025-01-30 14:30:00+00:00,198.0,201.39999389648438,197.6699981689453,200.8699951171875,24354700,2025-01-30
GOOGL,2025-01-31 14:30:00+00:00,202.0,205.47999572753906,201.8000030517578,204.02000427246094,32001100,2025-01-31
GOOGL,2025-02-03 14:30:00+00:00,200.69000244140625,203.75,200.10000610351562,201.22999572753906,27838300,2025-02-03
GOOGL,2025-02-04 14:30:00+00:00,203.38999938964844,207.0500030517578,202.80999755859375,206.3800048828125,43856400,2025-02-04
GOOGL,2025-02-05 14:30:00+00:00,191.07000732421875,192.75,188.02999877929688,191.3300018310547,70373900,2025-02-05
GOOGL,2025-02-06 14:30:00+00:00,189.5,192.10000610351562,188.72000122070312,191.60000610351562,29297400,2025-02-06
GOOGL,2025-02-07 14:30:00+00:00,191.0500030517578,191.17999267578125,183.24000549316406,185.33999633789062,49315000,2025-02-07
GOOGL,2025-02-10 14:30:00+00:00,187.35000610351562,188.1999969482422,185.86000061035156,186.47000122070312,23105600,2025-02-10
GOOGL,2025-02-11 14:30:00+00:00,185.02999877929688,186.94000244140625,184.27999877929688,185.32000732421875,21239500,2025-02-11
GOOGL,2025-02-12 14:30:00+00:00,183.22000122070312,185.11000061035156,181.8300018310547,183.61000061035156,22072600,2025-02-12
GOOGL,2025-02-13 14:30:00+00:00,184.32000732421875,186.27999877929688,183.13999938964844,186.13999938964844,21402500,2025-02-13
GOOGL,2025-02-14 14:30:00+00:00,185.05999755859375,186.39999389648438,184.32000732421875,185.22999572753906,20448400,2025-02-14
GOOGL,2025-02-18 14:30:00+00:00,185.60000610351562,185.9600067138672,181.74000549316406,183.77000427246094,29916700,2025-02-18
GOOGL,2025-02-19 14:30:00+00:00,184.07000732421875,185.4600067138672,183.58999633789062,185.27000427246094,19549400,2025-02-19
GOOGL,2025-02-20 14:30:00+00:00,184.8000030517578,185.30999755859375,182.72000122070312,184.55999755859375,20441500,2025-02-20
GOOGL,2025-02-21 14:30:00+00:00,185.14999389648438,185.33999633789062,179.0800018310547,179.66000366210938,35199200,2025-02-21
GOOGL,2025-02-24 14:30:00+00:00,181.99000549316406,183.1199951171875,178.88999938964844,179.25,29854200,2025-02-24
GOOGL,2025-02-25 14:30:00+00:00,178.0399932861328,178.74000549316406,174.69000244140625,175.4199981689453,41913400,2025-02-25
GOOGL,2025-02-26 14:30:00+00:00,175.07000732421875,176.0800018310547,171.5800018310547,172.72999572753906,35431300,2025-02-26
GOOGL,2025-02-27 14:30:00+00:00,173.99000549316406,174.55999755859375,167.94000244140625,168.5,39991000,2025-02-27
GOOGL,2025-02-28 14:30:00+00:00,168.67999267578125,170.61000061035156,166.77000427246094,170.27999877929688,48130600,2025-02-28
GOOGL,2025-03-03 14:30:00+00:00,171.92999267578125,173.3699951171875,165.92999267578125,167.00999450683594,40770500,2025-03-03
GOOGL,2025-03-04 14:30:00+00:00,166.24000549316406,173.2899932861328,165.8000030517578,170.9199981689453,45388000,2025-03-04
GOOGL,2025-03-05 14:30:00+00:00,170.52000427246094,173.77999877929688,169.05999755859375,173.02000427246094,30954900,2025-03-05
GOOGL,2025-03-06 14:30:00+00:00,170.52999877929688,174.80999755859375,170.5,172.35000610351562,28302000,2025-03-06
GOOGL,2025-03-07 14:30:00+00:00,171.25999450683594,174.97000122070312,170.27000427246094,173.86000061035156,27385800,2025-03-07
GOOGL,2025-03-10 13:30:00+00:00,168.25999450683594,168.4600067138672,163.69000244140625,165.8699951171875,43604000,2025-03-10
GOOGL,2025-03-11 13:30:00+00:00,164.91000366210938,166.75,161.3699951171875,164.0399932861328,39587400,2025-03-11
GOOGL,2025-03-12 13:30:00+00:00,166.5800018310547,167.63999938964844,163.52999877929688,167.11000061035156,28372400,2025-03-12
GOOGL,2025-03-13 13:30:00+00:00,166.0399932861328,166.1300048828125,162.11000061035156,162.75999450683594,31756200,2025-03-13
GOOGL,2025-03-14 13:30:00+00:00,163.27000427246094,166.49000549316406,162.4499969482422,165.49000549316406,31995900,2025-03-14
GOOGL,2025-03-17 13:30:00+00:00,165.02999877929688,166.3000030517578,163.6699981689453,164.2899932861328,31184300,2025-03-17
GOOGL,2025-03-18 13:30:00+00:00,163.67999267578125,164.25,156.72000122070312,160.6699981689453,42074800,2025-03-18
GOOGL,2025-03-19 13:30:00+00:00,161.75999450683594,165.8699951171875,161.0,163.88999938964844,34275600,2025-03-19
GOOGL,2025-03-20 13:30:00+00:00,161.57000732421875,164.88999938964844,160.9600067138672,162.8000030517578,28138500,2025-03-20
GOOGL,2025-03-21 13:30:00+00:00,161.2100067138672,164.24000549316406,160.88999938964844,163.99000549316406,36625800,2025-03-21
GOOGL,2025-03-24 13:30:00+00:00,167.07000732421875,168.32000732421875,165.13999938964844,167.67999267578125,30879100,2025-03-24
GOOGL,2025-03-25 13:30:00+00:00,168.97999572753906,170.6300048828125,168.32000732421875,170.55999755859375,24174400,2025-03-25
GOOGL,2025-03-26 13:30:00+00:00,169.0,169.61000061035156,164.83999633789062,165.05999755859375,28901600,2025-03-26
GOOGL,2025-03-27 13:30:00+00:00,164.6300048828125,165.4199981689453,162.0,162.24000549316406,24508300,2025-03-27
GOOGL,2025-03-28 13:30:00+00:00,160.49000549316406,161.82000732421875,153.6300048828125,154.3300018310547,48669300,2025-03-28
GOOGL,2025-03-31 13:30:00+00:00,153.11000061035156,155.5399932861328,150.66000366210938,154.63999938964844,54603500,2025-03-31
GOOGL,2025-04-01 13:30:00+00:00,153.6199951171875,158.10000610351562,153.6199951171875,157.07000732421875,30672900,2025-04-01
GOOGL,2025-04-02 13:30:00+00:00,155.14999389648438,158.41000366210938,154.6999969482422,157.0399932861328,25041700,2025-04-02
GOOGL,2025-04-03 13:30:00+00:00,151.11000061035156,152.77999877929688,150.38999938964844,150.72000122070312,46883400,2025-04-03
GOOGL,2025-04-04 13:30:00+00:00,148.00999450683594,151.07000732421875,145.3800048828125,145.60000610351562,62259500,2025-04-04
GOOGL,2025-04-07 13:30:00+00:00,141.5500030517578,152.85000610351562,140.52999877929688,146.75,76794100,2025-04-07
GOOGL,2025-04-08 13:30:00+00:00,151.22000122070312,152.24000549316406,143.02999877929688,144.6999969482422,52200200,2025-04-08
GOOGL,2025-04-09 13:30:00+00:00,144.4199981689453,159.5500030517578,143.91000366210938,158.7100067138672,70406200,2025-04-09
GOOGL,2025-04-10 13:30:00+00:00,156.5399932861328,157.72000122070312,149.92999267578125,152.82000732421875,48022000,2025-04-10
GOOGL,2025-04-11 13:30:00+00:00,152.89999389648438,157.6699981689453,152.82000732421875,157.13999938964844,33636200,2025-04-11
GOOGL,2025-04-14 13:30:00+00:00,160.0,161.72000122070312,157.55999755859375,159.07000732421875,30333000,2025-04-14
GOOGL,2025-04-15 13:30:00+00:00,159.1300048828125,159.64999389648438,155.2100067138672,156.30999755859375,27551500,2025-04-15
GOOGL,2025-04-16 13:30:00+00:00,153.10000610351562,155.88999938964844,151.50999450683594,153.3300018310547,28187400,2025-04-16
GOOGL,2025-04-17 13:30:00+00:00,154.2899932861328,154.67999267578125,148.5,151.16000366210938,33046600,2025-04-17
GOOGL,2025-04-21 13:30:00+00:00,148.8800048828125,148.9499969482422,146.10000610351562,147.6699981689453,26049100,2025-04-21
GOOGL,2025-04-22 13:30:00+00:00,148.88999938964844,152.19000244140625,148.5399932861328,151.47000122070312,26971800,2025-04-22
GOOGL,2025-04-23 13:30:00+00:00,155.61000061035156,157.52999877929688,153.80999755859375,155.35000610351562,31128800,2025-04-23
GOOGL,2025-04-24 13:30:00+00:00,156.14999389648438,159.58999633789062,155.7899932861328,159.27999877929688,45894000,2025-04-24
GOOGL,2025-04-25 13:30:00+00:00,165.07000732421875,166.10000610351562,161.0399932861328,161.9600067138672,56034000,2025-04-25
GOOGL,2025-04-28 13:30:00+00:00,162.42999267578125,163.14999389648438,158.60000610351562,160.61000061035156,29745800,2025-04-28
GOOGL,2025-04-29 13:30:00+00:00,160.32000732421875,160.74000549316406,157.52000427246094,160.16000366210938,26809000,2025-04-29
GOOGL,2025-04-30 13:30:00+00:00,157.97999572753906,159.27000427246094,155.39999389648438,158.8000030517578,34981100,2025-04-30
GOOGL,2025-05-01 13:30:00+00:00,160.4499969482422,161.9499969482422,158.91000366210938,161.3000030517578,30203200,2025-05-01
GOOGL,2025-05-02 13:30:00+00:00,163.41000366210938,164.97000122070312,161.8699951171875,164.02999877929688,25715000,2025-05-02
GOOGL,2025-05-05 13:30:00+00:00,163.0,165.38999938964844,162.72000122070312,164.2100067138672,21341800,2025-05-05
GOOGL,2025-05-06 13:30:00+00:00,162.1699981689453,164.8000030517578,161.19000244140625,163.22999572753906,21277200,2025-05-06
GOOGL,2025-05-07 13:30:00+00:00,164.0800018310547,165.0,147.83999633789062,151.3800048828125,127490100,2025-05-07
GOOGL,2025-05-08 13:30:00+00:00,155.0,155.92999267578125,152.89999389648438,154.27999877929688,57498700,2025-05-08
GOOGL,2025-05-09 13:30:00+00:00,154.1699981689453,155.0500030517578,152.1999969482422,152.75,32435300,2025-05-09
GOOGL,2025-05-12 13:30:00+00:00,157.49000549316406,159.10000610351562,156.25,158.4600067138672,44138800,2025-05-12
GOOGL,2025-05-13 13:30:00+00:00,158.7899932861328,160.57000732421875,156.16000366210938,159.52999877929688,42382100,2025-05-13
GOOGL,2025-05-14 13:30:00+00:00,159.9600067138672,167.0,159.61000061035156,165.3699951171875,48755900,2025-05-14
GOOGL,2025-05-15 13:30:00+00:00,165.83999633789062,166.2100067138672,162.3699951171875,163.9600067138672,33146700,2025-05-15
GOOGL,2025-05-16 13:30:00+00:00,167.72999572753906,169.35000610351562,165.6199951171875,166.19000244140625,42846900,2025-05-16
GOOGL,2025-05-19 13:30:00+00:00,164.50999450683594,166.63999938964844,164.22000122070312,166.5399932861328,30426100,2025-05-19
GOOGL,2025-05-20 13:30:00+00:00,166.42999267578125,168.5,162.89999389648438,163.97999572753906,46607700,2025-05-20
GOOGL,2025-05-21 13:30:00+00:00,163.69000244140625,173.13999938964844,163.55999755859375,168.55999755859375,73416000,2025-05-21
GOOGL,2025-05-22 13:30:00+00:00,171.85000610351562,176.77000427246094,170.7100067138672,170.8699951171875,74864400,2025-05-22
GOOGL,2025-05-23 13:30:00+00:00,169.05999755859375,169.9600067138672,167.88999938964844,168.47000122070312,35211400,2025-05-23
GOOGL,2025-05-27 13:30:00+00:00,170.16000366210938,173.1699981689453,170.0,172.89999389648438,37995700,2025-05-27
GOOGL,2025-05-28 13:30:00+00:00,173.16000366210938,175.27000427246094,171.91000366210938,172.36000061035156,34784000,2025-05-28
GOOGL,2025-05-29 13:30:00+00:00,174.0,174.4199981689453,170.6300048828125,171.86000061035156,29317300,2025-05-29
GOOGL,2025-05-30 13:30:00+00:00,171.35000610351562,172.2100067138672,167.44000244140625,171.74000549316406,52639900,2025-05-30
GOOGL,2025-06-02 13:30:00+00:00,167.83999633789062,169.8699951171875,167.38999938964844,169.02999877929688,38612300,2025-06-02
GOOGL,2025-06-03 13:30:00+00:00,167.49000549316406,168.47999572753906,165.27999877929688,166.17999267578125,45084900,2025-06-03
GOOGL,2025-06-04 13:30:00+00:00,166.74000549316406,168.22000122070312,166.36000061035156,168.0500030517578,26900800,2025-06-04
GOOGL,2025-06-05 13:30:00+00:00,170.33999633789062,170.92999267578125,167.58999633789062,168.2100067138672,36379100,2025-06-05
GOOGL,2025-06-06 13:30:00+00:00,170.8300018310547,174.5,170.8300018310547,173.67999267578125,35731800,2025-06-06
GOOGL,2025-06-09 13:30:00+00:00,174.5399932861328,176.47000122070312,174.3699951171875,176.08999633789062,28935900,2025-06-09
GOOGL,2025-06-10 13:30:00+00:00,176.1999969482422,181.11000061035156,174.91000366210938,178.60000610351562,61766100,2025-06-10
GOOGL,2025-06-11 13:30:00+00:00,179.77000427246094,180.3699951171875,176.75,177.35000610351562,31646800,2025-06-11
GOOGL,2025-06-12 13:30:00+00:00,176.17999267578125,176.72000122070312,174.75,175.6999969482422,20941900,2025-06-12
GOOGL,2025-06-13 13:30:00+00:00,172.44000244140625,177.1300048828125,172.38999938964844,174.6699981689453,27663100,2025-06-13
GOOGL,2025-06-16 13:30:00+00:00,174.72999572753906,176.94000244140625,174.64999389648438,176.77000427246094,27389200,2025-06-16
GOOGL,2025-06-17 13:30:00+00:00,175.6999969482422,177.36000061035156,174.5800018310547,175.9499969482422,24973000,2025-06-17
GOOGL,2025-06-18 13:30:00+00:00,176.00999450683594,176.55999755859375,173.1999969482422,173.32000732421875,28707500,2025-06-18
GOOGL,2025-06-20 13:30:00+00:00,173.9499969482422,174.33999633789062,165.4600067138672,166.63999938964844,75659900,2025-06-20
GOOGL,2025-06-23 13:30:00+00:00,166.27000427246094,167.33999633789062,162.0,165.19000244140625,57671000,2025-06-23
GOOGL,2025-06-24 13:30:00+00:00,166.9199981689453,168.22000122070312,166.1300048828125,166.77000427246094,40524300,2025-06-24
GOOGL,2025-06-25 13:30:00+00:00,167.6300048828125,172.36000061035156,167.5500030517578,170.67999267578125,35479000,2025-06-25
GOOGL,2025-06-26 13:30:00+00:00,172.42999267578125,173.69000244140625,169.94000244140625,173.5399932861328,31796700,2025-06-26
GOOGL,2025-06-27 13:30:00+00:00,173.5399932861328,178.67999267578125,171.72999572753906,178.52999877929688,108140200,2025-06-27
GOOGL,2025-06-30 13:30:00+00:00,180.77999877929688,181.22999572753906,174.5800018310547,176.22999572753906,63378900,2025-06-30
GOOGL,2025-07-01 13:30:00+00:00,175.74000549316406,176.08999633789062,173.52999877929688,175.83999633789062,35904500,2025-07-01
GOOGL,2025-07-02 13:30:00+00:00,175.5399932861328,178.86000061035156,175.07000732421875,178.63999938964844,29128900,2025-07-02
GOOGL,2025-07-03 13:30:00+00:00,178.5,179.6699981689453,177.0500030517578,179.52999877929688,21689700,2025-07-03
GOOGL,2025-07-07 13:30:00+00:00,179.05999755859375,179.3000030517578,175.67999267578125,176.7899932861328,34175600,2025-07-07
GOOGL,2025-07-08 13:30:00+00:00,177.85000610351562,177.9499969482422,172.80999755859375,174.36000061035156,40442500,2025-07-08
GOOGL,2025-07-09 13:30:00+00:00,175.25,179.44000244140625,172.77000427246094,176.6199951171875,43025600,2025-07-09
GOOGL,2025-07-10 13:30:00+00:00,175.6300048828125,178.42999267578125,174.3800048828125,177.6199951171875,29252400,2025-07-10
GOOGL,2025-07-11 13:30:00+00:00,176.7899932861328,181.42999267578125,176.47999572753906,180.19000244140625,34282900,2025-07-11
GOOGL,2025-07-14 13:30:00+00:00,181.00999450683594,183.6699981689453,179.67999267578125,181.55999755859375,32536600,2025-07-14
GOOGL,2025-07-15 13:30:00+00:00,182.80999755859375,184.22000122070312,181.60000610351562,182.0,33448300,2025-07-15
GOOGL,2025-07-16 13:30:00+00:00,183.24000549316406,184.3300018310547,182.02999877929688,182.97000122070312,33104200,2025-07-16
GOOGL,2025-07-17 13:30:00+00:00,182.13999938964844,184.05999755859375,180.47999572753906,183.5800018310547,31992600,2025-07-17
GOOGL,2025-07-18 13:30:00+00:00,185.39999389648438,186.4199981689453,183.7100067138672,185.05999755859375,34014500,2025-07-18
GOOGL,2025-07-21 13:30:00+00:00,186.25,190.2899932861328,186.14999389648438,190.10000610351562,45803100,2025-07-21
GOOGL,2025-07-22 13:30:00+00:00,191.5,191.64999389648438,187.4600067138672,191.33999633789062,44660200,2025-07-22
GOOGL,2025-07-23 13:30:00+00:00,191.5,192.52999877929688,189.17999267578125,190.22999572753906,58681900,2025-07-23
GOOGL,2025-07-24 13:30:00+00:00,197.02999877929688,197.9499969482422,191.0,192.1699981689453,74881700,2025-07-24
GOOGL,2025-07-25 13:30:00+00:00,191.97999572753906,194.3300018310547,191.25999450683594,193.17999267578125,39785900,2025-07-25
GOOGL,2025-07-28 13:30:00+00:00,193.64999389648438,194.0500030517578,190.83999633789062,192.5800018310547,38139500,2025-07-28
GOOGL,2025-07-29 13:30:00+00:00,192.42999267578125,195.9199981689453,192.0800018310547,195.75,41389200,2025-07-29
GOOGL,2025-07-30 13:30:00+00:00,195.60000610351562,197.60000610351562,194.69000244140625,196.52999877929688,32445400,2025-07-30
GOOGL,2025-07-31 13:30:00+00:00,195.7100067138672,195.99000549316406,191.08999633789062,191.89999389648438,51329200,2025-07-31
GOOGL,2025-08-01 13:30:00+00:00,189.02999877929688,190.8300018310547,187.82000732421875,189.1300048828125,34832200,2025-08-01
GOOGL,2025-08-04 13:30:00+00:00,190.2899932861328,195.27000427246094,190.1199951171875,195.0399932861328,31547400,2025-08-04
GOOGL,2025-08-05 13:30:00+00:00,194.7100067138672,197.86000061035156,193.88999938964844,194.6699981689453,31602300,2025-08-05
GOOGL,2025-08-06 13:30:00+00:00,194.5,196.6300048828125,193.6699981689453,196.08999633789062,21562900,2025-08-06
GOOGL,2025-08-07 13:30:00+00:00,197.05999755859375,197.5399932861328,194.3300018310547,196.52000427246094,26321800,2025-08-07
GOOGL,2025-08-08 13:30:00+00:00,197.22000122070312,202.61000061035156,197.1699981689453,201.4199981689453,39161800,2025-08-08
GOOGL,2025-08-11 13:30:00+00:00,200.94000244140625,201.47999572753906,199.07000732421875,201.0,25832400,2025-08-11
GOOGL,2025-08-12 13:30:00+00:00,201.3699951171875,204.5,200.58999633789062,203.33999633789062,30397900,2025-08-12
GOOGL,2025-08-13 13:30:00+00:00,204.1300048828125,204.52999877929688,197.50999450683594,201.9600067138672,28342900,2025-08-13
GOOGL,2025-08-14 13:30:00+00:00,201.5,204.44000244140625,201.22999572753906,202.94000244140625,25230400,2025-08-14
GOOGL,2025-08-15 13:30:00+00:00,203.85000610351562,206.44000244140625,201.27999877929688,203.89999389648438,34931400,2025-08-15
GOOGL,2025-08-18 13:30:00+00:00,204.1999969482422,205.27000427246094,202.49000549316406,203.5,18526600,2025-08-18
GOOGL,2025-08-19 13:30:00+00:00,203.02999877929688,203.44000244140625,199.9600067138672,201.57000732421875,24240200,2025-08-19
GOOGL,2025-08-20 13:30:00+00:00,200.72999572753906,201.27999877929688,196.60000610351562,199.32000732421875,28955500,2025-08-20
GOOGL,2025-08-21 13:30:00+00:00,199.75,202.47999572753906,199.42999267578125,199.75,19774600,2025-08-21
GOOGL,2025-08-22 13:30:00+00:00,202.72999572753906,208.5399932861328,201.3000030517578,206.08999633789062,42827000,2025-08-22
GOOGL,2025-08-25 13:30:00+00:00,206.42999267578125,210.52000427246094,205.27999877929688,208.49000549316406,29928900,2025-08-25
GOOGL,2025-08-26 13:30:00+00:00,207.50999450683594,207.85000610351562,205.6999969482422,207.13999938964844,28464100,2025-08-26
GOOGL,2025-08-27 13:30:00+00:00,205.6999969482422,208.91000366210938,205.64999389648438,207.47999572753906,23022900,2025-08-27
GOOGL,2025-08-28 13:30:00+00:00,207.25,212.22000122070312,206.89999389648438,211.63999938964844,32339300,2025-08-28
GOOGL,2025-08-29 13:30:00+00:00,210.50999450683594,214.64999389648438,210.1999969482422,212.91000366210938,39728400,2025-08-29
GOOGL,2025-09-02 13:30:00+00:00,208.44000244140625,211.67999267578125,206.1999969482422,211.35000610351562,47523000,2025-09-02
GOOGL,2025-09-03 13:30:00+00:00,226.2100067138672,231.30999755859375,224.7899932861328,230.66000366210938,103336100,2025-09-03
GOOGL,2025-09-04 13:30:00+00:00,229.64999389648438,232.3699951171875,226.11000061035156,232.3000030517578,51684200,2025-09-04
GOOGL,2025-09-05 13:30:00+00:00,232.1999969482422,235.75999450683594,231.89999389648438,235.0,46588900,2025-09-05
GOOGL,2025-09-08 13:30:00+00:00,235.47000122070312,238.1300048828125,233.6699981689453,234.0399932861328,32474700,2025-09-08
GOOGL,2025-09-09 13:30:00+00:00,234.1699981689453,240.47000122070312,233.22999572753906,239.6300048828125,38061000,2025-09-09
GOOGL,2025-09-10 13:30:00+00:00,238.89999389648438,241.66000366210938,237.85000610351562,239.1699981689453,35141100,2025-09-10
GOOGL,2025-09-11 13:30:00+00:00,239.8800048828125,242.25,236.25,240.3699951171875,30599300,2025-09-11
GOOGL,2025-09-12 13:30:00+00:00,240.3699951171875,242.0800018310547,238.0,240.8000030517578,26771600,2025-09-12
GOOGL,2025-09-15 13:30:00+00:00,244.66000366210938,252.41000366210938,244.66000366210938,251.61000061035156,58383800,2025-09-15
GOOGL,2025-09-16 13:30:00+00:00,252.0800018310547,253.0399932861328,249.47000122070312,251.16000366210938,34109700,2025-09-16
GOOGL,2025-09-17 13:30:00+00:00,251.22000122070312,251.60000610351562,246.27999877929688,249.52999877929688,34108000,2025-09-17
GOOGL,2025-09-18 13:30:00+00:00,251.67999267578125,253.99000549316406,249.8000030517578,252.02999877929688,31239500,2025-09-18
GOOGL,2025-09-19 13:30:00+00:00,253.25,256.0,251.80999755859375,254.72000122070312,55571400,2025-09-19
GOOGL,2025-09-22 13:30:00+00:00,254.42999267578125,255.77999877929688,250.3000030517578,252.52999877929688,32290500,2025-09-22
GOOGL,2025-09-23 13:30:00+00:00,253.0399932861328,254.36000061035156,250.47999572753906,251.66000366210938,26628000,2025-09-23
GOOGL,2025-09-24 13:30:00+00:00,251.66000366210938,252.35000610351562,246.44000244140625,247.13999938964844,28201000,2025-09-24
GOOGL,2025-09-25 13:30:00+00:00,244.39999389648438,246.49000549316406,240.74000549316406,245.7899932861328,31020400,2025-09-25
GOOGL,2025-09-26 13:30:00+00:00,247.07000732421875,249.4199981689453,245.97000122070312,246.5399932861328,18503200,2025-09-26
GOOGL,2025-09-29 13:30:00+00:00,247.85000610351562,251.14999389648438,242.77000427246094,244.0500030517578,32505800,2025-09-29
GOOGL,2025-09-30 13:30:00+00:00,242.80999755859375,243.2899932861328,239.25,243.10000610351562,34724300,2025-09-30
GOOGL,2025-10-01 13:30:00+00:00,240.75,246.3000030517578,238.61000061035156,244.89999389648438,31658200,2025-10-01
GOOGL,2025-10-02 13:30:00+00:00,245.14999389648438,246.80999755859375,242.3000030517578,245.69000244140625,25483300,2025-10-02
GOOGL,2025-10-03 13:30:00+00:00,244.49000549316406,246.3000030517578,241.66000366210938,245.35000610351562,30249600,2025-10-03
GOOGL,2025-10-06 13:30:00+00:00,244.77999877929688,251.32000732421875,244.5800018310547,250.42999267578125,28894700,2025-10-06
GOOGL,2025-10-07 13:30:00+00:00,248.27000427246094,250.44000244140625,245.52000427246094,245.75999450683594,23181300,2025-10-07
GOOGL,2025-10-08 13:30:00+00:00,244.9600067138672,246.00999450683594,243.82000732421875,244.6199951171875,21307100,2025-10-08
GOOGL,2025-10-09 13:30:00+00:00,244.47000122070312,244.75999450683594,239.14999389648438,241.52999877929688,27892100,2025-10-09
GOOGL,2025-10-10 13:30:00+00:00,241.42999267578125,244.08999633789062,235.83999633789062,236.57000732421875,33180300,2025-10-10
GOOGL,2025-10-13 13:30:00+00:00,240.2100067138672,244.5,239.7100067138672,244.14999389648438,24995000,2025-10-13
GOOGL,2025-10-14 13:30:00+00:00,241.22999572753906,247.1199951171875,240.50999450683594,245.4499969482422,22111600,2025-10-14
GOOGL,2025-10-15 13:30:00+00:00,247.25,252.11000061035156,245.99000549316406,251.02999877929688,27007700,2025-10-15
GOOGL,2025-10-16 13:30:00+00:00,251.77000427246094,256.9599914550781,250.10000610351562,251.4600067138672,27997200,2025-10-16
GOOGL,2025-10-17 13:30:00+00:00,250.75999450683594,254.22000122070312,247.80999755859375,253.3000030517578,29671600,2025-10-17
GOOGL,2025-10-20 13:30:00+00:00,254.69000244140625,257.3299865722656,254.22999572753906,256.54998779296875,22350200,2025-10-20
GOOGL,2025-10-21 13:30:00+00:00,254.74000549316406,254.8800048828125,244.14999389648438,250.4600067138672,47312100,2025-10-21
GOOGL,2025-10-22 13:30:00+00:00,254.3699951171875,256.3599853515625,249.2899932861328,251.69000244140625,35029400,2025-10-22
GOOGL,2025-10-23 13:30:00+00:00,252.97999572753906,255.0399932861328,251.85000610351562,253.0800018310547,19901400,2025-10-23
GOOGL,2025-10-24 13:30:00+00:00,256.5799865722656,261.67999267578125,255.32000732421875,259.9200134277344,28655100,2025-10-24
GOOGL,2025-10-27 13:30:00+00:00,264.82000732421875,270.1400146484375,264.2799987792969,269.2699890136719,35235200,2025-10-27
GOOGL,2025-10-28 13:30:00+00:00,269.69000244140625,270.7300109863281,266.5,267.4700012207031,29738600,2025-10-28
GOOGL,2025-10-29 13:30:00+00:00,267.75,275.3399963378906,267.6700134277344,274.57000732421875,43580300,2025-10-29
GOOGL,2025-10-30 13:30:00+00:00,291.5899963378906,291.5899963378906,280.05999755859375,281.4800109863281,74876000,2025-10-30
GOOGL,2025-10-31 13:30:00+00:00,283.2099914550781,286.0,277.0299987792969,281.19000244140625,39267900,2025-10-31
GOOGL,2025-11-03 14:30:00+00:00,282.17999267578125,285.5299987792969,279.79998779296875,283.7200012207031,29786000,2025-11-03
GOOGL,2025-11-04 14:30:00+00:00,276.75,281.2699890136719,276.260009765625,277.5400085449219,30078400,2025-11-04
GOOGL,2025-11-05 14:30:00+00:00,278.8699951171875,286.4200134277344,277.3399963378906,284.30999755859375,31010300,2025-11-05
GOOGL,2025-11-06 14:30:00+00:00,285.3299865722656,288.3500061035156,281.1400146484375,284.75,37173600,2025-11-06
GOOGL,2025-11-07 14:30:00+00:00,283.2099914550781,283.7799987792969,275.19000244140625,278.8299865722656,34479600,2025-11-07
GOOGL,2025-11-10 14:30:00+00:00,284.4200134277344,290.79998779296875,282.8599853515625,290.1000061035156,29557300,2025-11-10
GOOGL,2025-11-11 14:30:00+00:00,287.75,291.9200134277344,287.32000732421875,291.30999755859375,19842100,2025-11-11
GOOGL,2025-11-12 14:30:00+00:00,291.67999267578125,292.010009765625,283.69000244140625,286.7099914550781,24829900,2025-11-12
GOOGL,2025-11-13 14:30:00+00:00,282.3399963378906,282.8399963378906,277.239990234375,278.57000732421875,29494000,2025-11-13
GOOGL,2025-11-14 14:30:00+00:00,271.4100036621094,278.55999755859375,270.70001220703125,276.4100036621094,31647200,2025-11-14
GOOGL,2025-11-17 14:30:00+00:00,285.7799987792969,293.95001220703125,283.57000732421875,285.0199890136719,52670200,2025-11-17
GOOGL,2025-11-18 14:30:00+00:00,287.9200134277344,288.79998779296875,278.20001220703125,284.2799987792969,49158700,2025-11-18
GOOGL,2025-11-19 14:30:00+00:00,287.1600036621094,303.80999755859375,286.6300048828125,292.80999755859375,68198900,2025-11-19
GOOGL,2025-11-20 14:30:00+00:00,304.5400085449219,306.4200134277344,288.6700134277344,289.45001220703125,62025200,2025-11-20
GOOGL,2025-11-21 14:30:00+00:00,296.4200134277344,303.9200134277344,293.8500061035156,299.6600036621094,74137700,2025-11-21
GOOGL,2025-11-24 14:30:00+00:00,311.1300048828125,319.4800109863281,309.6000061035156,318.5799865722656,85165100,2025-11-24
GOOGL,2025-11-25 14:30:00+00:00,326.2099914550781,328.8299865722656,317.6499938964844,323.44000244140625,88632100,2025-11-25
GOOGL,2025-11-26 14:30:00+00:00,320.67999267578125,324.5,316.7900085449219,319.95001220703125,51373400,2025-11-26
GOOGL,2025-11-28 14:30:00+00:00,323.3699951171875,326.8500061035156,316.7900085449219,320.17999267578125,26018600,2025-11-28
GOOGL,2025-12-01 14:30:00+00:00,317.70001220703125,319.8500061035156,313.8900146484375,314.8900146484375,41183000,2025-12-01
GOOGL,2025-12-02 14:30:00+00:00,316.739990234375,318.3800048828125,313.9100036621094,315.80999755859375,35854700,2025-12-02
GOOGL,2025-12-03 14:30:00+00:00,315.8900146484375,321.5799865722656,314.1000061035156,319.6300048828125,41838300,2025-12-03
GOOGL,2025-12-04 14:30:00+00:00,322.2300109863281,322.3599853515625,314.70001220703125,317.6199951171875,31240900,2025-12-04
GOOGL,2025-12-05 14:30:00+00:00,319.489990234375,323.1600036621094,319.1700134277344,321.2699890136719,28851700,2025-12-05
GOOGL,2025-12-08 14:30:00+00:00,320.04998779296875,320.44000244140625,311.2200012207031,313.7200012207031,33909400,2025-12-08
GOOGL,2025-12-09 14:30:00+00:00,312.3699951171875,317.989990234375,311.8999938964844,317.0799865722656,30194000,2025-12-09
GOOGL,2025-12-10 14:30:00+00:00,315.8299865722656,321.30999755859375,314.67999267578125,320.2099914550781,33428900,2025-12-10
GOOGL,2025-12-11 14:30:00+00:00,320.0799865722656,321.1199951171875,308.6000061035156,312.42999267578125,42353700,2025-12-11
GOOGL,2025-12-12 14:30:00+00:00,313.70001220703125,314.8699951171875,305.55999755859375,309.2900085449219,35940200,2025-12-12
GOOGL,2025-12-15 14:30:00+00:00,311.32000732421875,311.4200134277344,304.8800048828125,308.2200012207031,29151900,2025-12-15
GOOGL,2025-12-16 14:30:00+00:00,304.95001220703125,310.7699890136719,302.5899963378906,306.57000732421875,30585000,2025-12-16
GOOGL,2025-12-17 14:30:00+00:00,308.010009765625,308.0899963378906,296.1199951171875,296.7200012207031,43930400,2025-12-17
GOOGL,2025-12-18 14:30:00+00:00,301.7200012207031,303.9599914550781,299.2300109863281,302.4599914550781,33518000,2025-12-18
GOOGL,2025-12-19 14:30:00+00:00,301.7300109863281,307.25,300.9700012207031,307.1600036621094,59943200,2025-12-19
GOOGL,2025-12-22 14:30:00+00:00,309.8800048828125,310.1300048828125,305.29998779296875,309.7799987792969,26429900,2025-12-22
GOOGL,2025-12-23 14:30:00+00:00,309.6300048828125,314.94000244140625,309.32000732421875,314.3500061035156,25478700,2025-12-23
GOOGL,2025-12-24 14:30:00+00:00,314.7699890136719,315.0799865722656,311.9200134277344,314.0899963378906,10097400,2025-12-24
GOOGL,2025-12-26 14:30:00+00:00,314.4800109863281,315.0899963378906,312.2799987792969,313.510009765625,10899000,2025-12-26
GOOGL,2025-12-29 14:30:00+00:00,311.3699951171875,314.0199890136719,310.6199951171875,313.55999755859375,19621800,2025-12-29
GOOGL,2025-12-30 14:30:00+00:00,312.5,316.95001220703125,312.4599914550781,313.8500061035156,17380900,2025-12-30
GOOGL,2025-12-31 14:30:00+00:00,312.8500061035156,314.5799865722656,311.44000244140625,313.0,16377700,2025-12-31
GOOGL,2026-01-02 14:30:00+00:00,316.8999938964844,322.5,310.3299865722656,315.1499938964844,32009400,2026-01-02
GOOGL,2026-01-05 14:30:00+00:00,317.6600036621094,319.0199890136719,314.6300048828125,316.5400085449219,30195600,2026-01-05
GOOGL,2026-01-06 14:30:00+00:00,316.3999938964844,320.94000244140625,311.7799987792969,314.3399963378906,31212100,2026-01-06
GOOGL,2026-01-07 14:30:00+00:00,314.3599853515625,326.1499938964844,314.19000244140625,321.9800109863281,35104400,2026-01-07
GOOGL,2026-01-08 14:30:00+00:00,328.9700012207031,330.32000732421875,321.5,325.44000244140625,31896100,2026-01-08
GOOGL,2026-01-09 14:30:00+00:00,327.0899963378906,330.8299865722656,325.79998779296875,328.57000732421875,26214200,2026-01-09
GOOGL,2026-01-12 14:30:00+00:00,325.79998779296875,334.0400085449219,325.0,331.8599853515625,33923900,2026-01-12
GOOGL,2026-01-13 14:30:00+00:00,334.95001220703125,340.489990234375,333.6199951171875,335.9700012207031,33517600,2026-01-13
GOOGL,2026-01-14 14:30:00+00:00,335.05999755859375,336.5199890136719,330.4800109863281,335.8399963378906,28525600,2026-01-14
GOOGL,2026-01-15 14:30:00+00:00,337.6499938964844,337.69000244140625,330.739990234375,332.7799987792969,28442400,2026-01-15
GOOGL,2026-01-16 14:30:00+00:00,334.4100036621094,334.6499938964844,327.70001220703125,330.0,40341600,2026-01-16
GOOGL,2026-01-20 14:30:00+00:00,320.8699951171875,327.7300109863281,320.42999267578125,322.0,35361000,2026-01-20
GOOGL,2026-01-21 14:30:00+00:00,320.9200134277344,332.4800109863281,319.3500061035156,328.3800048828125,35386600,2026-01-21
GOOGL,2026-01-22 14:30:00+00:00,334.45001220703125,335.1499938964844,328.75,330.5400085449219,26253600,2026-01-22
GOOGL,2026-01-23 14:30:00+00:00,332.489990234375,333.69000244140625,327.45001220703125,327.92999267578125,27280000,2026-01-23
GOOGL,2026-01-26 14:30:00+00:00,327.80999755859375,335.8399963378906,327.0,333.260009765625,26042100,2026-01-26
GOOGL,2026-01-27 14:30:00+00:00,335.3699951171875,337.9100036621094,333.4800109863281,334.54998779296875,21636200,2026-01-27
GOOGL,2026-01-28 14:30:00+00:00,336.05999755859375,337.5400085449219,331.94000244140625,336.010009765625,27434400,2026-01-28
GOOGL,2026-01-29 14:30:00+00:00,340.29998779296875,342.2900085449219,326.5400085449219,338.25,39785600,2026-01-29
GOOGL,2026-01-30 14:30:00+00:00,340.0,340.0,332.2900085449219,338.0,31024000,2026-01-30
GOOGL,2026-02-02 14:30:00+00:00,336.2200012207031,344.8299865722656,335.6300048828125,343.69000244140625,32006100,2026-02-02
GOOGL,2026-02-03 14:30:00+00:00,347.3399963378906,349.0,337.4700012207031,339.7099914550781,36506700,2026-02-03
GOOGL,2026-02-04 14:30:00+00:00,342.9599914550781,343.30999755859375,328.5199890136719,333.0400085449219,70618400,2026-02-04
GOOGL,2026-02-05 14:30:00+00:00,312.2200012207031,332.69000244140625,306.4599914550781,331.25,88205800,2026-02-05
GOOGL,2026-02-06 14:30:00+00:00,327.17999267578125,330.3800048828125,319.9200134277344,322.8599853515625,56380500,2026-02-06
GOOGL,2026-02-09 14:30:00+00:00,320.92999267578125,327.70001220703125,317.260009765625,324.32000732421875,39640100,2026-02-09
GOOGL,2026-02-10 14:30:00+00:00,320.9700012207031,321.6700134277344,314.6099853515625,318.5799865722656,39170000,2026-02-10
GOOGL,2026-02-11 14:30:00+00:00,318.9700012207031,321.05999755859375,309.6600036621094,310.9599914550781,45406400,2026-02-11
GOOGL,2026-02-12 14:30:00+00:00,312.0899963378906,316.239990234375,307.20001220703125,309.0,47761300,2026-02-12
GOOGL,2026-02-13 14:30:00+00:00,307.7300109863281,308.6300048828125,303.7099914550781,305.7200012207031,38499700,2026-02-13
GOOGL,2026-02-17 14:30:00+00:00,300.0400085449219,304.44000244140625,296.25,302.0199890136719,39247600,2026-02-17
GOOGL,2026-02-18 14:30:00+00:00,302.0899963378906,305.3800048828125,301.25,303.3299865722656,28482100,2026-02-18
GOOGL,2026-02-19 14:30:00+00:00,301.82000732421875,305.4700012207031,300.0400085449219,302.8500061035156,25834400,2026-02-19
GOOGL,2026-02-20 14:30:00+00:00,304.32000732421875,316.5,303.8999938964844,314.9800109863281,53210800,2026-02-20
GOOGL,2026-02-23 14:30:00+00:00,319.04998779296875,319.5199890136719,309.8699951171875,311.489990234375,31423000,2026-02-23
GOOGL,2026-02-24 14:30:00+00:00,310.5199890136719,312.2699890136719,305.92999267578125,310.8999938964844,25615600,2026-02-24
GOOGL,2026-02-25 14:30:00+00:00,312.05999755859375,313.6400146484375,309.44000244140625,312.8999938964844,29963600,2026-02-25
GOOGL,2026-02-26 14:30:00+00:00,312.6400146484375,313.1400146484375,302.3500061035156,307.3800048828125,36431200,2026-02-26
GOOGL,2026-02-27 14:30:00+00:00,304.1400146484375,312.3699951171875,303.79998779296875,311.760009765625,44640600,2026-02-27
GOOGL,2026-03-02 14:30:00+00:00,303.2300109863281,308.489990234375,301.29998779296875,306.5199890136719,34790200,2026-03-02
GOOGL,2026-03-03 14:30:00+00:00,298.5899963378906,303.94000244140625,296.7099914550781,303.5799865722656,35497000,2026-03-03
GOOGL,2026-03-04 14:30:00+00:00,302.8900146484375,305.4700012207031,300.75,303.1300048828125,29536200,2026-03-04
GOOGL,2026-03-05 14:30:00+00:00,303.0400085449219,303.29998779296875,297.989990234375,300.8800048828125,35752300,2026-03-05
GOOGL,2026-03-06 14:30:00+00:00,296.0899963378906,300.5299987792969,295.17999267578125,298.5199890136719,25576900,2026-03-06
GOOGL,2026-03-09 13:30:00+00:00,294.3599853515625,306.79998779296875,294.0799865722656,306.3599853515625,29312100,2026-03-09
GOOGL,2026-03-10 13:30:00+00:00,306.1700134277344,309.510009765625,305.57000732421875,307.0400085449219,23239700,2026-03-10
GOOGL,2026-03-11 13:30:00+00:00,306.75,311.4200134277344,305.9200134277344,308.70001220703125,24125700,2026-03-11
GOOGL,2026-03-12 13:30:00+00:00,306.82000732421875,308.94000244140625,301.0299987792969,303.54998779296875,24928300,2026-03-12
GOOGL,2026-03-13 13:30:00+00:00,307.010009765625,307.69000244140625,300.44000244140625,302.2799987792969,23693100,2026-03-13
GOOGL,2026-03-16 13:30:00+00:00,304.3500061035156,306.489990234375,303.0199890136719,305.55999755859375,23519700,2026-03-16
GOOGL,2026-03-17 13:30:00+00:00,305.8599853515625,311.4200134277344,305.5,310.9200134277344,21955200,2026-03-17
GOOGL,2026-03-18 13:30:00+00:00,309.2699890136719,312.4700012207031,306.92999267578125,307.69000244140625,20009800,2026-03-18
GOOGL,2026-03-19 13:30:00+00:00,304.010009765625,308.05999755859375,302.3500061035156,307.1300048828125,25075800,2026-03-19
GOOGL,2026-03-20 13:30:00+00:00,305.4599914550781,306.0,298.2699890136719,301.0,44364100,2026-03-20
GOOGL,2026-03-23 13:30:00+00:00,302.1099853515625,305.9800109863281,300.92999267578125,302.05999755859375,29326900,2026-03-23
GOOGL,2026-03-24 13:30:00+00:00,299.20001220703125,299.9200134277344,290.3299865722656,290.44000244140625,36864300,2026-03-24
GOOGL,2026-03-25 13:30:00+00:00,293.44000244140625,296.0,289.239990234375,290.92999267578125,29460700,2026-03-25
GOOGL,2026-03-26 13:30:00+00:00,287.9100036621094,287.95001220703125,278.5,280.9200134277344,39080600,2026-03-26
GOOGL,2026-03-27 13:30:00+00:00,277.2799987792969,279.3699951171875,273.95001220703125,274.3399963378906,35890600,2026-03-27
GOOGL,2026-03-30 13:30:00+00:00,276.4200134277344,277.0899963378906,272.1099853515625,273.5,35141200,2026-03-30
GOOGL,2026-03-31 13:30:00+00:00,278.0400085449219,288.0799865722656,277.0899963378906,287.55999755859375,43875400,2026-03-31
GOOGL,2026-04-01 13:30:00+00:00,290.8399963378906,300.5199890136719,290.4100036621094,297.3900146484375,37684500,2026-04-01
GOOGL,2026-04-02 13:30:00+00:00,290.69000244140625,298.0799865722656,289.45001220703125,295.7699890136719,21666500,2026-04-02
GOOGL,2026-04-06 13:30:00+00:00,295.8699951171875,300.6199951171875,295.17999267578125,299.989990234375,16945500,2026-04-06
GOOGL,2026-04-07 13:30:00+00:00,302.7300109863281,305.6300048828125,297.7200012207031,305.4599914550781,23205400,2026-04-07
GOOGL,2026-04-08 13:30:00+00:00,320.45001220703125,322.0799865722656,315.0199890136719,317.32000732421875,33547100,2026-04-08
GOOGL,2026-04-09 13:30:00+00:00,315.9100036621094,319.5400085449219,311.05999755859375,318.489990234375,23739200,2026-04-09
GOOGL,2026-04-10 13:30:00+00:00,320.0199890136719,321.8299865722656,316.32000732421875,317.239990234375,19152600,2026-04-10
GOOGL,2026-04-13 13:30:00+00:00,317.1400146484375,321.6300048828125,315.4700012207031,321.30999755859375,18866400,2026-04-13
GOOGL,2026-04-14 13:30:00+00:00,324.7900085449219,333.2900085449219,323.75,332.9100036621094,27721400,2026-04-14
GOOGL,2026-04-15 13:30:00+00:00,332.8900146484375,337.4800109863281,330.8999938964844,337.1199951171875,24918800,2026-04-15
GOOGL,2026-04-16 13:30:00+00:00,338.75,339.8800048828125,334.5199890136719,336.0199890136719,20541500,2026-04-16
GOOGL,2026-04-17 13:30:00+00:00,337.6499938964844,342.32000732421875,336.239990234375,341.67999267578125,25581900,2026-04-17
GOOGL,2026-04-20 13:30:00+00:00,340.760009765625,341.3999938964844,336.6099853515625,337.4200134277344,18784200,2026-04-20
GOOGL,2026-04-21 13:30:00+00:00,337.69000244140625,339.3399963378906,331.3500061035156,332.2900085449219,23123800,2026-04-21
GOOGL,2026-04-22 13:30:00+00:00,337.0199890136719,339.82000732421875,335.1700134277344,339.32000732421875,20293000,2026-04-22
GOOGL,2026-04-23 13:30:00+00:00,341.17999267578125,341.9599914550781,336.17999267578125,338.8900146484375,18650300,2026-04-23
GOOGL,2026-04-24 13:30:00+00:00,338.7300109863281,345.2699890136719,335.3900146484375,344.3999938964844,26426100,2026-04-24
GOOGL,2026-04-27 13:30:00+00:00,345.9800109863281,353.17999267578125,342.7300109863281,350.3399963378906,28576900,2026-04-27
GOOGL,2026-04-28 13:30:00+00:00,348.54998779296875,352.4200134277344,346.1199951171875,349.7799987792969,27824100,2026-04-28
GOOGL,2026-04-29 13:30:00+00:00,347.57000732421875,355.7900085449219,344.2099914550781,349.94000244140625,35376300,2026-04-29
GOOGL,2026-04-30 13:30:00+00:00,374.07000732421875,385.8399963378906,365.82000732421875,384.79998779296875,72040000,2026-04-30
GOOGL,2026-05-01 13:30:00+00:00,381.6300048828125,386.760009765625,379.04998779296875,385.69000244140625,30105200,2026-05-01
GOOGL,2026-05-04 13:30:00+00:00,385.6300048828125,387.3800048828125,379.7900085449219,383.25,26298600,2026-05-04
GOOGL,2026-05-05 13:30:00+00:00,386.2300109863281,392.82000732421875,384.0199890136719,388.42999267578125,23878600,2026-05-05
GOOGL,2026-05-06 13:30:00+00:00,394.25,399.8500061035156,392.760009765625,398.0400085449219,31308500,2026-05-06
GOOGL,2026-05-07 13:30:00+00:00,399.9200134277344,400.1000061035156,392.67999267578125,397.989990234375,24433500,2026-05-07
GOOGL,2026-05-08 13:30:00+00:00,397.0,402.0,396.3599853515625,400.79998779296875,21461800,2026-05-08
GOOGL,2026-05-11 13:30:00+00:00,393.6499938964844,397.44000244140625,388.4700012207031,388.6400146484375,30753700,2026-05-11
GOOGL,2026-05-12 13:30:00+00:00,387.3399963378906,388.5199890136719,382.7699890136719,387.3500061035156,26017500,2026-05-12
GOOGL,2026-05-13 13:30:00+00:00,385.6000061035156,403.70001220703125,385.0,402.6199951171875,28144600,2026-05-13
GOOGL,2026-05-14 13:30:00+00:00,397.2799987792969,402.92999267578125,395.8399963378906,401.07000732421875,21136700,2026-05-14
GOOGL,2026-05-15 13:30:00+00:00,396.32000732421875,399.5400085449219,393.17999267578125,396.7799987792969,20309700,2026-05-15
GOOGL,2026-05-18 13:30:00+00:00,395.69000244140625,408.6099853515625,394.5299987792969,396.94000244140625,26837200,2026-05-18
GOOGL,2026-05-19 13:30:00+00:00,396.9599914550781,397.1499938964844,386.1099853515625,387.6600036621094,39545700,2026-05-19
GOOGL,2026-05-20 13:30:00+00:00,387.70001220703125,393.8599853515625,382.8999938964844,388.9100036621094,31744400,2026-05-20
GOOGL,2026-05-21 13:30:00+00:00,385.70001220703125,392.5,383.0199890136719,387.6600036621094,24852800,2026-05-21
GOOGL,2026-05-22 13:30:00+00:00,387.3500061035156,388.739990234375,381.7699890136719,382.9700012207031,20442100,2026-05-22
GOOGL,2026-05-26 13:30:00+00:00,384.510009765625,389.260009765625,382.6000061035156,388.8800048828125,27747400,2026-05-26
GOOGL,2026-05-27 13:30:00+00:00,386.6700134277344,393.8800048828125,385.8999938964844,388.8299865722656,23087300,2026-05-27
GOOGL,2026-05-28 13:30:00+00:00,388.0,391.8699951171875,385.1600036621094,390.1300048828125,24357500,2026-05-28
GOOGL,2026-05-29 13:30:00+00:00,385.239990234375,385.239990234375,378.4599914550781,380.3399963378906,44415800,2026-05-29
GOOGL,2026-06-01 13:30:00+00:00,376.5199890136719,378.55999755859375,373.5199890136719,376.3699951171875,28672100,2026-06-01
GOOGL,2026-06-02 13:30:00+00:00,366.5899963378906,373.5400085449219,358.44000244140625,361.8500061035156,50412300,2026-06-02
GOOGL,2026-06-03 13:30:00+00:00,362.0299987792969,366.45001220703125,358.0799865722656,358.989990234375,55441600,2026-06-03
GOOGL,2026-06-04 13:30:00+00:00,358.8999938964844,373.25,358.2099914550781,372.19000244140625,44055500,2026-06-04
GOOGL,2026-06-05 13:30:00+00:00,366.3399963378906,372.0799865722656,364.1199951171875,368.5299987792969,37471200,2026-06-05
GOOGL,2026-06-08 13:30:00+00:00,365.17999267578125,366.20001220703125,360.5299987792969,363.30999755859375,27942500,2026-06-08
GOOGL,2026-06-09 13:30:00+00:00,367.0899963378906,372.0799865722656,357.29998779296875,364.260009765625,29535100,2026-06-09
GOOGL,2026-06-10 13:30:00+00:00,363.19000244140625,368.55999755859375,355.20001220703125,356.3800048828125,32357100,2026-06-10
GOOGL,2026-06-11 13:30:00+00:00,355.92999267578125,358.79998779296875,346.3599853515625,357.7699890136719,35538200,2026-06-11
GOOGL,2026-06-12 13:30:00+00:00,362.6199951171875,366.57000732421875,354.94000244140625,359.67999267578125,24704600,2026-06-12
GOOGL,2026-06-15 13:30:00+00:00,367.92999267578125,372.989990234375,366.54998779296875,369.3500061035156,27727500,2026-06-15
GOOGL,2026-06-16 13:30:00+00:00,369.6000061035156,376.0,367.05999755859375,373.25,24876100,2026-06-16
GOOGL,2026-06-17 13:30:00+00:00,369.1300048828125,372.3299865722656,362.0199890136719,363.7900085449219,24543600,2026-06-17
GOOGL,2026-06-18 13:30:00+00:00,365.75,369.4800109863281,358.6700134277344,368.0299987792969,44470100,2026-06-18
GOOGL,2026-06-22 13:30:00+00:00,357.95001220703125,358.9200134277344,341.7200012207031,349.67999267578125,52814800,2026-06-22
GOOGL,2026-06-23 13:30:00+00:00,340.69000244140625,349.2900085449219,340.20001220703125,346.1300048828125,34007700,2026-06-23
GOOGL,2026-06-24 13:30:00+00:00,349.0400085449219,353.4800109863281,341.92999267578125,345.2900085449219,44997300,2026-06-24
GOOGL,2026-06-25 13:30:00+00:00,336.7300109863281,345.57000732421875,335.8399963378906,343.7099914550781,44491400,2026-06-25
GOOGL,2026-06-26 13:30:00+00:00,342.54998779296875,346.3599853515625,330.20001220703125,337.3900146484375,114706300,2026-06-26
GOOGL,2026-06-29 13:30:00+00:00,341.8299865722656,354.3500061035156,340.6700134277344,353.6499938964844,34213900,2026-06-29
GOOGL,2026-06-30 13:30:00+00:00,353.8699951171875,358.6199951171875,350.3999938964844,357.3699951171875,35237200,2026-06-30
GOOGL,2026-07-01 13:30:00+00:00,358.3699951171875,362.9700012207031,356.42999267578125,361.2099914550781,26736400,2026-07-01
GOOGL,2026-07-02 13:30:00+00:00,359.4800109863281,364.2099914550781,353.4200134277344,359.9100036621094,25974800,2026-07-02
GOOGL,2026-07-06 13:30:00+00:00,361.54998779296875,367.92999267578125,357.3800048828125,366.4599914550781,26915800,2026-07-06
GOOGL,2026-07-07 13:30:00+00:00,369.07000732421875,373.1600036621094,365.5,367.0299987792969,24045600,2026-07-07
GOOGL,2026-07-08 13:30:00+00:00,364.760009765625,367.8399963378906,358.0199890136719,361.9200134277344,22094800,2026-07-08
GOOGL,2026-07-09 13:30:00+00:00,354.30999755859375,359.6499938964844,351.0799865722656,358.8900146484375,24729100,2026-07-09
GOOGL,2026-07-10 13:30:00+00:00,357.5299987792969,357.82000732421875,352.75,357.17999267578125,18146100,2026-07-10
GOOGL,2026-07-13 13:30:00+00:00,356.19000244140625,358.1300048828125,351.75,352.510009765625,15901700,2026-07-13
GOOGL,2026-07-14 13:30:00+00:00,351.20001220703125,360.1600036621094,351.0899963378906,359.510009765625,18259400,2026-07-14
GOOGL,2026-07-15 13:30:00+00:00,357.9700012207031,373.6499938964844,357.760009765625,370.9200134277344,28284600,2026-07-15
GOOGL,2026-07-16 13:30:00+00:00,373.05999755859375,375.2699890136719,352.29998779296875,354.4599914550781,41158500,2026-07-16
GOOGL,2026-07-17 13:30:00+00:00,346.0,348.5199890136719,341.3599853515625,346.7699890136719,29959300,2026-07-17
GOOGL,2026-07-20 13:30:00+00:00,350.8800048828125,359.67999267578125,350.5199890136719,351.989990234375,24736600,2026-07-20
GOOGL,2026-07-21 13:30:00+00:00,351.32000732421875,351.32000732421875,347.0,347.1499938964844,23369800,2026-07-21
GOOGL,2026-07-22 13:30:00+00:00,348.1600036621094,349.94000244140625,341.7300109863281,342.0899963378906,39334100,2026-07-22
GOOGL,2026-07-23 13:30:00+00:00,321.1300048828125,324.489990234375,314.8999938964844,317.69000244140625,69419700,2026-07-23
GOOGL,2026-07-24 13:30:00+00:00,318.4200134277344,324.17999267578125,317.32000732421875,319.739990234375,31806600,2026-07-24
GOOGL,2026-07-27 13:30:00+00:00,325.0400085449219,330.4200134277344,324.45001220703125,326.55999755859375,28471600,2026-07-27
GOOGL,2026-07-28 13:30:00+00:00,327.8999938964844,335.8800048828125,324.44000244140625,333.7099914550781,29511900,2026-07-28
GOOGL,2026-07-29 13:30:00+00:00,334.6700134277344,342.5,331.6199951171875,336.7099914550781,27501600,2026-07-29
GOOGL,2026-07-30 13:30:00+00:00,334.20001220703125,336.510009765625,330.3399963378906,333.6600036621094,30168000,2026-07-30
GOOGL,2026-07-31 13:30:00+00:00,340.8299865722656,358.5799865722656,340.0,356.1300048828125,46498000,2026-07-31
GOOGL,2026-08-03 13:30:00+00:00,365.45001220703125,376.69000244140625,363.3500061035156,373.510009765625,38669700,2026-08-03
GOOGL,2026-08-04 13:30:00+00:00,368.2200012207031,380.5199890136719,367.5,377.6499938964844,35705700,2026-08-04
GOOGL,2026-08-05 13:30:00+00:00,383.3399963378906,384.4800109863281,356.7699890136719,362.42999267578125,46926300,2026-08-05
GOOGL,2026-08-06 13:30:00+00:00,360.7699890136719,364.1300048828125,356.8800048828125,357.75,25235900,2026-08-06
GOOGL,2026-08-07 13:30:00+00:00,356.7200012207031,358.8999938964844,353.7799987792969,354.29998779296875,19859900,2026-08-07
GOOGL,2026-08-10 13:30:00+00:00,355.17999267578125,357.6099853515625,352.7099914550781,357.5199890136719,18991400,2026-08-10
GOOGL,2026-08-11 13:30:00+00:00,355.8900146484375,356.80999755859375,343.3900146484375,343.79998779296875,29081800,2026-08-11
GOOGL,2026-08-12 13:30:00+00:00,346.30999755859375,346.4800109863281,340.8800048828125,343.5400085449219,25012000,2026-08-12
GOOGL,2026-08-13 13:30:00+00:00,345.7699890136719,347.92999267578125,343.760009765625,346.3599853515625,17866100,2026-08-13
GOOGL,2026-08-14 13:30:00+00:00,346.79998779296875,350.45001220703125,344.5,345.8999938964844,17808600,2026-08-14
GOOGL,2026-08-17 13:30:00+00:00,346.2699890136719,347.25,341.92999267578125,344.0,18291300,2026-08-17
GOOGL,2026-08-18 13:30:00+00:00,342.4100036621094,344.8699951171875,340.19000244140625,344.20001220703125,19248800,2026-08-18
GOOGL,2026-08-19 13:30:00+00:00,342.4599914550781,346.7300109863281,340.6600036621094,344.7200012207031,19733800,2026-08-19
GOOGL,2026-08-20 13:30:00+00:00,343.05999755859375,343.8999938964844,338.57000732421875,340.6700134277344,18570400,2026-08-20
GOOGL,2026-08-21 13:30:00+00:00,342.5799865722656,346.20001220703125,340.3999938964844,344.82000732421875,20849800,2026-08-21
GOOGL,2026-08-24 13:30:00+00:00,343.6199951171875,351.6000061035156,342.489990234375,348.05999755859375,26338200,2026-08-24
GOOGL,2026-08-25 13:30:00+00:00,349.6400146484375,350.1600036621094,345.6000061035156,346.9599914550781,20649700,2026-08-25
GOOGL,2026-08-26 13:30:00+00:00,346.6199951171875,346.8800048828125,340.17999267578125,342.0,20420300,2026-08-26
GOOGL,2026-08-27 13:30:00+00:00,339.6700134277344,341.69000244140625,338.5199890136719,340.6499938964844,23391400,2026-08-27
GOOGL,2026-08-28 13:30:00+00:00,340.7099914550781,349.1400146484375,340.2699890136719,346.5899963378906,25347200,2026-08-28
GOOGL,2026-08-31 13:30:00+00:00,343.8299865722656,344.5899963378906,337.1600036621094,339.3500061035156,33493600,2026-08-31
GOOGL,2026-09-01 13:30:00+00:00,336.0,337.20001220703125,333.04998779296875,335.0199890136719,23342700,2026-09-01
GOOGL,2026-09-02 13:30:00+00:00,334.05999755859375,340.0,332.82000732421875,337.1199951171875,22582300,2026-09-02
GOOGL,2026-09-03 13:30:00+00:00,340.55999755859375,344.67999267578125,340.05999755859375,342.4800109863281,20726900,2026-09-03
GOOGL,2026-09-04 13:30:00+00:00,342.4700012207031,343.5299987792969,337.0899963378906,338.4599914550781,23189300,2026-09-04
GOOGL,2026-09-08 13:30:00+00:00,335.4200134277344,339.67999267578125,333.2200012207031,338.3599853515625,22915800,2026-09-08
GOOGL,2026-09-09 13:30:00+00:00,331.6499938964844,331.8500061035156,327.8999938964844,330.6499938964844,33151600,2026-09-09
GOOGL,2026-09-10 13:30:00+00:00,328.2300109863281,333.2300109863281,327.739990234375,332.6000061035156,23557600,2026-09-10
GOOGL,2026-09-11 13:30:00+00:00,335.0299987792969,342.9800109863281,335.0299987792969,338.5,24708300,2026-09-11
GOOGL,2026-09-14 13:30:00+00:00,343.1199951171875,349.9100036621094,342.1400146484375,349.3900146484375,35905400,2026-09-14
GOOGL,2026-09-15 13:30:00+00:00,346.79998779296875,348.07000732421875,342.70001220703125,344.9800109863281,21928600,2026-09-15
GOOGL,2026-09-16 13:30:00+00:00,347.0799865722656,348.3999938964844,340.6400146484375,342.8699951171875,18928900,2026-09-16
GOOGL,2026-09-17 13:30:00+00:00,348.67999267578125,349.5,343.8900146484375,347.3299865722656,19238400,2026-09-17
GOOGL,2026-09-18 13:30:00+00:00,357.30999755859375,359.44000244140625,348.45001220703125,349.5400085449219,47631800,2026-09-18
GOOGL,2026-09-21 13:30:00+00:00,350.6400146484375,357.6099853515625,349.1000061035156,354.9700012207031,30455400,2026-09-21
GOOGL,2026-09-22 13:30:00+00:00,357.6499938964844,364.1700134277344,350.2200012207031,351.1600036621094,29788600,2026-09-22
GOOGL,2026-09-23 13:30:00+00:00,349.8599853515625,350.0,337.45001220703125,337.8299865722656,35576200,2026-09-23
GOOGL,2026-09-24 13:30:00+00:00,336.2200012207031,343.0899963378906,336.0199890136719,342.3599853515625,23777200,2026-09-24
GOOGL,2026-09-25 13:30:00+00:00,342.3500061035156,347.0299987792969,341.1099853515625,343.9200134277344,21880800,2026-09-25
GOOGL,2026-09-28 13:30:00+00:00,340.70001220703125,343.5899963378906,339.55999755859375,342.75,19318300,2026-09-28
GOOGL,2026-09-29 13:30:00+00:00,341.95001220703125,342.8399963378906,338.0199890136719,340.9200134277344,21066900,2026-09-29
GOOGL,2026-09-30 13:30:00+00:00,344.1499938964844,352.6000061035156,340.989990234375,344.0799865722656,37373700,2026-09-30
GOOGL,2026-10-01 13:30:00+00:00,350.7900085449219,353.2200012207031,335.510009765625,338.239990234375,33269300,2026-10-01
GOOGL,2026-10-02 13:30:00+00:00,341.32000732421875,345.7699890136719,341.1600036621094,343.5,23738200,2026-10-02
META,2024-10-03 13:30:00+00:00,570.1500244140625,583.3599853515625,568.72998046875,582.77001953125,11581000,2024-10-03
META,2024-10-04 13:30:00+00:00,583.72998046875,596.8499755859375,581.4299926757812,595.9400024414062,14169500,2024-10-04
META,2024-10-07 13:30:00+00:00,598.219970703125,602.9500122070312,584.0399780273438,584.780029296875,12014200,2024-10-07
META,2024-10-08 13:30:00+00:00,589.6900024414062,593.5599975585938,585.969970703125,592.8900146484375,7857400,2024-10-08
META,2024-10-09 13:30:00+00:00,593.989990234375,594.3900146484375,581.6099853515625,590.510009765625,9529700,2024-10-09
META,2024-10-10 13:30:00+00:00,587.5700073242188,590.22998046875,582.52001953125,583.8300170898438,7740400,2024-10-10
META,2024-10-11 13:30:00+00:00,584.8300170898438,591.2100219726562,582.7100219726562,589.9500122070312,8587100,2024-10-11
META,2024-10-14 13:30:00+00:00,594.219970703125,600.0999755859375,589.9600219726562,590.4199829101562,8252000,2024-10-14
META,2024-10-15 13:30:00+00:00,590.1599731445312,590.6099853515625,580.1400146484375,586.27001953125,9564200,2024-10-15
META,2024-10-16 13:30:00+00:00,581.4000244140625,582.0800170898438,574.030029296875,576.7899780273438,11268400,2024-10-16
META,2024-10-17 13:30:00+00:00,583.3300170898438,584.969970703125,575.2000122070312,576.9299926757812,8701200,2024-10-17
META,2024-10-18 13:30:00+00:00,581.0999755859375,583.969970703125,575.25,576.469970703125,7694300,2024-10-18
META,2024-10-21 13:30:00+00:00,576.030029296875,577.239990234375,569.1099853515625,575.1599731445312,8171900,2024-10-21
META,2024-10-22 13:30:00+00:00,574.2899780273438,583.530029296875,572.1199951171875,582.010009765625,8544500,2024-10-22
META,2024-10-23 13:30:00+00:00,579.969970703125,585.0,562.5,563.6900024414062,14248400,2024-10-23
META,2024-10-24 13:30:00+00:00,567.1300048828125,568.8800048828125,561.52001953125,567.780029296875,7184700,2024-10-24
META,2024-10-25 13:30:00+00:00,573.9299926757812,581.2899780273438,571.719970703125,573.25,11337900,2024-10-25
META,2024-10-28 13:30:00+00:00,582.0,583.75,574.1199951171875,578.1599731445312,10925100,2024-10-28
META,2024-10-29 13:30:00+00:00,580.1500244140625,593.6699829101562,575.4000244140625,593.280029296875,13019100,2024-10-29
META,2024-10-30 13:30:00+00:00,600.97998046875,601.2000122070312,589.3800048828125,591.7999877929688,26864900,2024-10-30
META,2024-10-31 13:30:00+00:00,585.0,589.9000244140625,563.010009765625,567.5800170898438,26838400,2024-10-31
META,2024-11-01 13:30:00+00:00,567.6099853515625,573.6699829101562,562.5599975585938,567.1599731445312,15303200,2024-11-01
META,2024-11-04 14:30:00+00:00,564.0999755859375,568.6900024414062,557.8900146484375,560.6799926757812,12064600,2024-11-04
META,2024-11-05 14:30:00+00:00,567.2999877929688,573.47998046875,566.6699829101562,572.4299926757812,9775400,2024-11-05
META,2024-11-06 14:30:00+00:00,562.75,573.0,555.1699829101562,572.0499877929688,18305400,2024-11-06
META,2024-11-07 14:30:00+00:00,576.8900146484375,594.7999877929688,575.2100219726562,591.7000122070312,14653700,2024-11-07
META,2024-11-08 14:30:00+00:00,591.5399780273438,593.0999755859375,584.52001953125,589.3400268554688,9415700,2024-11-08
META,2024-11-11 14:30:00+00:00,586.3599853515625,587.0,576.510009765625,583.1699829101562,10209100,2024-11-11
META,2024-11-12 14:30:00+00:00,588.5399780273438,599.6599731445312,580.3800048828125,584.8200073242188,16287700,2024-11-12
META,2024-11-13 14:30:00+00:00,582.6099853515625,585.6400146484375,575.1699829101562,580.0,10757600,2024-11-13
META,2024-11-14 14:30:00+00:00,577.0,580.760009765625,573.010009765625,577.1599731445312,11053700,2024-11-14
META,2024-11-15 14:30:00+00:00,571.219970703125,572.5700073242188,551.5,554.0800170898438,17712900,2024-11-15
META,2024-11-18 14:30:00+00:00,557.0399780273438,559.9000244140625,550.0900268554688,554.4000244140625,14327300,2024-11-18
META,2024-11-19 14:30:00+00:00,551.8599853515625,561.4299926757812,550.5999755859375,561.0900268554688,9522400,2024-11-19
META,2024-11-20 14:30:00+00:00,562.9299926757812,566.3499755859375,554.2000122070312,565.52001953125,9797300,2024-11-20
META,2024-11-21 14:30:00+00:00,569.52001953125,570.0,549.0499877929688,563.0900268554688,11154700,2024-11-21
META,2024-11-22 14:30:00+00:00,563.5499877929688,563.8300170898438,554.5900268554688,559.1400146484375,9164000,2024-11-22
META,2024-11-25 14:30:00+00:00,562.0999755859375,572.5900268554688,556.3900146484375,565.1099853515625,13599800,2024-11-25
META,2024-11-26 14:30:00+00:00,566.0,577.5,565.2000122070312,573.5399780273438,10356600,2024-11-26
META,2024-11-27 14:30:00+00:00,574.8900146484375,574.97998046875,564.0999755859375,569.2000122070312,7200200,2024-11-27
META,2024-11-29 14:30:00+00:00,569.0,578.4600219726562,566.9000244140625,574.3200073242188,7130500,2024-11-29
META,2024-12-02 14:30:00+00:00,577.5,594.5,575.5700073242188,592.8300170898438,12522400,2024-12-02
META,2024-12-03 14:30:00+00:00,595.0,614.2000122070312,591.25,613.6500244140625,14907200,2024-12-03
META,2024-12-04 14:30:00+00:00,612.9600219726562,617.780029296875,605.0999755859375,613.780029296875,14697000,2024-12-04
META,2024-12-05 14:30:00+00:00,617.0800170898438,619.9000244140625,607.0499877929688,608.9299926757812,8081200,2024-12-05
META,2024-12-06 14:30:00+00:00,610.0999755859375,629.7899780273438,608.530029296875,623.77001953125,16935500,2024-12-06
META,2024-12-09 14:30:00+00:00,623.9199829101562,626.4000244140625,606.1699829101562,613.5700073242188,11426000,2024-12-09
META,2024-12-10 14:30:00+00:00,617.5599975585938,625.5900268554688,612.739990234375,619.3200073242188,10938900,2024-12-10
META,2024-12-11 14:30:00+00:00,623.3699951171875,638.4000244140625,621.530029296875,632.6799926757812,10837200,2024-12-11
META,2024-12-12 14:30:00+00:00,631.5,636.6599731445312,627.2100219726562,630.7899780273438,7474700,2024-12-12
META,2024-12-13 14:30:00+00:00,627.219970703125,631.0800170898438,616.8900146484375,620.3499755859375,8453300,2024-12-13
META,2024-12-16 14:30:00+00:00,629.97998046875,631.1500244140625,618.5800170898438,624.239990234375,10885600,2024-12-16
META,2024-12-17 14:30:00+00:00,626.1699829101562,632.3699951171875,616.5399780273438,619.4400024414062,12897800,2024-12-17
META,2024-12-18 14:30:00+00:00,621.0,627.3599853515625,596.3200073242188,597.1900024414062,17075500,2024-12-18
META,2024-12-19 14:30:00+00:00,610.3900146484375,611.52001953125,595.0,595.5700073242188,14958100,2024-12-19
META,2024-12-20 14:30:00+00:00,590.5800170898438,603.1099853515625,580.0,585.25,48989400,2024-12-20
META,2024-12-23 14:30:00+00:00,589.5999755859375,601.0900268554688,586.25,599.8499755859375,10205800,2024-12-23
META,2024-12-24 14:30:00+00:00,602.719970703125,607.989990234375,599.280029296875,607.75,4726100,2024-12-24
META,2024-12-26 14:30:00+00:00,605.47998046875,606.2999877929688,598.9400024414062,603.3499755859375,6081400,2024-12-26
META,2024-12-27 14:30:00+00:00,599.4099731445312,601.8499755859375,589.7999877929688,599.8099975585938,8084200,2024-12-27
META,2024-12-30 14:30:00+00:00,588.75,596.9400024414062,585.5800170898438,591.239990234375,7025900,2024-12-30
META,2024-12-31 14:30:00+00:00,592.27001953125,593.969970703125,583.8499755859375,585.510009765625,6019500,2024-12-31
META,2025-01-02 14:30:00+00:00,589.719970703125,604.9099731445312,587.8200073242188,599.239990234375,12682300,2025-01-02
META,2025-01-03 14:30:00+00:00,604.760009765625,609.5,596.4099731445312,604.6300048828125,11436800,2025-01-03
META,2025-01-06 14:30:00+00:00,611.8300170898438,630.989990234375,605.6199951171875,630.2000122070312,14560800,2025-01-06
META,2025-01-07 14:30:00+00:00,631.7000122070312,632.0999755859375,608.22998046875,617.8900146484375,12071500,2025-01-07
META,2025-01-08 14:30:00+00:00,613.4000244140625,616.4400024414062,602.7899780273438,610.719970703125,10085800,2025-01-08
META,2025-01-10 14:30:00+00:00,610.030029296875,629.9099731445312,597.3400268554688,615.8599853515625,19256600,2025-01-10
META,2025-01-13 14:30:00+00:00,607.0999755859375,608.969970703125,598.4500122070312,608.3300170898438,10785000,2025-01-13
META,2025-01-14 14:30:00+00:00,605.0700073242188,605.489990234375,588.5499877929688,594.25,13598000,2025-01-14
META,2025-01-15 14:30:00+00:00,610.2100219726562,622.4600219726562,606.5,617.1199951171875,15524300,2025-01-15
META,2025-01-16 14:30:00+00:00,611.5,616.25,609.7100219726562,611.2999877929688,8355300,2025-01-16
META,2025-01-17 14:30:00+00:00,624.0499877929688,624.969970703125,603.6699829101562,612.77001953125,17280600,2025-01-17
META,2025-01-21 14:30:00+00:00,617.8300170898438,621.5,609.010009765625,616.4600219726562,11674000,2025-01-21
META,2025-01-22 14:30:00+00:00,623.2999877929688,633.7000122070312,619.4299926757812,623.5,12274000,2025-01-22
META,2025-01-23 14:30:00+00:00,627.3599853515625,636.5999755859375,621.1500244140625,636.4500122070312,9910200,2025-01-23
META,2025-01-24 14:30:00+00:00,636.4000244140625,652.0,634.2000122070312,647.489990234375,19065300,2025-01-24
META,2025-01-27 14:30:00+00:00,626.6099853515625,663.8699951171875,625.0999755859375,659.8800048828125,28399200,2025-01-27
META,2025-01-28 14:30:00+00:00,666.0,682.5800170898438,659.469970703125,674.3300170898438,20950100,2025-01-28
META,2025-01-29 14:30:00+00:00,675.0,681.0499877929688,665.6699829101562,676.489990234375,21377800,2025-01-29
META,2025-01-30 14:30:00+00:00,696.8200073242188,710.7899780273438,676.0999755859375,687.0,29322900,2025-01-30
META,2025-01-31 14:30:00+00:00,691.0,705.2999877929688,685.5800170898438,689.1799926757812,19303900,2025-01-31
META,2025-02-03 14:30:00+00:00,675.9099731445312,704.0,675.25,697.4600219726562,21415700,2025-02-03
META,2025-02-04 14:30:00+00:00,702.5,707.7100219726562,691.6099853515625,704.1900024414062,13826300,2025-02-04
META,2025-02-05 14:30:00+00:00,703.5499877929688,718.1400146484375,699.010009765625,704.8699951171875,17778200,2025-02-05
META,2025-02-06 14:30:00+00:00,705.8800048828125,718.9000244140625,703.5,711.989990234375,13080700,2025-02-06
META,2025-02-07 14:30:00+00:00,716.7999877929688,725.010009765625,711.75,714.52001953125,16427100,2025-02-07
META,2025-02-10 14:30:00+00:00,718.5599975585938,721.2000122070312,711.3300170898438,717.4000244140625,12904300,2025-02-10
META,2025-02-11 14:30:00+00:00,713.3200073242188,723.6599731445312,710.0399780273438,719.7999877929688,12998000,2025-02-11
META,2025-02-12 14:30:00+00:00,715.2999877929688,727.0999755859375,712.5999755859375,725.3800048828125,12016500,2025-02-12
META,2025-02-13 14:30:00+00:00,721.52001953125,729.0,718.0399780273438,728.5599975585938,12569100,2025-02-13
META,2025-02-14 14:30:00+00:00,726.1400146484375,740.9099731445312,725.6199951171875,736.6699829101562,16901200,2025-02-14
META,2025-02-18 14:30:00+00:00,736.0,737.0,706.4400024414062,716.3699951171875,21938700,2025-02-18
META,2025-02-19 14:30:00+00:00,704.0999755859375,707.0,695.3900146484375,703.77001953125,17535500,2025-02-19
META,2025-02-20 14:30:00+00:00,697.280029296875,705.6300048828125,693.6400146484375,694.8400268554688,12587400,2025-02-20
META,2025-02-21 14:30:00+00:00,696.5800170898438,703.8699951171875,682.3599853515625,683.5499877929688,15660400,2025-02-21
META,2025-02-24 14:30:00+00:00,686.280029296875,687.27001953125,662.4500122070312,668.1300048828125,15677000,2025-02-24
META,2025-02-25 14:30:00+00:00,665.969970703125,668.0,641.8599853515625,657.5,20579700,2025-02-25
META,2025-02-26 14:30:00+00:00,659.6500244140625,683.010009765625,658.0,673.7000122070312,14488700,2025-02-26
META,2025-02-27 14:30:00+00:00,682.4500122070312,688.6500244140625,657.5700073242188,658.239990234375,12500000,2025-02-27
META,2025-02-28 14:30:00+00:00,658.0399780273438,669.6300048828125,642.5999755859375,668.2000122070312,17534200,2025-02-28
META,2025-03-03 14:30:00+00:00,673.6799926757812,681.25,650.8400268554688,655.0499877929688,10843800,2025-03-03
META,2025-03-04 14:30:00+00:00,645.510009765625,649.75,623.6500244140625,640.0,21495200,2025-03-04
META,2025-03-05 14:30:00+00:00,641.0,659.5,637.6599731445312,656.469970703125,13770000,2025-03-05
META,2025-03-06 14:30:00+00:00,648.0,650.5599975585938,624.1099853515625,627.9299926757812,13446500,2025-03-06
META,2025-03-07 14:30:00+00:00,625.3699951171875,634.7899780273438,600.6099853515625,625.6599731445312,21375700,2025-03-07
META,2025-03-10 13:30:00+00:00,608.0700073242188,610.1099853515625,586.8699951171875,597.989990234375,21999900,2025-03-10
META,2025-03-11 13:30:00+00:00,595.0499877929688,614.9299926757812,593.3300170898438,605.7100219726562,17401500,2025-03-11
META,2025-03-12 13:30:00+00:00,629.9000244140625,633.3300170898438,609.3499755859375,619.5599975585938,15747000,2025-03-12
META,2025-03-13 13:30:00+00:00,620.25,620.5,586.510009765625,590.6400146484375,16480300,2025-03-13
META,2025-03-14 13:30:00+00:00,602.7999877929688,608.8599853515625,594.780029296875,607.5999755859375,12364500,2025-03-14
META,2025-03-17 13:30:00+00:00,607.4600219726562,613.0999755859375,598.0,604.9000244140625,15473900,2025-03-17
META,2025-03-18 13:30:00+00:00,600.0499877929688,600.25,574.6599731445312,582.3599853515625,20297700,2025-03-18
META,2025-03-19 13:30:00+00:00,584.280029296875,592.3200073242188,574.77001953125,584.0599975585938,20537500,2025-03-19
META,2025-03-20 13:30:00+00:00,582.760009765625,610.2000122070312,579.510009765625,586.0,24336500,2025-03-20
META,2025-03-21 13:30:00+00:00,583.4199829101562,597.5399780273438,580.9500122070312,596.25,25015900,2025-03-21
META,2025-03-24 13:30:00+00:00,614.969970703125,622.5399780273438,612.2000122070312,618.8499755859375,15741300,2025-03-24
META,2025-03-25 13:30:00+00:00,626.760009765625,633.8800048828125,621.1799926757812,626.3099975585938,15312500,2025-03-25
META,2025-03-26 13:30:00+00:00,624.8900146484375,626.75,606.6099853515625,610.97998046875,12609800,2025-03-26
META,2025-03-27 13:30:00+00:00,602.0,614.25,600.0999755859375,602.5800170898438,10436500,2025-03-27
META,2025-03-28 13:30:00+00:00,600.3099975585938,601.75,573.9199829101562,576.739990234375,17602800,2025-03-28
META,2025-03-31 13:30:00+00:00,563.5,578.7000122070312,553.2999877929688,576.3599853515625,21124700,2025-03-31
META,2025-04-01 13:30:00+00:00,570.8400268554688,589.9099731445312,570.0,586.0,12836600,2025-04-01
META,2025-04-02 13:30:00+00:00,574.9099731445312,592.6599731445312,573.3599853515625,583.9299926757812,13470800,2025-04-02
META,2025-04-03 13:30:00+00:00,546.219970703125,552.5599975585938,530.2999877929688,531.6199951171875,34777500,2025-04-03
META,2025-04-04 13:30:00+00:00,506.6199951171875,518.0,494.20001220703125,504.7300109863281,38589800,2025-04-04
META,2025-04-07 13:30:00+00:00,485.1000061035156,539.3699951171875,481.8999938964844,516.25,36606100,2025-04-07
META,2025-04-08 13:30:00+00:00,543.25,547.4299926757812,502.8599853515625,510.45001220703125,28034200,2025-04-08
META,2025-04-09 13:30:00+00:00,509.2699890136719,587.8900146484375,502.1099853515625,585.77001953125,39216600,2025-04-09
META,2025-04-10 13:30:00+00:00,575.489990234375,581.2999877929688,535.2999877929688,546.2899780273438,28173500,2025-04-10
META,2025-04-11 13:30:00+00:00,535.510009765625,547.4000244140625,528.5900268554688,543.5700073242188,17642300,2025-04-11
META,2025-04-14 13:30:00+00:00,556.1699829101562,557.77001953125,528.280029296875,531.47998046875,14130900,2025-04-14
META,2025-04-15 13:30:00+00:00,532.1099853515625,537.9400024414062,517.5,521.52001953125,15558700,2025-04-15
META,2025-04-16 13:30:00+00:00,508.510009765625,513.3699951171875,495.6300048828125,502.30999755859375,18735100,2025-04-16
META,2025-04-17 13:30:00+00:00,505.25,507.29998779296875,498.010009765625,501.4800109863281,14593500,2025-04-17
META,2025-04-21 13:30:00+00:00,491.3299865722656,493.5,479.79998779296875,484.6600036621094,16166000,2025-04-21
META,2025-04-22 13:30:00+00:00,491.8699951171875,506.8800048828125,486.3599853515625,500.2799987792969,17399400,2025-04-22
META,2025-04-23 13:30:00+00:00,528.530029296875,535.3400268554688,516.52001953125,520.27001953125,18173900,2025-04-23
META,2025-04-24 13:30:00+00:00,518.72998046875,533.9000244140625,517.5,533.1500244140625,13910000,2025-04-24
META,2025-04-25 13:30:00+00:00,546.7999877929688,549.8599853515625,536.25,547.27001953125,17098900,2025-04-25
META,2025-04-28 13:30:00+00:00,555.6400146484375,558.489990234375,540.5900268554688,549.739990234375,15179000,2025-04-28
META,2025-04-29 13:30:00+00:00,546.0,556.5700073242188,544.1199951171875,554.4400024414062,11835000,2025-04-29
META,2025-04-30 13:30:00+00:00,538.4000244140625,549.0999755859375,529.5,549.0,29244000,2025-04-30
META,2025-05-01 13:30:00+00:00,592.0800170898438,592.9500122070312,570.5,572.2100219726562,31159000,2025-05-01
META,2025-05-02 13:30:00+00:00,583.4600219726562,604.3400268554688,578.3300170898438,597.02001953125,24739300,2025-05-02
META,2025-05-05 13:30:00+00:00,591.219970703125,603.2100219726562,588.0499877929688,599.27001953125,13887700,2025-05-05
META,2025-05-06 13:30:00+00:00,592.530029296875,596.030029296875,586.5800170898438,587.3099975585938,10600700,2025-05-06
META,2025-05-07 13:30:00+00:00,590.3599853515625,603.0800170898438,586.6699829101562,596.8099975585938,13139100,2025-05-07
META,2025-05-08 13:30:00+00:00,606.2899780273438,611.2999877929688,596.6199951171875,598.010009765625,14622800,2025-05-08
META,2025-05-09 13:30:00+00:00,603.719970703125,606.969970703125,591.7100219726562,592.489990234375,10427300,2025-05-09
META,2025-05-12 13:30:00+00:00,630.9199829101562,640.3900146484375,621.030029296875,639.4299926757812,21965100,2025-05-12
META,2025-05-13 13:30:00+00:00,645.5399780273438,660.9199829101562,642.8300170898438,656.030029296875,18570800,2025-05-13
META,2025-05-14 13:30:00+00:00,661.2100219726562,662.6699829101562,654.3099975585938,659.3599853515625,12348200,2025-05-14
META,2025-05-15 13:30:00+00:00,654.280029296875,657.3099975585938,638.5800170898438,643.8800048828125,14341800,2025-05-15
META,2025-05-16 13:30:00+00:00,637.9600219726562,640.4400024414062,626.1500244140625,640.3400268554688,18519000,2025-05-16
META,2025-05-19 13:30:00+00:00,628.25,643.0,627.7999877929688,640.4299926757812,9592400,2025-05-19
META,2025-05-20 13:30:00+00:00,636.010009765625,639.3499755859375,632.260009765625,637.0999755859375,6743500,2025-05-20
META,2025-05-21 13:30:00+00:00,631.7899780273438,646.6099853515625,630.1699829101562,635.5,11464600,2025-05-21
META,2025-05-22 13:30:00+00:00,634.0499877929688,643.25,630.7100219726562,636.5700073242188,8228400,2025-05-22
META,2025-05-23 13:30:00+00:00,624.0,632.4500122070312,622.6500244140625,627.0599975585938,8454100,2025-05-23
META,2025-05-27 13:30:00+00:00,635.4099731445312,643.0800170898438,632.75,642.3200073242188,9508400,2025-05-27
META,2025-05-28 13:30:00+00:00,642.5999755859375,650.8800048828125,642.5499877929688,643.5800170898438,9042900,2025-05-28
META,2025-05-29 13:30:00+00:00,651.6500244140625,653.3200073242188,639.5,645.0499877929688,8858800,2025-05-29
META,2025-05-30 13:30:00+00:00,642.5,649.4099731445312,632.780029296875,647.489990234375,16241000,2025-05-30
META,2025-06-02 13:30:00+00:00,644.3900146484375,673.260009765625,644.260009765625,670.9000244140625,15766300,2025-06-02
META,2025-06-03 13:30:00+00:00,671.4500122070312,675.5800170898438,665.030029296875,666.8499755859375,11585000,2025-06-03
META,2025-06-04 13:30:00+00:00,669.3200073242188,689.0,668.5700073242188,687.9500122070312,14031900,2025-06-04
META,2025-06-05 13:30:00+00:00,691.6599731445312,694.3800048828125,682.25,684.6199951171875,13083100,2025-06-05
META,2025-06-06 13:30:00+00:00,696.1699829101562,702.8099975585938,691.8699951171875,697.7100219726562,11728000,2025-06-06
META,2025-06-09 13:30:00+00:00,698.4600219726562,705.1900024414062,693.9400024414062,694.0599975585938,12773200,2025-06-09
META,2025-06-10 13:30:00+00:00,701.3499755859375,703.22998046875,691.5599975585938,702.4000244140625,10850100,2025-06-10
META,2025-06-11 13:30:00+00:00,703.7100219726562,708.8699951171875,691.989990234375,694.1400146484375,9582500,2025-06-11
META,2025-06-12 13:30:00+00:00,693.2999877929688,695.3800048828125,687.0,693.3599853515625,7322700,2025-06-12
META,2025-06-13 13:30:00+00:00,687.9500122070312,694.5700073242188,681.010009765625,682.8699951171875,9274400,2025-06-13
META,2025-06-16 13:30:00+00:00,699.3300170898438,707.1500244140625,693.510009765625,702.1199951171875,13720300,2025-06-16
META,2025-06-17 13:30:00+00:00,702.0,705.969970703125,696.0599975585938,697.22998046875,10066100,2025-06-17
META,2025-06-18 13:30:00+00:00,698.1799926757812,701.5900268554688,694.9000244140625,695.77001953125,10068300,2025-06-18
META,2025-06-20 13:30:00+00:00,700.75,701.8200073242188,678.6699829101562,682.3499755859375,22538600,2025-06-20
META,2025-06-23 13:30:00+00:00,683.6900024414062,699.0499877929688,678.75,698.530029296875,11080100,2025-06-23
META,2025-06-24 13:30:00+00:00,704.8900146484375,713.1900024414062,702.1099853515625,712.2000122070312,13823200,2025-06-24
META,2025-06-25 13:30:00+00:00,713.3200073242188,716.5800170898438,705.3800048828125,708.6799926757812,9320400,2025-06-25
META,2025-06-26 13:30:00+00:00,714.3599853515625,728.219970703125,711.0499877929688,726.0900268554688,13964800,2025-06-26
META,2025-06-27 13:30:00+00:00,726.52001953125,735.4299926757812,725.8599853515625,733.6300048828125,18775700,2025-06-27
META,2025-06-30 13:30:00+00:00,744.5499877929688,747.9000244140625,734.25,738.0900268554688,15402100,2025-06-30
META,2025-07-01 13:30:00+00:00,736.8800048828125,737.75,715.3699951171875,719.219970703125,13431200,2025-07-01
META,2025-07-02 13:30:00+00:00,715.3300170898438,720.2999877929688,712.7999877929688,713.5700073242188,9336700,2025-07-02
META,2025-07-03 13:30:00+00:00,726.6099853515625,729.030029296875,714.4199829101562,719.010009765625,8601700,2025-07-03
META,2025-07-07 13:30:00+00:00,717.5999755859375,727.0,713.510009765625,718.3499755859375,9457100,2025-07-07
META,2025-07-08 13:30:00+00:00,721.5700073242188,722.9099731445312,714.8099975585938,720.6699829101562,7770700,2025-07-08
META,2025-07-09 13:30:00+00:00,722.719970703125,737.530029296875,722.719970703125,732.780029296875,11418000,2025-07-09
META,2025-07-10 13:30:00+00:00,731.5499877929688,735.7999877929688,719.5999755859375,727.239990234375,9913600,2025-07-10
META,2025-07-11 13:30:00+00:00,722.5,725.1599731445312,709.7000122070312,717.510009765625,10873900,2025-07-11
META,2025-07-14 13:30:00+00:00,717.5999755859375,728.0,716.5499877929688,720.9199829101562,8939400,2025-07-14
META,2025-07-15 13:30:00+00:00,723.9000244140625,724.469970703125,709.8200073242188,710.3900146484375,11529500,2025-07-15
META,2025-07-16 13:30:00+00:00,713.3699951171875,713.969970703125,699.27001953125,702.9099731445312,13067600,2025-07-16
META,2025-07-17 13:30:00+00:00,704.3900146484375,705.9000244140625,697.1099853515625,701.4099731445312,11803300,2025-07-17
META,2025-07-18 13:30:00+00:00,702.1900024414062,704.7100219726562,691.6500244140625,704.280029296875,12779800,2025-07-18
META,2025-07-21 13:30:00+00:00,706.7999877929688,717.0,705.760009765625,712.969970703125,9404400,2025-07-21
META,2025-07-22 13:30:00+00:00,716.1900024414062,716.5999755859375,701.4099731445312,704.8099975585938,8921100,2025-07-22
META,2025-07-23 13:30:00+00:00,706.3699951171875,714.6300048828125,704.9299926757812,713.5800170898438,8771600,2025-07-23
META,2025-07-24 13:30:00+00:00,717.0499877929688,723.6199951171875,714.0,714.7999877929688,10920800,2025-07-24
META,2025-07-25 13:30:00+00:00,716.9199829101562,720.6500244140625,711.9000244140625,712.6799926757812,8271700,2025-07-25
META,2025-07-28 13:30:00+00:00,715.2000122070312,724.739990234375,712.6799926757812,717.6300048828125,8715700,2025-07-28
META,2025-07-29 13:30:00+00:00,720.0,724.469970703125,699.9099731445312,700.0,13267000,2025-07-29
META,2025-07-30 13:30:00+00:00,708.0900268554688,708.5,691.2000122070312,695.2100219726562,27077300,2025-07-30
META,2025-07-31 13:30:00+00:00,775.2000122070312,784.75,765.510009765625,773.4400024414062,38831100,2025-07-31
META,2025-08-01 13:30:00+00:00,760.72998046875,766.0,745.3099975585938,750.010009765625,19028700,2025-08-01
META,2025-08-04 13:30:00+00:00,760.0,776.8499755859375,758.4099731445312,776.3699951171875,15801700,2025-08-04
META,2025-08-05 13:30:00+00:00,776.4500122070312,783.1300048828125,763.0,763.4600219726562,11640300,2025-08-05
META,2025-08-06 13:30:00+00:00,770.0,773.6400146484375,760.4600219726562,771.989990234375,9733900,2025-08-06
META,2025-08-07 13:30:00+00:00,773.489990234375,775.0,759.5499877929688,761.8300170898438,9019700,2025-08-07
META,2025-08-08 13:30:00+00:00,762.75,769.9000244140625,758.5800170898438,769.2999877929688,7320800,2025-08-08
META,2025-08-11 13:30:00+00:00,770.0800170898438,773.4600219726562,764.6699829101562,765.8699951171875,7612000,2025-08-11
META,2025-08-12 13:30:00+00:00,773.0,793.6699829101562,772.4299926757812,790.0,14563100,2025-08-12
META,2025-08-13 13:30:00+00:00,791.1500244140625,795.4600219726562,778.22998046875,780.0800170898438,8811800,2025-08-13
META,2025-08-14 13:30:00+00:00,777.8800048828125,787.8099975585938,772.510009765625,782.1300048828125,8116200,2025-08-14
META,2025-08-15 13:30:00+00:00,784.1500244140625,796.25,780.8200073242188,785.22998046875,13375400,2025-08-15
META,2025-08-18 13:30:00+00:00,775.0900268554688,775.8099975585938,756.5599975585938,767.3699951171875,16513700,2025-08-18
META,2025-08-19 13:30:00+00:00,767.1199951171875,767.1699829101562,749.3599853515625,751.47998046875,12286700,2025-08-19
META,2025-08-20 13:30:00+00:00,747.5700073242188,750.2000122070312,731.0,747.719970703125,11898200,2025-08-20
META,2025-08-21 13:30:00+00:00,744.7100219726562,745.5,733.1099853515625,739.0999755859375,8876300,2025-08-21
META,2025-08-22 13:30:00+00:00,739.22998046875,756.9000244140625,734.3900146484375,754.7899780273438,10612700,2025-08-22
META,2025-08-25 13:30:00+00:00,754.8200073242188,758.8800048828125,750.1300048828125,753.2999877929688,6861200,2025-08-25
META,2025-08-26 13:30:00+00:00,750.7999877929688,754.8699951171875,747.9400024414062,754.0999755859375,7601800,2025-08-26
META,2025-08-27 13:30:00+00:00,752.2999877929688,754.1500244140625,742.8400268554688,747.3800048828125,8315400,2025-08-27
META,2025-08-28 13:30:00+00:00,744.0,753.0499877929688,740.7999877929688,751.1099853515625,7468000,2025-08-28
META,2025-08-29 13:30:00+00:00,745.280029296875,747.1400146484375,735.3499755859375,738.7000122070312,9070500,2025-08-29
META,2025-09-02 13:30:00+00:00,726.0399780273438,736.0,721.72998046875,735.1099853515625,9350900,2025-09-02
META,2025-09-03 13:30:00+00:00,736.0,740.25,733.989990234375,737.0499877929688,7699300,2025-09-03
META,2025-09-04 13:30:00+00:00,748.5700073242188,761.1599731445312,745.8200073242188,748.6500244140625,11439100,2025-09-04
META,2025-09-05 13:30:00+00:00,752.6199951171875,757.9500122070312,745.030029296875,752.4500122070312,9663400,2025-09-05
META,2025-09-08 13:30:00+00:00,756.0,766.510009765625,752.02001953125,752.2999877929688,13087800,2025-09-08
META,2025-09-09 13:30:00+00:00,757.489990234375,766.2999877929688,753.4299926757812,765.7000122070312,10999000,2025-09-09
META,2025-09-10 13:30:00+00:00,765.1300048828125,765.7000122070312,751.0,751.97998046875,12478300,2025-09-10
META,2025-09-11 13:30:00+00:00,754.6500244140625,757.0999755859375,748.3699951171875,750.9000244140625,7923300,2025-09-11
META,2025-09-12 13:30:00+00:00,748.72998046875,757.5700073242188,743.760009765625,755.5900268554688,8248600,2025-09-12
META,2025-09-15 13:30:00+00:00,757.469970703125,774.0700073242188,751.989990234375,764.7000122070312,10533800,2025-09-15
META,2025-09-16 13:30:00+00:00,767.0,781.3599853515625,765.0999755859375,779.0,11782500,2025-09-16
META,2025-09-17 13:30:00+00:00,779.989990234375,783.2899780273438,766.3099975585938,775.719970703125,9400900,2025-09-17
META,2025-09-18 13:30:00+00:00,780.75,788.780029296875,773.3599853515625,780.25,10955000,2025-09-18
META,2025-09-19 13:30:00+00:00,786.4199829101562,790.7999877929688,769.1900024414062,778.3800048828125,23696800,2025-09-19
META,2025-09-22 13:30:00+00:00,781.8499755859375,785.72998046875,764.469970703125,765.1599731445312,11706900,2025-09-22
META,2025-09-23 13:30:00+00:00,769.25,770.5999755859375,751.0700073242188,755.4000244140625,10872600,2025-09-23
META,2025-09-24 13:30:00+00:00,757.5,761.1099853515625,752.530029296875,760.6599731445312,8828200,2025-09-24
META,2025-09-25 13:30:00+00:00,753.4500122070312,756.77001953125,744.5499877929688,748.9099731445312,10591100,2025-09-25
META,2025-09-26 13:30:00+00:00,750.0,751.9299926757812,737.3499755859375,743.75,9696300,2025-09-26
META,2025-09-29 13:30:00+00:00,748.719970703125,750.780029296875,739.1500244140625,743.4000244140625,9246800,2025-09-29
META,2025-09-30 13:30:00+00:00,742.25,742.969970703125,726.2999877929688,734.3800048828125,16226800,2025-09-30
META,2025-10-01 13:30:00+00:00,721.489990234375,721.8499755859375,710.2000122070312,717.3400268554688,20419600,2025-10-01
META,2025-10-02 13:30:00+00:00,722.5800170898438,727.77001953125,718.1400146484375,727.0499877929688,11415300,2025-10-02
META,2025-10-03 13:30:00+00:00,729.6300048828125,731.0,710.1799926757812,710.5599975585938,16154300,2025-10-03
META,2025-10-06 13:30:00+00:00,705.1900024414062,716.8800048828125,690.510009765625,715.6599731445312,21654700,2025-10-06
META,2025-10-07 13:30:00+00:00,717.719970703125,718.5,705.75,713.0800170898438,12062900,2025-10-07
META,2025-10-08 13:30:00+00:00,713.4500122070312,719.6500244140625,707.8099975585938,717.8400268554688,10790600,2025-10-08
META,2025-10-09 13:30:00+00:00,718.280029296875,733.510009765625,712.4400024414062,733.510009765625,12717200,2025-10-09
META,2025-10-10 13:30:00+00:00,730.9199829101562,735.27001953125,704.510009765625,705.2999877929688,16980100,2025-10-10
META,2025-10-13 13:30:00+00:00,713.010009765625,719.9400024414062,707.6400146484375,715.7000122070312,9251800,2025-10-13
META,2025-10-14 13:30:00+00:00,707.780029296875,715.5499877929688,699.3300170898438,708.6500244140625,8829800,2025-10-14
META,2025-10-15 13:30:00+00:00,717.0599975585938,723.9000244140625,709.510009765625,717.5499877929688,10246800,2025-10-15
META,2025-10-16 13:30:00+00:00,717.5499877929688,725.489990234375,703.8800048828125,712.0700073242188,9017000,2025-10-16
META,2025-10-17 13:30:00+00:00,707.0800170898438,718.5399780273438,706.1199951171875,716.9199829101562,12232400,2025-10-17
META,2025-10-20 13:30:00+00:00,721.1900024414062,733.77001953125,720.1799926757812,732.1699829101562,8900200,2025-10-20
META,2025-10-21 13:30:00+00:00,736.02001953125,738.5,728.75,733.27001953125,7647300,2025-10-21
META,2025-10-22 13:30:00+00:00,733.8300170898438,740.5999755859375,724.030029296875,733.4099731445312,8734500,2025-10-22
META,2025-10-23 13:30:00+00:00,734.7000122070312,742.4099731445312,733.0999755859375,734.0,9856000,2025-10-23
META,2025-10-24 13:30:00+00:00,736.7899780273438,741.2100219726562,731.1500244140625,738.3599853515625,9151300,2025-10-24
META,2025-10-27 13:30:00+00:00,749.72998046875,755.75,748.010009765625,750.8200073242188,11321100,2025-10-27
META,2025-10-28 13:30:00+00:00,752.6300048828125,758.4000244140625,745.52001953125,751.4400024414062,12193800,2025-10-28
META,2025-10-29 13:30:00+00:00,754.75,759.1599731445312,742.510009765625,751.6699829101562,26818600,2025-10-29
META,2025-10-30 13:30:00+00:00,669.1500244140625,680.9600219726562,650.1699829101562,666.469970703125,88440100,2025-10-30
META,2025-10-31 13:30:00+00:00,674.510009765625,674.8900146484375,645.5700073242188,648.3499755859375,56953200,2025-10-31
META,2025-11-03 14:30:00+00:00,656.0,659.3300170898438,636.1799926757812,637.7100219726562,33003600,2025-11-03
META,2025-11-04 14:30:00+00:00,628.0399780273438,641.739990234375,626.010009765625,627.3200073242188,27356600,2025-11-04
META,2025-11-05 14:30:00+00:00,632.3099975585938,642.22998046875,626.5399780273438,635.9500122070312,20219900,2025-11-05
META,2025-11-06 14:30:00+00:00,635.8499755859375,636.0,618.0,618.9400024414062,23628800,2025-11-06
META,2025-11-07 14:30:00+00:00,616.489990234375,622.1300048828125,601.2000122070312,621.7100219726562,29946800,2025-11-07
META,2025-11-10 14:30:00+00:00,631.0900268554688,635.0,618.1099853515625,631.760009765625,19245000,2025-11-10
META,2025-11-11 14:30:00+00:00,628.0,629.5599975585938,619.3900146484375,627.0800170898438,13302200,2025-11-11
META,2025-11-12 14:30:00+00:00,628.1300048828125,628.989990234375,607.77001953125,609.010009765625,24493300,2025-11-12
META,2025-11-13 14:30:00+00:00,613.0700073242188,617.6500244140625,603.0,609.8900146484375,20973800,2025-11-13
META,2025-11-14 14:30:00+00:00,601.7899780273438,613.6799926757812,595.2000122070312,609.4600219726562,20724100,2025-11-14
META,2025-11-17 14:30:00+00:00,609.0399780273438,611.6900024414062,595.4000244140625,602.010009765625,16501300,2025-11-17
META,2025-11-18 14:30:00+00:00,591.5999755859375,603.6599731445312,583.780029296875,597.6900024414062,25500600,2025-11-18
META,2025-11-19 14:30:00+00:00,593.719970703125,595.3300170898438,581.25,590.3200073242188,24744700,2025-11-19
META,2025-11-20 14:30:00+00:00,603.5,606.719970703125,583.3499755859375,589.1500244140625,20603000,2025-11-20
META,2025-11-21 14:30:00+00:00,588.5,598.1199951171875,581.8599853515625,594.25,21052600,2025-11-21
META,2025-11-24 14:30:00+00:00,598.719970703125,616.7000122070312,597.6300048828125,613.0499877929688,23554900,2025-11-24
META,2025-11-25 14:30:00+00:00,624.0,637.0499877929688,618.2999877929688,636.219970703125,25213000,2025-11-25
META,2025-11-26 14:30:00+00:00,637.6900024414062,638.3599853515625,631.6300048828125,633.6099853515625,15209500,2025-11-26
META,2025-11-28 14:30:00+00:00,636.0800170898438,648.0499877929688,635.5,647.9500122070312,11033200,2025-11-28
META,2025-12-01 14:30:00+00:00,639.5499877929688,645.3200073242188,637.760009765625,640.8699951171875,13029900,2025-12-01
META,2025-12-02 14:30:00+00:00,642.3400268554688,647.8699951171875,638.0700073242188,647.0999755859375,11640900,2025-12-02
META,2025-12-03 14:30:00+00:00,644.4099731445312,648.8499755859375,637.5499877929688,639.5999755859375,11134300,2025-12-03
META,2025-12-04 14:30:00+00:00,676.0,676.0999755859375,660.0499877929688,661.530029296875,29874600,2025-12-04
META,2025-12-05 14:30:00+00:00,664.0,674.6900024414062,662.3900146484375,673.4199829101562,21207900,2025-12-05
META,2025-12-08 14:30:00+00:00,669.3400268554688,676.7100219726562,665.0700073242188,666.7999877929688,13161000,2025-12-08
META,2025-12-09 14:30:00+00:00,663.77001953125,664.47998046875,653.3400268554688,656.9600219726562,12997100,2025-12-09
META,2025-12-10 14:30:00+00:00,649.9500122070312,654.510009765625,643.4000244140625,650.1300048828125,16910900,2025-12-10
META,2025-12-11 14:30:00+00:00,643.2899780273438,655.280029296875,640.7999877929688,652.7100219726562,13056700,2025-12-11
META,2025-12-12 14:30:00+00:00,649.7999877929688,711.0,638.6099853515625,644.22998046875,14016900,2025-12-12
META,2025-12-15 14:30:00+00:00,645.7000122070312,653.0,638.7000122070312,647.510009765625,15549100,2025-12-15
META,2025-12-16 14:30:00+00:00,643.5,662.5399780273438,643.2000122070312,657.1500244140625,14309100,2025-12-16
META,2025-12-17 14:30:00+00:00,655.6099853515625,661.22998046875,649.2000122070312,649.5,15598500,2025-12-17
META,2025-12-18 14:30:00+00:00,657.030029296875,670.5599975585938,656.4600219726562,664.4500122070312,20260300,2025-12-18
META,2025-12-19 14:30:00+00:00,666.4199829101562,671.0,658.1799926757812,658.77001953125,49977100,2025-12-19
META,2025-12-22 14:30:00+00:00,661.6500244140625,673.5800170898438,656.6500244140625,661.5,15659400,2025-12-22
META,2025-12-23 14:30:00+00:00,660.0499877929688,666.0,658.25,664.9400024414062,8486800,2025-12-23
META,2025-12-24 14:30:00+00:00,662.530029296875,668.1799926757812,662.2000122070312,667.5499877929688,5627500,2025-12-24
META,2025-12-26 14:30:00+00:00,668.0599975585938,668.9500122070312,661.3200073242188,663.2899780273438,7133800,2025-12-26
META,2025-12-29 14:30:00+00:00,658.010009765625,660.25,654.3900146484375,658.6900024414062,8506500,2025-12-29
META,2025-12-30 14:30:00+00:00,658.6900024414062,672.219970703125,657.8400268554688,665.9500122070312,9187500,2025-12-30
META,2025-12-31 14:30:00+00:00,664.75,665.0,659.4400024414062,660.0900268554688,7940400,2025-12-31
META,2026-01-02 14:30:00+00:00,662.72998046875,664.3900146484375,643.5,650.4099731445312,13726500,2026-01-02
META,2026-01-05 14:30:00+00:00,651.010009765625,664.5399780273438,647.75,658.7899780273438,12213700,2026-01-05
META,2026-01-06 14:30:00+00:00,659.5700073242188,665.52001953125,651.9000244140625,660.6199951171875,11074400,2026-01-06
META,2026-01-07 14:30:00+00:00,655.6400146484375,659.1500244140625,644.8099975585938,648.6900024414062,12846300,2026-01-07
META,2026-01-08 14:30:00+00:00,645.8800048828125,647.0999755859375,635.719970703125,646.0599975585938,11921700,2026-01-08
META,2026-01-09 14:30:00+00:00,645.4400024414062,654.9500122070312,642.8499755859375,653.0599975585938,11634900,2026-01-09
META,2026-01-12 14:30:00+00:00,652.530029296875,653.969970703125,641.22998046875,641.969970703125,14797200,2026-01-12
META,2026-01-13 14:30:00+00:00,642.27001953125,642.27001953125,624.0999755859375,631.0900268554688,18030400,2026-01-13
META,2026-01-14 14:30:00+00:00,626.5,628.4500122070312,614.8200073242188,615.52001953125,15527900,2026-01-14
META,2026-01-15 14:30:00+00:00,618.47998046875,624.1699829101562,614.22998046875,620.7999877929688,13076100,2026-01-15
META,2026-01-16 14:30:00+00:00,624.1799926757812,629.0800170898438,620.0800170898438,620.25,17012500,2026-01-16
META,2026-01-20 14:30:00+00:00,607.8800048828125,611.4000244140625,600.0,604.1199951171875,15169600,2026-01-20
META,2026-01-21 14:30:00+00:00,606.739990234375,618.27001953125,600.0800170898438,612.9600219726562,14494700,2026-01-21
META,2026-01-22 14:30:00+00:00,629.3499755859375,660.5700073242188,626.5499877929688,647.6300048828125,21394700,2026-01-22
META,2026-01-23 14:30:00+00:00,644.77001953125,666.489990234375,644.4500122070312,658.760009765625,22797700,2026-01-23
META,2026-01-26 14:30:00+00:00,665.1300048828125,675.280029296875,661.2899780273438,672.3599853515625,16327400,2026-01-26
META,2026-01-27 14:30:00+00:00,674.5900268554688,676.8200073242188,664.6599731445312,672.969970703125,13297400,2026-01-27
META,2026-01-28 14:30:00+00:00,674.5,677.6799926757812,666.0999755859375,668.72998046875,25709600,2026-01-28
META,2026-01-29 14:30:00+00:00,737.4299926757812,744.0,712.5499877929688,738.3099975585938,59852900,2026-01-29
META,2026-01-30 14:30:00+00:00,727.5,732.1699829101562,713.5900268554688,716.5,23744600,2026-01-30
META,2026-02-02 14:30:00+00:00,714.5999755859375,721.2999877929688,703.52001953125,706.4099731445312,14365200,2026-02-02
META,2026-02-03 14:30:00+00:00,707.3699951171875,717.0,686.4099731445312,691.7000122070312,13760700,2026-02-03
META,2026-02-04 14:30:00+00:00,687.72998046875,688.8300170898438,667.4600219726562,668.989990234375,16882800,2026-02-04
META,2026-02-05 14:30:00+00:00,663.5800170898438,681.5,653.5,670.2100219726562,17131800,2026-02-05
META,2026-02-06 14:30:00+00:00,665.489990234375,671.989990234375,646.5,661.4600219726562,18159300,2026-02-06
META,2026-02-09 14:30:00+00:00,663.1799926757812,683.3099975585938,658.780029296875,677.219970703125,14837500,2026-02-09
META,2026-02-10 14:30:00+00:00,677.5999755859375,680.6500244140625,669.7899780273438,670.719970703125,10455800,2026-02-10
META,2026-02-11 14:30:00+00:00,674.0,679.27001953125,657.0999755859375,668.6900024414062,14323800,2026-02-11
META,2026-02-12 14:30:00+00:00,669.969970703125,676.0,645.280029296875,649.8099975585938,14960100,2026-02-12
META,2026-02-13 14:30:00+00:00,645.0999755859375,651.4299926757812,634.5700073242188,639.77001953125,12336400,2026-02-13
META,2026-02-17 14:30:00+00:00,639.5,642.5999755859375,628.7999877929688,639.2899780273438,12674700,2026-02-17
META,2026-02-18 14:30:00+00:00,633.7999877929688,645.0,628.1500244140625,643.219970703125,14649200,2026-02-18
META,2026-02-19 14:30:00+00:00,638.5700073242188,647.1900024414062,636.719970703125,644.780029296875,10035700,2026-02-19
META,2026-02-20 14:30:00+00:00,639.6900024414062,663.3499755859375,638.780029296875,655.6599731445312,14183500,2026-02-20
META,2026-02-23 14:30:00+00:00,652.5399780273438,657.7000122070312,636.0,637.25,8605900,2026-02-23
META,2026-02-24 14:30:00+00:00,633.0800170898438,641.1099853515625,628.97998046875,639.2999877929688,10135600,2026-02-24
META,2026-02-25 14:30:00+00:00,642.530029296875,653.8800048828125,642.1400146484375,653.6900024414062,11330700,2026-02-25
META,2026-02-26 14:30:00+00:00,650.5499877929688,661.0,647.5,657.010009765625,10637700,2026-02-26
META,2026-02-27 14:30:00+00:00,643.4500122070312,649.4400024414062,638.1199951171875,648.1799926757812,15703000,2026-02-27
META,2026-03-02 14:30:00+00:00,637.1599731445312,659.9400024414062,634.5,653.5599975585938,9816100,2026-03-02
META,2026-03-03 14:30:00+00:00,648.2899780273438,659.0399780273438,638.8400268554688,655.0800170898438,12263800,2026-03-03
META,2026-03-04 14:30:00+00:00,657.9600219726562,672.77001953125,657.6699829101562,667.72998046875,10810100,2026-03-04
META,2026-03-05 14:30:00+00:00,661.9299926757812,670.7000122070312,650.3099975585938,660.5700073242188,13341400,2026-03-05
META,2026-03-06 14:30:00+00:00,647.9000244140625,649.469970703125,636.1099853515625,644.8599853515625,13159400,2026-03-06
META,2026-03-09 13:30:00+00:00,634.780029296875,647.75,626.780029296875,647.3900146484375,13489700,2026-03-09
META,2026-03-10 13:30:00+00:00,653.5599975585938,660.2999877929688,649.0,654.0700073242188,9859300,2026-03-10
META,2026-03-11 13:30:00+00:00,654.760009765625,659.1199951171875,648.3599853515625,654.8599853515625,8977200,2026-03-11
META,2026-03-12 13:30:00+00:00,648.75,653.5,636.9000244140625,638.1799926757812,11617500,2026-03-12
META,2026-03-13 13:30:00+00:00,623.8900146484375,629.1699829101562,609.5499877929688,613.7100219726562,18957600,2026-03-13
META,2026-03-16 13:30:00+00:00,632.0,634.75,623.0999755859375,627.4500122070312,15134900,2026-03-16
META,2026-03-17 13:30:00+00:00,627.989990234375,636.5499877929688,621.7000122070312,622.6599731445312,10348800,2026-03-17
META,2026-03-18 13:30:00+00:00,616.3400268554688,622.6500244140625,614.6099853515625,615.6799926757812,11726300,2026-03-18
META,2026-03-19 13:30:00+00:00,612.1500244140625,613.0,602.260009765625,606.7000122070312,13247700,2026-03-19
META,2026-03-20 13:30:00+00:00,603.530029296875,603.9600219726562,587.25,593.6599731445312,21214900,2026-03-20
META,2026-03-23 13:30:00+00:00,605.7899780273438,608.6400146484375,599.010009765625,604.0599975585938,13638000,2026-03-23
META,2026-03-24 13:30:00+00:00,599.0999755859375,601.0,591.0,592.9199829101562,10739700,2026-03-24
META,2026-03-25 13:30:00+00:00,598.739990234375,603.6699829101562,593.4000244140625,594.8900146484375,12585000,2026-03-25
META,2026-03-26 13:30:00+00:00,582.489990234375,583.0,543.3499755859375,547.5399780273438,35780100,2026-03-26
META,2026-03-27 13:30:00+00:00,540.0999755859375,543.5999755859375,520.260009765625,525.719970703125,30133000,2026-03-27
META,2026-03-30 13:30:00+00:00,536.3800048828125,539.5499877929688,528.5399780273438,536.3800048828125,22795200,2026-03-30
META,2026-03-31 13:30:00+00:00,549.97998046875,573.6900024414062,546.77001953125,572.1300048828125,32898300,2026-03-31
META,2026-04-01 13:30:00+00:00,580.1300048828125,592.5499877929688,573.8200073242188,579.22998046875,23608100,2026-04-01
META,2026-04-02 13:30:00+00:00,566.0399780273438,578.5,559.7000122070312,574.4600219726562,13518500,2026-04-02
META,2026-04-06 13:30:00+00:00,577.6900024414062,582.7899780273438,572.0,573.02001953125,9515700,2026-04-06
META,2026-04-07 13:30:00+00:00,572.47998046875,575.22998046875,564.760009765625,575.0499877929688,9580800,2026-04-07
META,2026-04-08 13:30:00+00:00,606.0,629.9500122070312,591.8300170898438,612.4199829101562,32036600,2026-04-08
META,2026-04-09 13:30:00+00:00,626.969970703125,637.5,623.0,628.3900146484375,19012900,2026-04-09
META,2026-04-10 13:30:00+00:00,634.469970703125,638.5800170898438,624.3300170898438,629.8599853515625,13294800,2026-04-10
META,2026-04-13 13:30:00+00:00,629.5,635.0,624.4000244140625,634.530029296875,9538900,2026-04-13
META,2026-04-14 13:30:00+00:00,643.219970703125,666.260009765625,639.3699951171875,662.489990234375,17818000,2026-04-14
META,2026-04-15 13:30:00+00:00,667.0,678.5,664.219970703125,671.5800170898438,14952600,2026-04-15
META,2026-04-16 13:30:00+00:00,675.989990234375,677.5800170898438,667.75,676.8699951171875,9544800,2026-04-16
META,2026-04-17 13:30:00+00:00,678.5999755859375,691.52001953125,675.1300048828125,688.5499877929688,16283500,2026-04-17
META,2026-04-20 13:30:00+00:00,681.3599853515625,683.3800048828125,668.0,670.9099731445312,12534000,2026-04-20
META,2026-04-21 13:30:00+00:00,671.0,676.2000122070312,667.3300170898438,668.8400268554688,8660100,2026-04-21
META,2026-04-22 13:30:00+00:00,674.3599853515625,678.3800048828125,669.75,674.719970703125,9215600,2026-04-22
META,2026-04-23 13:30:00+00:00,663.7000122070312,669.5599975585938,653.0499877929688,659.1500244140625,11667000,2026-04-23
META,2026-04-24 13:30:00+00:00,660.3200073242188,680.6699829101562,653.8400268554688,675.030029296875,13348300,2026-04-24
META,2026-04-27 13:30:00+00:00,671.0,682.5,670.8400268554688,678.6199951171875,12805200,2026-04-27
META,2026-04-28 13:30:00+00:00,674.239990234375,678.1799926757812,665.6300048828125,671.3400268554688,10606800,2026-04-28
META,2026-04-29 13:30:00+00:00,668.9099731445312,674.25,663.8099975585938,669.1199951171875,18947500,2026-04-29
META,2026-04-30 13:30:00+00:00,619.3200073242188,620.8499755859375,600.0,611.9099731445312,52765000,2026-04-30
META,2026-05-01 13:30:00+00:00,614.6900024414062,618.8800048828125,606.1099853515625,608.75,21404000,2026-05-01
META,2026-05-04 13:30:00+00:00,607.9400024414062,614.0,602.75,610.4099731445312,16203900,2026-05-04
META,2026-05-05 13:30:00+00:00,613.3099975585938,614.3499755859375,600.3599853515625,604.9600219726562,17171300,2026-05-05
META,2026-05-06 13:30:00+00:00,601.0499877929688,619.9500122070312,598.0999755859375,612.8800048828125,19915500,2026-05-06
META,2026-05-07 13:30:00+00:00,614.719970703125,624.97998046875,613.5399780273438,616.8099975585938,12307400,2026-05-07
META,2026-05-08 13:30:00+00:00,615.2000122070312,616.77001953125,606.0599975585938,609.6300048828125,13557000,2026-05-08
META,2026-05-11 13:30:00+00:00,604.5700073242188,604.9099731445312,598.0800170898438,598.8599853515625,15940600,2026-05-11
META,2026-05-12 13:30:00+00:00,594.8200073242188,603.75,592.5999755859375,603.0,11351600,2026-05-12
META,2026-05-13 13:30:00+00:00,598.8300170898438,619.9000244140625,596.6599731445312,616.6300048828125,14634400,2026-05-13
META,2026-05-14 13:30:00+00:00,616.0,623.72998046875,615.0,618.4299926757812,10651200,2026-05-14
META,2026-05-15 13:30:00+00:00,613.989990234375,621.2000122070312,609.3099975585938,614.22998046875,13272600,2026-05-15
META,2026-05-18 13:30:00+00:00,609.1099853515625,615.5900268554688,603.6900024414062,611.2100219726562,13772400,2026-05-18
META,2026-05-19 13:30:00+00:00,608.9199829101562,613.9299926757812,600.5499877929688,602.6099853515625,11749900,2026-05-19
META,2026-05-20 13:30:00+00:00,600.760009765625,608.0,597.8099975585938,605.0599975585938,11329700,2026-05-20
META,2026-05-21 13:30:00+00:00,600.0,609.5999755859375,594.8099975585938,607.3800048828125,13476100,2026-05-21
META,2026-05-22 13:30:00+00:00,607.8800048828125,614.8099975585938,606.9500122070312,610.260009765625,11688600,2026-05-22
META,2026-05-26 13:30:00+00:00,608.8900146484375,614.469970703125,605.2999877929688,612.3400268554688,12234200,2026-05-26
META,2026-05-27 13:30:00+00:00,609.4000244140625,638.5,609.0,635.260009765625,23143600,2026-05-27
META,2026-05-28 13:30:00+00:00,639.5,643.0,629.3099975585938,635.2899780273438,16772400,2026-05-28
META,2026-05-29 13:30:00+00:00,633.5,634.5,623.3499755859375,632.510009765625,19806500,2026-05-29
META,2026-06-01 13:30:00+00:00,630.4000244140625,635.75,599.530029296875,600.469970703125,29138800,2026-06-01
META,2026-06-02 13:30:00+00:00,603.239990234375,608.8800048828125,596.6799926757812,597.6300048828125,18252000,2026-06-02
META,2026-06-03 13:30:00+00:00,603.0,624.1500244140625,600.27001953125,622.97998046875,23020100,2026-06-03
META,2026-06-04 13:30:00+00:00,623.6699829101562,642.4000244140625,622.4299926757812,627.5700073242188,21469200,2026-06-04
META,2026-06-05 13:30:00+00:00,623.4600219726562,629.1500244140625,582.9099731445312,593.0,30091600,2026-06-05
META,2026-06-08 13:30:00+00:00,592.0,592.0,579.219970703125,585.3900146484375,19512400,2026-06-08
META,2026-06-09 13:30:00+00:00,591.0,597.6300048828125,581.010009765625,584.5900268554688,16977400,2026-06-09
META,2026-06-10 13:30:00+00:00,580.72998046875,591.3200073242188,570.5999755859375,570.97998046875,17064000,2026-06-10
META,2026-06-11 13:30:00+00:00,565.8300170898438,572.1699829101562,557.010009765625,568.4299926757812,17628000,2026-06-11
META,2026-06-12 13:30:00+00:00,572.9500122070312,576.0700073242188,560.9000244140625,566.97998046875,14326400,2026-06-12
META,2026-06-15 13:30:00+00:00,579.9000244140625,601.27001953125,579.2999877929688,593.47998046875,17653300,2026-06-15
META,2026-06-16 13:30:00+00:00,593.6500244140625,605.8099975585938,592.0,600.2100219726562,11344400,2026-06-16
META,2026-06-17 13:30:00+00:00,592.0,593.8099975585938,566.1900024414062,567.5800170898438,20478300,2026-06-17
META,2026-06-18 13:30:00+00:00,572.8200073242188,580.219970703125,563.0999755859375,577.219970703125,28824600,2026-06-18
META,2026-06-22 13:30:00+00:00,572.02001953125,575.8099975585938,559.8099975585938,563.8499755859375,15405500,2026-06-22
META,2026-06-23 13:30:00+00:00,562.25,572.2000122070312,561.02001953125,562.2000122070312,13103300,2026-06-23
META,2026-06-24 13:30:00+00:00,561.8900146484375,569.0399780273438,555.5499877929688,557.6699829101562,13963600,2026-06-24
META,2026-06-25 13:30:00+00:00,555.5499877929688,556.3400268554688,540.1799926757812,542.8699951171875,16968600,2026-06-25
META,2026-06-26 13:30:00+00:00,543.3400268554688,556.8499755859375,540.4000244140625,550.25,18867700,2026-06-26
META,2026-06-29 13:30:00+00:00,560.0,570.9000244140625,558.0,562.5999755859375,15011400,2026-06-29
META,2026-06-30 13:30:00+00:00,560.9400024414062,565.5399780273438,551.4299926757812,563.2899780273438,18111100,2026-06-30
META,2026-07-01 13:30:00+00:00,607.9099731445312,628.280029296875,595.0999755859375,612.9099731445312,45536300,2026-07-01
META,2026-07-02 13:30:00+00:00,607.9000244140625,610.0,580.4199829101562,582.9000244140625,21705900,2026-07-02
META,2026-07-06 13:30:00+00:00,594.8400268554688,603.5800170898438,581.760009765625,600.2899780273438,17674100,2026-07-06
META,2026-07-07 13:30:00+00:00,607.5900268554688,625.3699951171875,603.6599731445312,615.5800170898438,18560800,2026-07-07
META,2026-07-08 13:30:00+00:00,614.3900146484375,616.0,598.010009765625,603.1199951171875,13606500,2026-07-08
META,2026-07-09 13:30:00+00:00,583.989990234375,633.27001953125,577.0700073242188,631.47998046875,26579700,2026-07-09
META,2026-07-10 13:30:00+00:00,660.3400268554688,677.8599853515625,658.010009765625,669.2100219726562,40608900,2026-07-10
META,2026-07-13 13:30:00+00:00,661.3800048828125,676.6199951171875,654.2000122070312,656.72998046875,19840700,2026-07-13
META,2026-07-14 13:30:00+00:00,652.0,666.5,649.0499877929688,661.0399780273438,16748200,2026-07-14
META,2026-07-15 13:30:00+00:00,663.5999755859375,686.0800170898438,656.6599731445312,681.3099975585938,19003400,2026-07-15
META,2026-07-16 13:30:00+00:00,677.280029296875,681.9000244140625,660.1599731445312,664.5399780273438,15816000,2026-07-16
META,2026-07-17 13:30:00+00:00,647.7000122070312,652.2000122070312,626.0,646.010009765625,22267900,2026-07-17
META,2026-07-20 13:30:00+00:00,646.7000122070312,653.2999877929688,636.010009765625,645.8499755859375,10225200,2026-07-20
META,2026-07-21 13:30:00+00:00,654.1799926757812,655.8800048828125,643.2000122070312,643.8099975585938,9140500,2026-07-21
META,2026-07-22 13:30:00+00:00,647.7000122070312,649.0,624.0,627.1699829101562,11019600,2026-07-22
META,2026-07-23 13:30:00+00:00,608.4099731445312,614.6500244140625,597.219970703125,606.0999755859375,15494800,2026-07-23
META,2026-07-24 13:30:00+00:00,605.2999877929688,609.97998046875,594.4500122070312,595.1900024414062,11503500,2026-07-24
META,2026-07-27 13:30:00+00:00,607.219970703125,611.260009765625,593.1300048828125,593.8699951171875,11195300,2026-07-27
META,2026-07-28 13:30:00+00:00,596.8200073242188,601.0,587.0,593.4099731445312,12009300,2026-07-28
META,2026-07-29 13:30:00+00:00,593.25,599.969970703125,582.219970703125,585.6099853515625,22371100,2026-07-29
META,2026-07-30 13:30:00+00:00,526.0,539.8800048828125,524.489990234375,539.030029296875,42271500,2026-07-30
META,2026-07-31 13:30:00+00:00,543.5999755859375,558.3300170898438,540.219970703125,556.7100219726562,24261500,2026-07-31
META,2026-08-03 13:30:00+00:00,562.239990234375,597.52001953125,559.3599853515625,590.239990234375,25938100,2026-08-03
META,2026-08-04 13:30:00+00:00,581.5,592.7899780273438,578.25,587.9400024414062,17959200,2026-08-04
META,2026-08-05 13:30:00+00:00,600.4600219726562,601.0,580.1199951171875,588.77001953125,14897200,2026-08-05
META,2026-08-06 13:30:00+00:00,586.9500122070312,595.3099975585938,586.0,589.9000244140625,11811500,2026-08-06
META,2026-08-07 13:30:00+00:00,585.6400146484375,598.739990234375,585.6199951171875,592.0999755859375,11250300,2026-08-07
META,2026-08-10 13:30:00+00:00,599.1300048828125,608.2100219726562,592.030029296875,594.9199829101562,14967300,2026-08-10
META,2026-08-11 13:30:00+00:00,598.0,612.4299926757812,593.4000244140625,599.1199951171875,13146900,2026-08-11
META,2026-08-12 13:30:00+00:00,601.0700073242188,604.5,578.2100219726562,578.8499755859375,16186900,2026-08-12
META,2026-08-13 13:30:00+00:00,580.7100219726562,595.8499755859375,579.3900146484375,594.969970703125,11164200,2026-08-13
META,2026-08-14 13:30:00+00:00,596.97998046875,601.8599853515625,589.2899780273438,589.8499755859375,8758000,2026-08-14
META,2026-08-17 13:30:00+00:00,589.75,590.239990234375,564.75,568.969970703125,17225600,2026-08-17
META,2026-08-18 13:30:00+00:00,557.47998046875,560.6599731445312,543.2100219726562,543.6699829101562,27094900,2026-08-18
META,2026-08-19 13:30:00+00:00,541.3400268554688,554.0700073242188,537.27001953125,546.030029296875,16971700,2026-08-19
META,2026-08-20 13:30:00+00:00,546.9500122070312,549.989990234375,539.3099975585938,545.8300170898438,13872200,2026-08-20
META,2026-08-21 13:30:00+00:00,546.8900146484375,553.8699951171875,543.22998046875,549.9000244140625,13848000,2026-08-21
META,2026-08-24 13:30:00+00:00,550.2000122070312,561.4199829101562,546.2999877929688,559.02001953125,12990600,2026-08-24
META,2026-08-25 13:30:00+00:00,563.8800048828125,570.7999877929688,561.4000244140625,570.0499877929688,9769100,2026-08-25
META,2026-08-26 13:30:00+00:00,590.3099975585938,593.3400268554688,561.8800048828125,576.1400146484375,31416300,2026-08-26
META,2026-08-27 13:30:00+00:00,576.47998046875,588.3900146484375,567.6199951171875,571.0999755859375,15221400,2026-08-27
META,2026-08-28 13:30:00+00:00,571.5499877929688,589.1900024414062,571.0,578.02001953125,16042400,2026-08-28
META,2026-08-31 13:30:00+00:00,577.6300048828125,578.6799926757812,569.1400146484375,572.3400268554688,13383800,2026-08-31
META,2026-09-01 13:30:00+00:00,558.3499755859375,584.9500122070312,556.0999755859375,578.5399780273438,15796900,2026-09-01
META,2026-09-02 13:30:00+00:00,578.7899780273438,600.3800048828125,577.0,592.8499755859375,16552700,2026-09-02
META,2026-09-03 13:30:00+00:00,604.489990234375,619.4600219726562,604.3499755859375,610.6799926757812,19737100,2026-09-03
META,2026-09-04 13:30:00+00:00,612.3499755859375,617.4600219726562,605.27001953125,616.77001953125,15966200,2026-09-04
META,2026-09-08 13:30:00+00:00,616.2100219726562,624.7999877929688,609.739990234375,613.47998046875,18909700,2026-09-08
META,2026-09-09 13:30:00+00:00,648.6400146484375,657.8599853515625,638.5599975585938,653.6900024414062,35900700,2026-09-09
META,2026-09-10 13:30:00+00:00,653.7100219726562,663.5,642.1400146484375,644.3800048828125,21531900,2026-09-10
META,2026-09-11 13:30:00+00:00,653.510009765625,664.239990234375,646.2000122070312,648.030029296875,16925000,2026-09-11
META,2026-09-14 13:30:00+00:00,657.8300170898438,668.5999755859375,649.219970703125,665.5999755859375,19332300,2026-09-14
META,2026-09-15 13:30:00+00:00,659.2999877929688,678.8699951171875,656.2000122070312,670.239990234375,19502800,2026-09-15
META,2026-09-16 13:30:00+00:00,679.9099731445312,685.3099975585938,671.9099731445312,673.3099975585938,17217800,2026-09-16
META,2026-09-17 13:30:00+00:00,682.4400024414062,683.2000122070312,667.0499877929688,682.3099975585938,15928000,2026-09-17
META,2026-09-18 13:30:00+00:00,688.6199951171875,690.1500244140625,660.7999877929688,665.75,27596400,2026-09-18
META,2026-09-21 13:30:00+00:00,680.2999877929688,753.0,679.5999755859375,741.25,48720500,2026-09-21
META,2026-09-22 13:30:00+00:00,731.4000244140625,757.27001953125,730.0,736.5999755859375,28122100,2026-09-22
META,2026-09-23 13:30:00+00:00,747.5999755859375,763.9000244140625,739.510009765625,744.0999755859375,30829200,2026-09-23
META,2026-09-24 13:30:00+00:00,744.3599853515625,779.8200073242188,743.010009765625,777.5900268554688,34808500,2026-09-24
META,2026-09-25 13:30:00+00:00,768.8499755859375,769.5700073242188,746.5399780273438,751.6599731445312,25826700,2026-09-25
META,2026-09-28 13:30:00+00:00,750.0399780273438,750.5800170898438,713.1900024414062,715.6199951171875,27943100,2026-09-28
META,2026-09-29 13:30:00+00:00,725.0,740.4500122070312,715.0999755859375,738.7899780273438,23591100,2026-09-29
META,2026-09-30 13:30:00+00:00,730.27001953125,738.25,721.2999877929688,725.1799926757812,19293000,2026-09-30
META,2026-10-01 13:30:00+00:00,728.530029296875,735.8800048828125,721.510009765625,725.9299926757812,12408400,2026-10-01
META,2026-10-02 13:30:00+00:00,733.25,741.5800170898438,726.2000122070312,728.0800170898438,12944900,2026-10-02
MSTR,2024-10-03 13:30:00+00:00,163.38999938964844,165.86000061035156,157.82000732421875,163.41000366210938,8814200,2024-10-03
MSTR,2024-10-04 13:30:00+00:00,166.72000122070312,176.5500030517578,163.97000122070312,176.50999450683594,14030100,2024-10-04
MSTR,2024-10-07 13:30:00+00:00,179.7100067138672,191.99000549316406,178.8000030517578,186.08999633789062,19826000,2024-10-07
MSTR,2024-10-08 13:30:00+00:00,186.10000610351562,198.49000549316406,184.4499969482422,192.1999969482422,20984800,2024-10-08
MSTR,2024-10-09 13:30:00+00:00,189.77000427246094,198.38999938964844,185.25,188.91000366210938,13445300,2024-10-09
MSTR,2024-10-10 13:30:00+00:00,191.88999938964844,192.1999969482422,178.0,183.33999633789062,15937500,2024-10-10
MSTR,2024-10-11 13:30:00+00:00,188.5,212.80999755859375,187.41000366210938,212.58999633789062,29933800,2024-10-11
MSTR,2024-10-14 13:30:00+00:00,224.47999572753906,227.14999389648438,201.42999267578125,201.6699981689453,31736600,2024-10-14
MSTR,2024-10-15 13:30:00+00:00,206.72999572753906,211.16000366210938,189.6999969482422,194.30999755859375,23114600,2024-10-15
MSTR,2024-10-16 13:30:00+00:00,199.89999389648438,200.6199951171875,191.9600067138672,194.08999633789062,12434600,2024-10-16
MSTR,2024-10-17 13:30:00+00:00,192.8000030517578,198.8800048828125,185.80999755859375,193.4199981689453,11414300,2024-10-17
MSTR,2024-10-18 13:30:00+00:00,197.58999633789062,218.64999389648438,197.10000610351562,215.86000061035156,22814800,2024-10-18
MSTR,2024-10-21 13:30:00+00:00,214.49000549316406,223.14999389648438,208.4499969482422,219.0500030517578,18028600,2024-10-21
MSTR,2024-10-22 13:30:00+00:00,216.2100067138672,221.39999389648438,212.0800018310547,219.6999969482422,13758100,2024-10-22
MSTR,2024-10-23 13:30:00+00:00,215.0800018310547,222.85000610351562,204.91000366210938,213.9499969482422,17025500,2024-10-23
MSTR,2024-10-24 13:30:00+00:00,220.08999633789062,236.2899932861328,218.25,235.88999938964844,23221500,2024-10-24
MSTR,2024-10-25 13:30:00+00:00,236.38999938964844,245.57000732421875,227.75,234.33999633789062,25093200,2024-10-25
MSTR,2024-10-28 13:30:00+00:00,244.63999938964844,259.5,242.77000427246094,255.33999633789062,23182000,2024-10-28
MSTR,2024-10-29 13:30:00+00:00,264.25,267.8900146484375,251.24000549316406,258.239990234375,25958500,2024-10-29
MSTR,2024-10-30 13:30:00+00:00,246.5,255.8000030517578,239.0,247.30999755859375,20593300,2024-10-30
MSTR,2024-10-31 13:30:00+00:00,251.1199951171875,252.8800048828125,237.0,244.5,21954100,2024-10-31
MSTR,2024-11-01 13:30:00+00:00,245.3300018310547,255.75,225.92999267578125,229.7100067138672,26258900,2024-11-01
MSTR,2024-11-04 14:30:00+00:00,226.97000122070312,231.67999267578125,220.82000732421875,222.99000549316406,13438800,2024-11-04
MSTR,2024-11-05 14:30:00+00:00,233.33999633789062,243.4600067138672,225.42999267578125,227.8000030517578,17993900,2024-11-05
MSTR,2024-11-06 14:30:00+00:00,260.0,261.20001220703125,242.69000244140625,257.80999755859375,26270400,2024-11-06
MSTR,2024-11-07 14:30:00+00:00,256.79998779296875,280.79998779296875,252.6999969482422,270.80999755859375,23931700,2024-11-07
MSTR,2024-11-08 14:30:00+00:00,275.5799865722656,279.3800048828125,262.6000061035156,270.4200134277344,18764200,2024-11-08
MSTR,2024-11-11 14:30:00+00:00,297.0,351.7300109863281,293.29998779296875,340.0,47315700,2024-11-11
MSTR,2024-11-12 14:30:00+00:00,334.7699890136719,360.8900146484375,325.5,356.5899963378906,39705800,2024-11-12
MSTR,2024-11-13 14:30:00+00:00,366.9800109863281,383.3999938964844,321.70001220703125,328.3800048828125,46238500,2024-11-13
MSTR,2024-11-14 14:30:00+00:00,341.7699890136719,348.0,318.6199951171875,327.6700134277344,26605700,2024-11-14
MSTR,2024-11-15 14:30:00+00:00,336.6000061035156,349.94000244140625,324.1000061035156,340.6499938964844,25842000,2024-11-15
MSTR,2024-11-18 14:30:00+00:00,345.4200134277344,388.489990234375,339.3800048828125,384.7900085449219,32612800,2024-11-18
MSTR,2024-11-19 14:30:00+00:00,389.5,449.0,381.0,430.5400085449219,50954500,2024-11-19
MSTR,2024-11-20 14:30:00+00:00,463.3999938964844,504.8299865722656,457.29998779296875,473.8299865722656,70212600,2024-11-20
MSTR,2024-11-21 14:30:00+00:00,535.6300048828125,543.0,371.8399963378906,397.2799987792969,100444000,2024-11-21
MSTR,2024-11-22 14:30:00+00:00,403.6000061035156,453.0,393.1000061035156,421.8800048828125,55935000,2024-11-22
MSTR,2024-11-25 14:30:00+00:00,440.75,440.75,383.79998779296875,403.45001220703125,40180400,2024-11-25
MSTR,2024-11-26 14:30:00+00:00,382.7799987792969,403.0,338.6700134277344,353.69000244140625,47891000,2024-11-26
MSTR,2024-11-27 14:30:00+00:00,384.2900085449219,397.6600036621094,372.5,388.8399963378906,34921200,2024-11-27
MSTR,2024-11-29 14:30:00+00:00,405.75,417.6199951171875,381.0,387.4700012207031,21987600,2024-11-29
MSTR,2024-12-02 14:30:00+00:00,393.6400146484375,398.7900085449219,374.3599853515625,380.29998779296875,23404300,2024-12-02
MSTR,2024-12-03 14:30:00+00:00,367.8500061035156,393.1199951171875,362.6700134277344,373.42999267578125,22817500,2024-12-03
MSTR,2024-12-04 14:30:00+00:00,380.0,409.9700012207031,365.6000061035156,406.0,29862200,2024-12-04
MSTR,2024-12-05 14:30:00+00:00,440.1199951171875,444.94000244140625,379.3500061035156,386.3999938964844,46189800,2024-12-05
MSTR,2024-12-06 14:30:00+00:00,395.2900085449219,405.0,384.0199890136719,395.010009765625,26206200,2024-12-06
MSTR,2024-12-09 14:30:00+00:00,394.0,399.79998779296875,363.44000244140625,365.3399963378906,22606100,2024-12-09
MSTR,2024-12-10 14:30:00+00:00,373.3699951171875,379.79998779296875,356.04998779296875,377.32000732421875,20139900,2024-12-10
MSTR,2024-12-11 14:30:00+00:00,385.6600036621094,412.67999267578125,385.5,411.3999938964844,27594400,2024-12-11
MSTR,2024-12-12 14:30:00+00:00,413.7099914550781,415.79998779296875,386.1099853515625,392.19000244140625,21074300,2024-12-12
MSTR,2024-12-13 14:30:00+00:00,400.07000732421875,409.7099914550781,388.8800048828125,408.6700134277344,21536900,2024-12-13
MSTR,2024-12-16 14:30:00+00:00,424.8699951171875,437.6099853515625,406.4599914550781,408.5,31099400,2024-12-16
MSTR,2024-12-17 14:30:00+00:00,413.45001220703125,415.67999267578125,386.010009765625,386.4200134277344,21822000,2024-12-17
MSTR,2024-12-18 14:30:00+00:00,386.0,390.32000732421875,338.0,349.6400146484375,24422900,2024-12-18
MSTR,2024-12-19 14:30:00+00:00,365.44000244140625,367.5,323.4800109863281,326.4599914550781,26922900,2024-12-19
MSTR,2024-12-20 14:30:00+00:00,319.3699951171875,364.8800048828125,317.0,364.20001220703125,44889900,2024-12-20
MSTR,2024-12-23 14:30:00+00:00,358.0,359.739990234375,329.0799865722656,332.2300109863281,21742500,2024-12-23
MSTR,2024-12-24 14:30:00+00:00,343.5,361.0,342.70001220703125,358.17999267578125,16377800,2024-12-24
MSTR,2024-12-26 14:30:00+00:00,350.30999755859375,351.79998779296875,340.0,341.04998779296875,13249000,2024-12-26
MSTR,2024-12-27 14:30:00+00:00,342.29998779296875,342.7099914550781,323.20001220703125,330.0,13778500,2024-12-27
MSTR,2024-12-30 14:30:00+00:00,319.3999938964844,320.010009765625,301.75,302.9599914550781,25771200,2024-12-30
MSTR,2024-12-31 14:30:00+00:00,316.9599914550781,317.9100036621094,285.010009765625,289.6199951171875,22486100,2024-12-31
MSTR,2025-01-02 14:30:00+00:00,300.1099853515625,310.79998779296875,292.32000732421875,300.010009765625,17933900,2025-01-02
MSTR,2025-01-03 14:30:00+00:00,303.0,343.3999938964844,301.7699890136719,339.6600036621094,25039000,2025-01-03
MSTR,2025-01-06 14:30:00+00:00,349.8500061035156,383.0199890136719,335.5,379.0899963378906,26707300,2025-01-06
MSTR,2025-01-07 14:30:00+00:00,366.4700012207031,371.2799987792969,335.29998779296875,341.42999267578125,24736800,2025-01-07
MSTR,2025-01-08 14:30:00+00:00,335.25,344.3900146484375,317.2200012207031,331.70001220703125,18274800,2025-01-08
MSTR,2025-01-10 14:30:00+00:00,330.30999755859375,337.0,317.9100036621094,327.9100036621094,16478700,2025-01-10
MSTR,2025-01-13 14:30:00+00:00,309.95001220703125,329.6000061035156,303.79998779296875,328.3999938964844,15914500,2025-01-13
MSTR,2025-01-14 14:30:00+00:00,343.0,354.8999938964844,331.29998779296875,342.1700134277344,17889500,2025-01-14
MSTR,2025-01-15 14:30:00+00:00,357.80999755859375,368.4200134277344,353.010009765625,360.6199951171875,19941300,2025-01-15
MSTR,2025-01-16 14:30:00+00:00,357.8900146484375,370.260009765625,345.79998779296875,367.0,14826600,2025-01-16
MSTR,2025-01-17 14:30:00+00:00,383.2799987792969,398.67999267578125,380.1499938964844,396.5,24339100,2025-01-17
MSTR,2025-01-21 14:30:00+00:00,395.4599914550781,404.4200134277344,367.760009765625,389.1000061035156,26215800,2025-01-21
MSTR,2025-01-22 14:30:00+00:00,384.9100036621094,390.3500061035156,371.04998779296875,377.30999755859375,16000300,2025-01-22
MSTR,2025-01-23 14:30:00+00:00,371.75,390.20001220703125,370.70001220703125,373.1199951171875,23306500,2025-01-23
MSTR,2025-01-24 14:30:00+00:00,377.6700134277344,378.1099853515625,351.0,353.6700134277344,22943800,2025-01-24
MSTR,2025-01-27 14:30:00+00:00,340.5,356.8800048828125,322.29998779296875,347.9200134277344,21224400,2025-01-27
MSTR,2025-01-28 14:30:00+00:00,344.67999267578125,348.9200134277344,333.0899963378906,335.92999267578125,11461400,2025-01-28
MSTR,2025-01-29 14:30:00+00:00,338.20001220703125,343.6300048828125,329.3299865722656,341.25,11716800,2025-01-29
MSTR,2025-01-30 14:30:00+00:00,345.8299865722656,356.1099853515625,338.5199890136719,340.0899963378906,12607800,2025-01-30
MSTR,2025-01-31 14:30:00+00:00,340.1099853515625,352.7099914550781,332.0,334.7900085449219,15533300,2025-01-31
MSTR,2025-02-03 14:30:00+00:00,310.0,348.8500061035156,308.8999938964844,347.0899963378906,18207300,2025-02-03
MSTR,2025-02-04 14:30:00+00:00,341.20001220703125,353.7900085449219,340.45001220703125,348.30999755859375,12486000,2025-02-04
MSTR,2025-02-05 14:30:00+00:00,349.0,352.3599853515625,333.54998779296875,336.70001220703125,10874100,2025-02-05
MSTR,2025-02-06 14:30:00+00:00,338.70001220703125,344.5,320.7099914550781,325.4599914550781,12795200,2025-02-06
MSTR,2025-02-07 14:30:00+00:00,335.0,344.3999938964844,327.0,327.55999755859375,15049700,2025-02-07
MSTR,2025-02-10 14:30:00+00:00,333.5,340.3800048828125,328.29998779296875,334.6199951171875,10104100,2025-02-10
MSTR,2025-02-11 14:30:00+00:00,332.9800109863281,338.5,318.70001220703125,319.4599914550781,12017200,2025-02-11
MSTR,2025-02-12 14:30:00+00:00,315.9599914550781,331.1700134277344,314.19000244140625,326.82000732421875,9837900,2025-02-12
MSTR,2025-02-13 14:30:00+00:00,325.5,330.5899963378906,317.3500061035156,324.9200134277344,9848100,2025-02-13
MSTR,2025-02-14 14:30:00+00:00,325.1499938964844,344.8900146484375,323.7099914550781,337.7300109863281,13912800,2025-02-14
MSTR,2025-02-18 14:30:00+00:00,337.3500061035156,340.489990234375,326.7900085449219,333.9700012207031,10179800,2025-02-18
MSTR,2025-02-19 14:30:00+00:00,337.29998779296875,340.19000244140625,317.2200012207031,318.6700134277344,17043100,2025-02-19
MSTR,2025-02-20 14:30:00+00:00,323.7300109863281,327.8299865722656,314.95001220703125,323.9200134277344,12291700,2025-02-20
MSTR,2025-02-21 14:30:00+00:00,327.92999267578125,329.0,299.0400085449219,299.69000244140625,17930800,2025-02-21
MSTR,2025-02-24 14:30:00+00:00,304.0,304.0400085449219,276.3999938964844,282.760009765625,17974900,2025-02-24
MSTR,2025-02-25 14:30:00+00:00,268.1000061035156,270.2900085449219,243.6999969482422,250.50999450683594,31379600,2025-02-25
MSTR,2025-02-26 14:30:00+00:00,245.38999938964844,264.4599914550781,244.00999450683594,263.2699890136719,19876900,2025-02-26
MSTR,2025-02-27 14:30:00+00:00,267.42999267578125,271.4599914550781,239.47999572753906,240.0500030517578,18520300,2025-02-27
MSTR,2025-02-28 14:30:00+00:00,238.32000732421875,257.5,231.9199981689453,255.42999267578125,22662600,2025-02-28
MSTR,2025-03-03 14:30:00+00:00,293.1499938964844,295.1000061035156,246.10000610351562,250.9199981689453,30575700,2025-03-03
MSTR,2025-03-04 14:30:00+00:00,240.27999877929688,293.0400085449219,237.00999450683594,275.1499938964844,30130200,2025-03-04
MSTR,2025-03-05 14:30:00+00:00,278.30999755859375,311.2799987792969,271.7699890136719,308.54998779296875,26199800,2025-03-05
MSTR,2025-03-06 14:30:00+00:00,298.95001220703125,320.94000244140625,292.1700134277344,304.1099853515625,25309500,2025-03-06
MSTR,2025-03-07 14:30:00+00:00,298.1499938964844,310.44000244140625,281.44000244140625,287.17999267578125,22764500,2025-03-07
MSTR,2025-03-10 13:30:00+00:00,268.0,272.0,231.6199951171875,239.27000427246094,31478300,2025-03-10
MSTR,2025-03-11 13:30:00+00:00,245.0,263.1000061035156,231.50999450683594,260.5899963378906,22076100,2025-03-11
MSTR,2025-03-12 13:30:00+00:00,264.6000061035156,269.7699890136719,248.22000122070312,262.54998779296875,14328600,2025-03-12
MSTR,2025-03-13 13:30:00+00:00,262.0,270.3999938964844,253.75999450683594,263.260009765625,13804700,2025-03-13
MSTR,2025-03-14 13:30:00+00:00,273.989990234375,298.70001220703125,272.6199951171875,297.489990234375,23714000,2025-03-14
MSTR,2025-03-17 13:30:00+00:00,292.1499938964844,296.80999755859375,281.6000061035156,294.2699890136719,12998700,2025-03-17
MSTR,2025-03-18 13:30:00+00:00,283.20001220703125,290.989990234375,272.5,283.19000244140625,15398200,2025-03-18
MSTR,2025-03-19 13:30:00+00:00,290.29998779296875,309.0799865722656,287.1199951171875,304.2300109863281,19378800,2025-03-19
MSTR,2025-03-20 13:30:00+00:00,298.7900085449219,309.3999938964844,293.3999938964844,302.07000732421875,15058100,2025-03-20
MSTR,2025-03-21 13:30:00+00:00,295.70001220703125,306.3900146484375,293.04998779296875,304.0,21774000,2025-03-21
MSTR,2025-03-24 13:30:00+00:00,316.1400146484375,336.7699890136719,311.3599853515625,335.7200012207031,23099700,2025-03-24
MSTR,2025-03-25 13:30:00+00:00,333.4800109863281,343.5899963378906,329.5,341.80999755859375,15053700,2025-03-25
MSTR,2025-03-26 13:30:00+00:00,336.5,340.3399963378906,319.7300109863281,329.30999755859375,16732400,2025-03-26
MSTR,2025-03-27 13:30:00+00:00,322.5299987792969,333.489990234375,318.0,324.5899963378906,13838300,2025-03-27
MSTR,2025-03-28 13:30:00+00:00,318.3800048828125,320.79998779296875,289.25,289.4100036621094,21058900,2025-03-28
MSTR,2025-03-31 13:30:00+00:00,281.8699951171875,294.8900146484375,272.79998779296875,288.2699890136719,14866300,2025-03-31
MSTR,2025-04-01 13:30:00+00:00,293.5299987792969,307.6000061035156,280.6499938964844,306.0199890136719,16780100,2025-04-01
MSTR,2025-04-02 13:30:00+00:00,297.8599853515625,319.4700012207031,296.9800109863281,312.5400085449219,16293800,2025-04-02
MSTR,2025-04-03 13:30:00+00:00,286.75,299.2200012207031,276.0299987792969,282.2799987792969,18223000,2025-04-03
MSTR,2025-04-04 13:30:00+00:00,285.0199890136719,299.1400146484375,265.29998779296875,293.6099853515625,24847100,2025-04-04
MSTR,2025-04-07 13:30:00+00:00,260.1400146484375,297.6000061035156,252.60000610351562,268.1400146484375,28449300,2025-04-07
MSTR,2025-04-08 13:30:00+00:00,278.1499938964844,282.8399963378906,235.92999267578125,237.9499969482422,22952700,2025-04-08
MSTR,2025-04-09 13:30:00+00:00,242.02000427246094,302.3399963378906,241.69000244140625,296.8599853515625,38346400,2025-04-09
MSTR,2025-04-10 13:30:00+00:00,282.5,288.30999755859375,261.3699951171875,272.3399963378906,19237800,2025-04-10
MSTR,2025-04-11 13:30:00+00:00,281.29998779296875,304.1499938964844,276.29998779296875,299.9800109863281,21334100,2025-04-11
MSTR,2025-04-14 13:30:00+00:00,309.79998779296875,314.6000061035156,300.1000061035156,311.45001220703125,15635400,2025-04-14
MSTR,2025-04-15 13:30:00+00:00,312.2200012207031,319.75,306.80999755859375,310.7200012207031,11217800,2025-04-15
MSTR,2025-04-16 13:30:00+00:00,306.05999755859375,318.6000061035156,304.0,311.6600036621094,12847200,2025-04-16
MSTR,2025-04-17 13:30:00+00:00,313.8900146484375,320.0,306.0,317.20001220703125,13511100,2025-04-17
MSTR,2025-04-21 13:30:00+00:00,324.989990234375,330.989990234375,309.0,317.760009765625,16053200,2025-04-21
MSTR,2025-04-22 13:30:00+00:00,328.7099914550781,348.9599914550781,327.010009765625,343.0299987792969,24036500,2025-04-22
MSTR,2025-04-23 13:30:00+00:00,354.70001220703125,355.8299865722656,339.0,345.7300109863281,16690700,2025-04-23
MSTR,2025-04-24 13:30:00+00:00,344.9700012207031,351.0299987792969,343.239990234375,350.3399963378906,10781400,2025-04-24
MSTR,2025-04-25 13:30:00+00:00,354.0,373.2300109863281,353.1199951171875,368.7099914550781,19338600,2025-04-25
MSTR,2025-04-28 13:30:00+00:00,373.2900085449219,373.6600036621094,354.5299987792969,369.25,11490900,2025-04-28
MSTR,2025-04-29 13:30:00+00:00,369.0199890136719,383.95001220703125,366.79998779296875,381.45001220703125,13038800,2025-04-29
MSTR,2025-04-30 13:30:00+00:00,373.7799987792969,384.0,362.3900146484375,380.1099853515625,13762900,2025-04-30
MSTR,2025-05-01 13:30:00+00:00,392.2900085449219,403.8999938964844,381.0299987792969,381.6000061035156,16944100,2025-05-01
MSTR,2025-05-02 13:30:00+00:00,393.8800048828125,401.70001220703125,387.510009765625,394.3699951171875,15948000,2025-05-02
MSTR,2025-05-05 13:30:00+00:00,383.3299865722656,391.92999267578125,374.20001220703125,386.5299987792969,14424100,2025-05-05
MSTR,2025-05-06 13:30:00+00:00,378.55999755859375,387.8599853515625,377.7699890136719,385.6000061035156,9695600,2025-05-06
MSTR,2025-05-07 13:30:00+00:00,393.79998779296875,396.3500061035156,388.260009765625,392.4800109863281,10555300,2025-05-07
MSTR,2025-05-08 13:30:00+00:00,408.1700134277344,423.1099853515625,404.5,414.3800048828125,22135600,2025-05-08
MSTR,2025-05-09 13:30:00+00:00,420.0,430.3500061035156,406.2200012207031,416.0299987792969,17161800,2025-05-09
MSTR,2025-05-12 13:30:00+00:00,420.9200134277344,422.0400085449219,400.8299865722656,404.8999938964844,16245500,2025-05-12
MSTR,2025-05-13 13:30:00+00:00,412.54998779296875,422.54998779296875,404.1199951171875,421.6099853515625,12925000,2025-05-13
MSTR,2025-05-14 13:30:00+00:00,420.3999938964844,425.94000244140625,410.4100036621094,416.75,10722700,2025-05-14
MSTR,2025-05-15 13:30:00+00:00,411.70001220703125,415.3599853515625,394.1400146484375,397.0299987792969,14674700,2025-05-15
MSTR,2025-05-16 13:30:00+00:00,399.0,406.8999938964844,389.010009765625,399.79998779296875,12461100,2025-05-16
MSTR,2025-05-19 13:30:00+00:00,392.80999755859375,414.5899963378906,392.6199951171875,413.4200134277344,12822000,2025-05-19
MSTR,2025-05-20 13:30:00+00:00,413.5,417.8500061035156,406.1000061035156,416.9200134277344,11532200,2025-05-20
MSTR,2025-05-21 13:30:00+00:00,415.9200134277344,423.3399963378906,395.5299987792969,402.69000244140625,18698500,2025-05-21
MSTR,2025-05-22 13:30:00+00:00,413.20001220703125,426.32000732421875,398.9100036621094,399.4599914550781,16511400,2025-05-22
MSTR,2025-05-23 13:30:00+00:00,391.510009765625,392.19000244140625,367.30999755859375,369.510009765625,21448800,2025-05-23
MSTR,2025-05-27 13:30:00+00:00,381.1199951171875,381.29998779296875,364.17999267578125,372.20001220703125,14116000,2025-05-27
MSTR,2025-05-28 13:30:00+00:00,368.5299987792969,370.6499938964844,358.5,364.25,9936800,2025-05-28
MSTR,2025-05-29 13:30:00+00:00,370.7900085449219,373.8599853515625,362.739990234375,370.6300048828125,10175500,2025-05-29
MSTR,2025-05-30 13:30:00+00:00,369.0,372.55999755859375,359.1600036621094,369.05999755859375,12564000,2025-05-30
MSTR,2025-06-02 13:30:00+00:00,367.8900146484375,378.42999267578125,367.0199890136719,372.2699890136719,8102800,2025-06-02
MSTR,2025-06-03 13:30:00+00:00,379.3999938964844,391.010009765625,371.3699951171875,387.42999267578125,11351800,2025-06-03
MSTR,2025-06-04 13:30:00+00:00,385.79998779296875,386.1199951171875,375.6600036621094,378.1000061035156,8472200,2025-06-04
MSTR,2025-06-05 13:30:00+00:00,383.8500061035156,385.3800048828125,364.29998779296875,368.7900085449219,11871400,2025-06-05
MSTR,2025-06-06 13:30:00+00:00,377.3999938964844,380.6000061035156,369.7099914550781,374.4700012207031,9384200,2025-06-06
MSTR,2025-06-09 13:30:00+00:00,380.67999267578125,394.7900085449219,377.6000061035156,392.1199951171875,10924600,2025-06-09
MSTR,2025-06-10 13:30:00+00:00,393.239990234375,394.0,383.6000061035156,391.17999267578125,7074800,2025-06-10
MSTR,2025-06-11 13:30:00+00:00,391.2300109863281,392.7699890136719,380.5,387.1099853515625,6812200,2025-06-11
MSTR,2025-06-12 13:30:00+00:00,378.3999938964844,391.2200012207031,373.9800109863281,379.760009765625,9423900,2025-06-12
MSTR,2025-06-13 13:30:00+00:00,375.2300109863281,383.55999755859375,370.6199951171875,382.8699951171875,9378900,2025-06-13
MSTR,2025-06-16 13:30:00+00:00,387.6099853515625,388.1499938964844,377.3999938964844,382.25,8105200,2025-06-16
MSTR,2025-06-17 13:30:00+00:00,375.260009765625,378.4800109863281,367.0,375.17999267578125,11218500,2025-06-17
MSTR,2025-06-18 13:30:00+00:00,371.42999267578125,374.9100036621094,367.4200134277344,369.0299987792969,9200500,2025-06-18
MSTR,2025-06-20 13:30:00+00:00,372.75,376.1000061035156,365.1099853515625,369.70001220703125,12821800,2025-06-20
MSTR,2025-06-23 13:30:00+00:00,362.4800109863281,370.29998779296875,358.79998779296875,367.17999267578125,10614700,2025-06-23
MSTR,2025-06-24 13:30:00+00:00,373.67999267578125,384.3599853515625,371.0,377.0199890136719,10174900,2025-06-24
MSTR,2025-06-25 13:30:00+00:00,384.8299865722656,389.489990234375,379.30999755859375,388.6700134277344,10606600,2025-06-25
MSTR,2025-06-26 13:30:00+00:00,386.3500061035156,392.6700134277344,384.1499938964844,386.44000244140625,10202300,2025-06-26
MSTR,2025-06-27 13:30:00+00:00,385.2300109863281,397.989990234375,383.4100036621094,383.8800048828125,18694400,2025-06-27
MSTR,2025-06-30 13:30:00+00:00,389.7799987792969,407.3900146484375,384.25,404.2300109863281,13752900,2025-06-30
MSTR,2025-07-01 13:30:00+00:00,395.70001220703125,397.8699951171875,372.9100036621094,373.29998779296875,17289600,2025-07-01
MSTR,2025-07-02 13:30:00+00:00,383.3399963378906,405.29998779296875,379.8800048828125,402.2799987792969,17454400,2025-07-02
MSTR,2025-07-03 13:30:00+00:00,400.8699951171875,414.6000061035156,400.3999938964844,403.989990234375,10013900,2025-07-03
MSTR,2025-07-07 13:30:00+00:00,402.6400146484375,405.6400146484375,395.20001220703125,395.6700134277344,8848200,2025-07-07
MSTR,2025-07-08 13:30:00+00:00,399.69000244140625,402.20001220703125,393.2099914550781,396.94000244140625,7022700,2025-07-08
MSTR,2025-07-09 13:30:00+00:00,401.6000061035156,416.3399963378906,395.95001220703125,415.4100036621094,13065400,2025-07-09
MSTR,2025-07-10 13:30:00+00:00,412.57000732421875,422.3999938964844,411.20001220703125,421.739990234375,13208600,2025-07-10
MSTR,2025-07-11 13:30:00+00:00,430.5400085449219,438.8399963378906,423.5,434.5799865722656,18448500,2025-07-11
MSTR,2025-07-14 13:30:00+00:00,447.20001220703125,456.45001220703125,440.6499938964844,451.0199890136719,17952500,2025-07-14
MSTR,2025-07-15 13:30:00+00:00,445.2200012207031,456.6600036621094,441.0199890136719,442.30999755859375,14315400,2025-07-15
MSTR,2025-07-16 13:30:00+00:00,448.30999755859375,457.2200012207031,445.55999755859375,455.8999938964844,10575400,2025-07-16
MSTR,2025-07-17 13:30:00+00:00,451.67999267578125,456.0,446.5799865722656,451.3399963378906,8901400,2025-07-17
MSTR,2025-07-18 13:30:00+00:00,451.7200012207031,454.3299865722656,422.2200012207031,423.2200012207031,19105400,2025-07-18
MSTR,2025-07-21 13:30:00+00:00,430.1000061035156,437.0,425.0199890136719,426.2799987792969,9984500,2025-07-21
MSTR,2025-07-22 13:30:00+00:00,428.8500061035156,433.94000244140625,413.6000061035156,426.3999938964844,10524200,2025-07-22
MSTR,2025-07-23 13:30:00+00:00,422.8299865722656,424.0,406.1000061035156,412.6700134277344,12990000,2025-07-23
MSTR,2025-07-24 13:30:00+00:00,414.5799865722656,419.95001220703125,406.1700134277344,414.9200134277344,7407300,2025-07-24
MSTR,2025-07-25 13:30:00+00:00,405.6700134277344,410.95001220703125,402.20001220703125,405.8900146484375,8380200,2025-07-25
MSTR,2025-07-28 13:30:00+00:00,416.95001220703125,417.010009765625,403.4599914550781,403.79998779296875,6996500,2025-07-28
MSTR,2025-07-29 13:30:00+00:00,405.9599914550781,407.0,390.4100036621094,394.6600036621094,10580000,2025-07-29
MSTR,2025-07-30 13:30:00+00:00,396.7799987792969,404.3900146484375,392.5899963378906,395.0400085449219,7543800,2025-07-30
MSTR,2025-07-31 13:30:00+00:00,399.1300048828125,410.80999755859375,397.0799865722656,401.8599853515625,10467500,2025-07-31
MSTR,2025-08-01 13:30:00+00:00,390.4100036621094,392.6400146484375,365.70001220703125,366.6300048828125,21808900,2025-08-01
MSTR,2025-08-04 13:30:00+00:00,372.7699890136719,390.0199890136719,366.20001220703125,389.239990234375,12362400,2025-08-04
MSTR,2025-08-05 13:30:00+00:00,384.17999267578125,388.30999755859375,373.3500061035156,375.4599914550781,8467100,2025-08-05
MSTR,2025-08-06 13:30:00+00:00,374.75,384.4200134277344,373.0,383.4100036621094,7242600,2025-08-06
MSTR,2025-08-07 13:30:00+00:00,388.3999938964844,406.239990234375,387.1400146484375,402.010009765625,13051200,2025-08-07
MSTR,2025-08-08 13:30:00+00:00,397.6000061035156,409.6499938964844,389.0299987792969,395.1300048828125,11200100,2025-08-08
MSTR,2025-08-11 13:30:00+00:00,403.9200134277344,414.3599853515625,398.9200134277344,400.25,10394400,2025-08-11
MSTR,2025-08-12 13:30:00+00:00,400.5,401.6700134277344,390.1400146484375,394.3900146484375,8333600,2025-08-12
MSTR,2025-08-13 13:30:00+00:00,397.7300109863281,399.44000244140625,383.54998779296875,389.8999938964844,10884900,2025-08-13
MSTR,2025-08-14 13:30:00+00:00,380.0,381.0,365.0,372.94000244140625,16461700,2025-08-14
MSTR,2025-08-15 13:30:00+00:00,372.2099914550781,372.6199951171875,360.0299987792969,366.32000732421875,13125300,2025-08-15
MSTR,2025-08-18 13:30:00+00:00,359.95001220703125,367.57000732421875,358.010009765625,363.6000061035156,9002000,2025-08-18
MSTR,2025-08-19 13:30:00+00:00,363.19000244140625,364.6300048828125,333.3999938964844,336.57000732421875,18254600,2025-08-19
MSTR,2025-08-20 13:30:00+00:00,339.3800048828125,345.5,325.55999755859375,344.3699951171875,13807200,2025-08-20
MSTR,2025-08-21 13:30:00+00:00,340.0,343.2699890136719,334.8500061035156,337.5799865722656,8398500,2025-08-21
MSTR,2025-08-22 13:30:00+00:00,335.20001220703125,359.5299987792969,332.6099853515625,358.1300048828125,17386900,2025-08-22
MSTR,2025-08-25 13:30:00+00:00,344.9100036621094,351.510009765625,339.2099914550781,343.20001220703125,10983400,2025-08-25
MSTR,2025-08-26 13:30:00+00:00,341.80999755859375,351.989990234375,340.67999267578125,351.3599853515625,9144200,2025-08-26
MSTR,2025-08-27 13:30:00+00:00,348.67999267578125,351.7699890136719,341.8399963378906,342.05999755859375,8454300,2025-08-27
MSTR,2025-08-28 13:30:00+00:00,346.1600036621094,348.1700134277344,336.6499938964844,338.8399963378906,8116100,2025-08-28
MSTR,2025-08-29 13:30:00+00:00,334.6000061035156,339.6300048828125,332.6400146484375,334.4100036621094,10162300,2025-08-29
MSTR,2025-09-02 13:30:00+00:00,334.92999267578125,348.6000061035156,331.57000732421875,341.6199951171875,11123000,2025-09-02
MSTR,2025-09-03 13:30:00+00:00,341.7699890136719,344.5,327.6099853515625,330.260009765625,9180200,2025-09-03
MSTR,2025-09-04 13:30:00+00:00,330.0,332.55999755859375,317.75,327.5899963378906,10530000,2025-09-04
MSTR,2025-09-05 13:30:00+00:00,334.80999755859375,337.20001220703125,320.0,335.8699951171875,14047600,2025-09-05
MSTR,2025-09-08 13:30:00+00:00,328.1099853515625,333.1000061035156,321.5,329.8999938964844,9954500,2025-09-08
MSTR,2025-09-09 13:30:00+00:00,330.2300109863281,331.9599914550781,324.45001220703125,328.5299987792969,6587800,2025-09-09
MSTR,2025-09-10 13:30:00+00:00,332.79998779296875,340.010009765625,321.9599914550781,326.45001220703125,9741400,2025-09-10
MSTR,2025-09-11 13:30:00+00:00,326.8699951171875,329.75,322.7699890136719,326.0199890136719,7506900,2025-09-11
MSTR,2025-09-12 13:30:00+00:00,329.1499938964844,336.1300048828125,327.6000061035156,331.44000244140625,10809900,2025-09-12
MSTR,2025-09-15 13:30:00+00:00,329.3999938964844,331.3299865722656,320.45001220703125,327.7900085449219,9527700,2025-09-15
MSTR,2025-09-16 13:30:00+00:00,329.2300109863281,335.44000244140625,324.8399963378906,335.0899963378906,8651300,2025-09-16
MSTR,2025-09-17 13:30:00+00:00,335.6600036621094,340.1099853515625,323.2099914550781,329.7099914550781,9691000,2025-09-17
MSTR,2025-09-18 13:30:00+00:00,335.8599853515625,358.25,334.6300048828125,349.1199951171875,19697300,2025-09-18
MSTR,2025-09-19 13:30:00+00:00,347.45001220703125,352.9200134277344,337.07000732421875,344.75,17699700,2025-09-19
MSTR,2025-09-22 13:30:00+00:00,337.0199890136719,341.5899963378906,329.0,335.92999267578125,10053500,2025-09-22
MSTR,2025-09-23 13:30:00+00:00,337.05999755859375,339.0,327.7699890136719,327.7799987792969,9468800,2025-09-23
MSTR,2025-09-24 13:30:00+00:00,330.6300048828125,337.05999755859375,323.1400146484375,323.30999755859375,9153100,2025-09-24
MSTR,2025-09-25 13:30:00+00:00,316.6099853515625,317.0,292.3599853515625,300.70001220703125,22087000,2025-09-25
MSTR,2025-09-26 13:30:00+00:00,301.29998779296875,310.0,297.7099914550781,309.05999755859375,11693400,2025-09-26
MSTR,2025-09-29 13:30:00+00:00,313.7300109863281,327.989990234375,311.0,326.4200134277344,12652000,2025-09-29
MSTR,2025-09-30 13:30:00+00:00,320.8299865722656,324.5,316.19000244140625,322.2099914550781,7798800,2025-09-30
MSTR,2025-10-01 13:30:00+00:00,332.4700012207031,343.7300109863281,331.20001220703125,338.4100036621094,13994800,2025-10-01
MSTR,2025-10-02 13:30:00+00:00,348.57000732421875,353.2200012207031,341.1499938964844,352.3299865722656,13666800,2025-10-02
MSTR,2025-10-03 13:30:00+00:00,350.8699951171875,358.5400085449219,344.3999938964844,351.6300048828125,12107900,2025-10-03
MSTR,2025-10-06 13:30:00+00:00,362.95001220703125,365.2099914550781,354.70001220703125,359.69000244140625,9551000,2025-10-06
MSTR,2025-10-07 13:30:00+00:00,358.8800048828125,359.44000244140625,328.1600036621094,328.3999938964844,19584100,2025-10-07
MSTR,2025-10-08 13:30:00+00:00,335.6199951171875,336.3599853515625,322.29998779296875,330.79998779296875,12996300,2025-10-08
MSTR,2025-10-09 13:30:00+00:00,327.3999938964844,328.989990234375,318.2200012207031,320.2900085449219,11213200,2025-10-09
MSTR,2025-10-10 13:30:00+00:00,323.17999267578125,323.42999267578125,303.57000732421875,304.7900085449219,13643700,2025-10-10
MSTR,2025-10-13 13:30:00+00:00,306.6700134277344,315.95001220703125,300.5899963378906,315.4700012207031,11575000,2025-10-13
MSTR,2025-10-14 13:30:00+00:00,301.0,312.7099914550781,297.3399963378906,300.6700134277344,11480500,2025-10-14
MSTR,2025-10-15 13:30:00+00:00,303.6000061035156,308.8800048828125,294.6199951171875,296.760009765625,10625600,2025-10-15
MSTR,2025-10-16 13:30:00+00:00,299.8999938964844,301.5799865722656,282.19000244140625,283.8399963378906,13817900,2025-10-16
MSTR,2025-10-17 13:30:00+00:00,279.2699890136719,292.79998779296875,279.0,289.8699951171875,13110700,2025-10-17
MSTR,2025-10-20 13:30:00+00:00,297.2099914550781,306.1600036621094,294.3999938964844,296.6099853515625,9679700,2025-10-20
MSTR,2025-10-21 13:30:00+00:00,293.95001220703125,305.989990234375,291.5199890136719,301.9100036621094,7902800,2025-10-21
MSTR,2025-10-22 13:30:00+00:00,293.0199890136719,297.9599914550781,276.6000061035156,280.80999755859375,15129500,2025-10-22
MSTR,2025-10-23 13:30:00+00:00,285.4700012207031,289.07000732421875,278.0,284.9200134277344,9082100,2025-10-23
MSTR,2025-10-24 13:30:00+00:00,290.42999267578125,292.1499938964844,286.1099853515625,289.0799865722656,7881700,2025-10-24
MSTR,2025-10-27 13:30:00+00:00,299.5,299.79998779296875,293.0,295.6300048828125,8135900,2025-10-27
MSTR,2025-10-28 13:30:00+00:00,295.1400146484375,297.20001220703125,284.25,284.6400146484375,7996800,2025-10-28
MSTR,2025-10-29 13:30:00+00:00,284.3800048828125,286.17999267578125,274.0,275.3599853515625,10184100,2025-10-29
MSTR,2025-10-30 13:30:00+00:00,269.989990234375,271.3699951171875,254.0,254.57000732421875,15564200,2025-10-30
MSTR,2025-10-31 13:30:00+00:00,269.9800109863281,276.32000732421875,263.0,269.510009765625,14071800,2025-10-31
MSTR,2025-11-03 14:30:00+00:00,264.19000244140625,270.3599853515625,259.8500061035156,264.6700134277344,11074600,2025-11-03
MSTR,2025-11-04 14:30:00+00:00,255.16000366210938,258.2099914550781,245.86000061035156,246.99000549316406,15735100,2025-11-04
MSTR,2025-11-05 14:30:00+00:00,250.1999969482422,255.36000061035156,247.02000427246094,255.0,9676200,2025-11-05
MSTR,2025-11-06 14:30:00+00:00,252.13999938964844,252.33999633789062,235.02999877929688,237.1999969482422,14468300,2025-11-06
MSTR,2025-11-07 14:30:00+00:00,222.66000366210938,243.72999572753906,219.67999267578125,241.92999267578125,16976100,2025-11-07
MSTR,2025-11-10 14:30:00+00:00,249.67999267578125,249.9600067138672,234.60000610351562,238.8800048828125,9527200,2025-11-10
MSTR,2025-11-11 14:30:00+00:00,236.4600067138672,239.24000549316406,230.5500030517578,231.35000610351562,8340300,2025-11-11
MSTR,2025-11-12 14:30:00+00:00,233.89999389648438,234.83999633789062,219.8000030517578,224.61000061035156,10800400,2025-11-12
MSTR,2025-11-13 14:30:00+00:00,223.8000030517578,226.0,207.02999877929688,208.5399932861328,16474500,2025-11-13
MSTR,2025-11-14 14:30:00+00:00,200.5800018310547,208.83999633789062,194.55999755859375,199.75,23233800,2025-11-14
MSTR,2025-11-17 14:30:00+00:00,197.02999877929688,204.14999389648438,189.52999877929688,195.4199981689453,19545000,2025-11-17
MSTR,2025-11-18 14:30:00+00:00,196.36000061035156,213.8300018310547,196.0,206.8000030517578,22049500,2025-11-18
MSTR,2025-11-19 14:30:00+00:00,202.36000061035156,203.9499969482422,181.72999572753906,186.5,28025400,2025-11-19
MSTR,2025-11-20 14:30:00+00:00,192.44000244140625,193.52999877929688,171.47999572753906,177.1300048828125,27684400,2025-11-20
MSTR,2025-11-21 14:30:00+00:00,172.74000549316406,181.19000244140625,166.30999755859375,170.5,29651300,2025-11-21
MSTR,2025-11-24 14:30:00+00:00,171.6199951171875,179.83999633789062,166.00999450683594,179.0399932861328,23282600,2025-11-24
MSTR,2025-11-25 14:30:00+00:00,173.7100067138672,176.75999450683594,166.77999877929688,172.19000244140625,19112700,2025-11-25
MSTR,2025-11-26 14:30:00+00:00,173.69000244140625,180.6300048828125,169.6999969482422,175.63999938964844,20016500,2025-11-26
MSTR,2025-11-28 14:30:00+00:00,182.99000549316406,187.2899932861328,175.0500030517578,177.17999267578125,15114300,2025-11-28
MSTR,2025-12-01 14:30:00+00:00,168.25999450683594,172.17999267578125,155.61000061035156,171.4199981689453,42940200,2025-12-01
MSTR,2025-12-02 14:30:00+00:00,177.75,188.3699951171875,176.88999938964844,181.3300018310547,31285600,2025-12-02
MSTR,2025-12-03 14:30:00+00:00,183.39999389648438,190.44000244140625,177.82000732421875,188.38999938964844,26686100,2025-12-03
MSTR,2025-12-04 14:30:00+00:00,186.02000427246094,191.0,182.35000610351562,186.00999450683594,16474400,2025-12-04
MSTR,2025-12-05 14:30:00+00:00,183.33999633789062,185.38999938964844,176.3000030517578,178.99000549316406,20750700,2025-12-05
MSTR,2025-12-08 14:30:00+00:00,182.10000610351562,185.58999633789062,178.0,183.69000244140625,16328100,2025-12-08
MSTR,2025-12-09 14:30:00+00:00,181.49000549316406,198.39999389648438,179.9199981689453,188.99000549316406,24269600,2025-12-09
MSTR,2025-12-10 14:30:00+00:00,189.32000732421875,191.07000732421875,182.1999969482422,184.63999938964844,22459000,2025-12-10
MSTR,2025-12-11 14:30:00+00:00,179.7899932861328,183.5,171.41000366210938,183.3000030517578,19542400,2025-12-11
MSTR,2025-12-12 14:30:00+00:00,182.97000122070312,185.25,176.22000122070312,176.4499969482422,14532100,2025-12-12
MSTR,2025-12-15 14:30:00+00:00,176.0,176.5,160.5399932861328,162.0800018310547,25393400,2025-12-15
MSTR,2025-12-16 14:30:00+00:00,164.97000122070312,171.49000549316406,161.9499969482422,167.5,21181000,2025-12-16
MSTR,2025-12-17 14:30:00+00:00,167.75,171.16000366210938,160.30999755859375,160.3800048828125,19144900,2025-12-17
MSTR,2025-12-18 14:30:00+00:00,167.80999755859375,169.50999450683594,157.42999267578125,158.24000549316406,17534700,2025-12-18
MSTR,2025-12-19 14:30:00+00:00,163.39999389648438,167.75,161.6300048828125,164.82000732421875,22062400,2025-12-19
MSTR,2025-12-22 14:30:00+00:00,168.82000732421875,170.6699981689453,163.69000244140625,164.32000732421875,19234500,2025-12-22
MSTR,2025-12-23 14:30:00+00:00,162.25,162.72999572753906,156.5,157.8800048828125,15891200,2025-12-23
MSTR,2025-12-24 14:30:00+00:00,157.1999969482422,159.27999877929688,155.10000610351562,158.7100067138672,7097600,2025-12-24
MSTR,2025-12-26 14:30:00+00:00,159.88999938964844,159.91000366210938,154.1199951171875,158.80999755859375,12298200,2025-12-26
MSTR,2025-12-29 14:30:00+00:00,157.9499969482422,162.92999267578125,155.32000732421875,155.38999938964844,14073500,2025-12-29
MSTR,2025-12-30 14:30:00+00:00,155.82000732421875,159.3800048828125,154.1300048828125,155.61000061035156,12740200,2025-12-30
MSTR,2025-12-31 14:30:00+00:00,156.24000549316406,156.8000030517578,151.4199981689453,151.9499969482422,15918100,2025-12-31
MSTR,2026-01-02 14:30:00+00:00,154.58999633789062,160.7899932861328,149.75,157.16000366210938,20185600,2026-01-02
MSTR,2026-01-05 14:30:00+00:00,163.4199981689453,167.6999969482422,160.9600067138672,164.72000122070312,22859000,2026-01-05
MSTR,2026-01-06 14:30:00+00:00,166.8800048828125,167.13999938964844,154.0500030517578,157.97000122070312,22627800,2026-01-06
MSTR,2026-01-07 14:30:00+00:00,163.4499969482422,170.16000366210938,158.4499969482422,161.8300018310547,28406900,2026-01-07
MSTR,2026-01-08 14:30:00+00:00,158.6300048828125,170.6199951171875,156.1699981689453,166.97000122070312,25159400,2026-01-08
MSTR,2026-01-09 14:30:00+00:00,166.75,167.1999969482422,155.4600067138672,157.3300018310547,27962600,2026-01-09
MSTR,2026-01-12 14:30:00+00:00,156.27000427246094,163.82000732421875,154.69000244140625,162.22999572753906,16182000,2026-01-12
MSTR,2026-01-13 14:30:00+00:00,164.4499969482422,173.75999450683594,159.92999267578125,172.99000549316406,27656200,2026-01-13
MSTR,2026-01-14 14:30:00+00:00,178.63999938964844,190.1999969482422,176.1199951171875,179.3300018310547,40257000,2026-01-14
MSTR,2026-01-15 14:30:00+00:00,179.1300048828125,179.25,170.08999633789062,170.91000366210938,21486500,2026-01-15
MSTR,2026-01-16 14:30:00+00:00,171.92999267578125,173.8800048828125,167.58999633789062,173.7100067138672,19462500,2026-01-16
MSTR,2026-01-20 14:30:00+00:00,165.1699981689453,165.72000122070312,158.85000610351562,160.22999572753906,25666700,2026-01-20
MSTR,2026-01-21 14:30:00+00:00,161.27000427246094,165.72000122070312,156.00999450683594,163.80999755859375,18440800,2026-01-21
MSTR,2026-01-22 14:30:00+00:00,163.72999572753906,164.63999938964844,159.44000244140625,160.97999572753906,11116000,2026-01-22
MSTR,2026-01-23 14:30:00+00:00,160.94000244140625,168.9600067138672,158.72000122070312,163.11000061035156,14879300,2026-01-23
MSTR,2026-01-26 14:30:00+00:00,159.41000366210938,163.9199981689453,158.6199951171875,160.5800018310547,14516500,2026-01-26
MSTR,2026-01-27 14:30:00+00:00,160.30999755859375,161.6699981689453,156.97999572753906,161.5800018310547,13962200,2026-01-27
MSTR,2026-01-28 14:30:00+00:00,164.4499969482422,165.72000122070312,157.0,158.4499969482422,14082600,2026-01-28
MSTR,2026-01-29 14:30:00+00:00,155.9499969482422,156.0,139.36000061035156,143.19000244140625,34618500,2026-01-29
MSTR,2026-01-30 14:30:00+00:00,140.0,151.14999389648438,139.89999389648438,149.7100067138672,22768000,2026-01-30
MSTR,2026-02-02 14:30:00+00:00,139.77000427246094,147.8800048828125,138.0,139.6300048828125,27171500,2026-02-02
MSTR,2026-02-03 14:30:00+00:00,140.13999938964844,140.22999572753906,126.73999786376953,133.25999450683594,26169000,2026-02-03
MSTR,2026-02-04 14:30:00+00:00,130.00999450683594,130.82000732421875,121.19000244140625,129.08999633789062,25775600,2026-02-04
MSTR,2026-02-05 14:30:00+00:00,120.25,122.0,104.16999816894531,106.98999786376953,60129700,2026-02-05
MSTR,2026-02-06 14:30:00+00:00,114.94999694824219,135.6699981689453,114.68000030517578,134.92999267578125,57771000,2026-02-06
MSTR,2026-02-09 14:30:00+00:00,127.37000274658203,139.5800018310547,125.12999725341797,138.44000244140625,34291600,2026-02-09
MSTR,2026-02-10 14:30:00+00:00,133.66000366210938,139.16000366210938,132.67999267578125,133.0,23002100,2026-02-10
MSTR,2026-02-11 14:30:00+00:00,133.69000244140625,133.91000366210938,123.91999816894531,126.06999969482422,25837800,2026-02-11
MSTR,2026-02-12 14:30:00+00:00,127.56999969482422,128.99000549316406,120.63999938964844,123.0,20960700,2026-02-12
MSTR,2026-02-13 14:30:00+00:00,127.0,135.25,125.76000213623047,133.8800048828125,24573900,2026-02-13
MSTR,2026-02-17 14:30:00+00:00,129.00999450683594,132.1199951171875,125.91000366210938,128.6699981689453,18881000,2026-02-17
MSTR,2026-02-18 14:30:00+00:00,127.62999725341797,132.25,123.62000274658203,125.19999694824219,17307700,2026-02-18
MSTR,2026-02-19 14:30:00+00:00,123.48999786376953,130.0399932861328,121.87000274658203,129.4499969482422,15457200,2026-02-19
MSTR,2026-02-20 14:30:00+00:00,130.50999450683594,136.13999938964844,129.41000366210938,131.0500030517578,17625400,2026-02-20
MSTR,2026-02-23 14:30:00+00:00,127.9000015258789,130.3800048828125,122.83000183105469,123.70999908447266,18858900,2026-02-23
MSTR,2026-02-24 14:30:00+00:00,121.70999908447266,126.73999786376953,118.4000015258789,124.61000061035156,15352700,2026-02-24
MSTR,2026-02-25 14:30:00+00:00,130.0500030517578,137.86000061035156,128.94000244140625,135.64999389648438,24152100,2026-02-25
MSTR,2026-02-26 14:30:00+00:00,133.6999969482422,135.75,128.63999938964844,133.39999389648438,18110800,2026-02-26
MSTR,2026-02-27 14:30:00+00:00,128.9499969482422,131.1199951171875,127.86000061035156,129.5,14027700,2026-02-27
MSTR,2026-03-02 14:30:00+00:00,129.13999938964844,140.13999938964844,128.94000244140625,137.64999389648438,25456100,2026-03-02
MSTR,2026-03-03 14:30:00+00:00,133.33999633789062,136.4600067138672,127.80000305175781,132.67999267578125,19405900,2026-03-03
MSTR,2026-03-04 14:30:00+00:00,143.8300018310547,149.5399932861328,142.19000244140625,146.44000244140625,37382600,2026-03-04
MSTR,2026-03-05 14:30:00+00:00,145.0399932861328,146.44000244140625,137.2100067138672,139.80999755859375,21286000,2026-03-05
MSTR,2026-03-06 14:30:00+00:00,134.89999389648438,136.36000061035156,131.77000427246094,133.52999877929688,19538800,2026-03-06
MSTR,2026-03-09 13:30:00+00:00,136.0,140.19000244140625,135.3000030517578,138.9499969482422,20433000,2026-03-09
MSTR,2026-03-10 13:30:00+00:00,141.92999267578125,142.4600067138672,133.94000244140625,138.4600067138672,18325000,2026-03-10
MSTR,2026-03-11 13:30:00+00:00,139.80999755859375,142.6699981689453,135.13999938964844,138.3300018310547,15637600,2026-03-11
MSTR,2026-03-12 13:30:00+00:00,137.16000366210938,138.8000030517578,133.3800048828125,137.33999633789062,15229400,2026-03-12
MSTR,2026-03-13 13:30:00+00:00,143.86000061035156,147.25999450683594,138.44000244140625,139.6699981689453,23685400,2026-03-13
MSTR,2026-03-16 13:30:00+00:00,145.35000610351562,148.24000549316406,143.30999755859375,147.52000427246094,22933200,2026-03-16
MSTR,2026-03-17 13:30:00+00:00,145.97000122070312,152.27000427246094,145.22999572753906,150.27999877929688,18448500,2026-03-17
MSTR,2026-03-18 13:30:00+00:00,144.99000549316406,146.75999450683594,140.35000610351562,140.55999755859375,21314100,2026-03-18
MSTR,2026-03-19 13:30:00+00:00,135.02000427246094,139.77999877929688,132.75999450683594,138.24000549316406,19227700,2026-03-19
MSTR,2026-03-20 13:30:00+00:00,139.47000122070312,139.69000244140625,134.1300048828125,135.66000366210938,28568300,2026-03-20
MSTR,2026-03-23 13:30:00+00:00,138.61000061035156,139.92999267578125,133.97000122070312,138.1999969482422,21633700,2026-03-23
MSTR,2026-03-24 13:30:00+00:00,138.72999572753906,140.0500030517578,134.27999877929688,136.25,19098500,2026-03-24
MSTR,2026-03-25 13:30:00+00:00,140.39999389648438,143.85000610351562,136.8000030517578,139.1300048828125,18708000,2026-03-25
MSTR,2026-03-26 13:30:00+00:00,136.5500030517578,139.0800018310547,132.69000244140625,132.92999267578125,15285500,2026-03-26
MSTR,2026-03-27 13:30:00+00:00,129.8800048828125,130.64999389648438,123.9800033569336,126.02999877929688,21475100,2026-03-27
MSTR,2026-03-30 13:30:00+00:00,129.5500030517578,130.33999633789062,120.80000305175781,121.44000244140625,15800400,2026-03-30
MSTR,2026-03-31 13:30:00+00:00,123.16000366210938,125.30000305175781,117.75,124.80000305175781,21290300,2026-03-31
MSTR,2026-04-01 13:30:00+00:00,126.18000030517578,126.30000305175781,121.44000244140625,122.77999877929688,15378300,2026-04-01
MSTR,2026-04-02 13:30:00+00:00,119.80000305175781,122.6500015258789,116.4000015258789,119.83000183105469,17609700,2026-04-02
MSTR,2026-04-06 13:30:00+00:00,124.56999969482422,128.4600067138672,123.19999694824219,127.69000244140625,18435900,2026-04-06
MSTR,2026-04-07 13:30:00+00:00,125.31999969482422,126.73999786376953,121.13999938964844,123.72000122070312,14284200,2026-04-07
MSTR,2026-04-08 13:30:00+00:00,133.6699981689453,134.5,126.12999725341797,128.3000030517578,17149200,2026-04-08
MSTR,2026-04-09 13:30:00+00:00,127.83000183105469,132.2100067138672,125.80000305175781,128.86000061035156,14497400,2026-04-09
MSTR,2026-04-10 13:30:00+00:00,130.0500030517578,132.27999877929688,127.4000015258789,128.63999938964844,13097500,2026-04-10
MSTR,2026-04-13 13:30:00+00:00,126.6500015258789,132.49000549316406,125.04000091552734,132.36000061035156,12804700,2026-04-13
MSTR,2026-04-14 13:30:00+00:00,137.92999267578125,143.6999969482422,136.32000732421875,137.41000366210938,20643200,2026-04-14
MSTR,2026-04-15 13:30:00+00:00,139.75,143.75,135.49000549316406,143.5399932861328,13941700,2026-04-15
MSTR,2026-04-16 13:30:00+00:00,143.2100067138672,149.16000366210938,139.3300018310547,148.94000244140625,17638000,2026-04-16
MSTR,2026-04-17 13:30:00+00:00,154.6300048828125,173.14999389648438,153.77000427246094,166.52000427246094,52173700,2026-04-17
MSTR,2026-04-20 13:30:00+00:00,162.3000030517578,171.05999755859375,160.63999938964844,170.80999755859375,22173500,2026-04-20
MSTR,2026-04-21 13:30:00+00:00,170.61000061035156,172.89999389648438,163.75,163.97000122070312,22153500,2026-04-21
MSTR,2026-04-22 13:30:00+00:00,174.92999267578125,183.25,174.0,179.36000061035156,31893900,2026-04-22
MSTR,2026-04-23 13:30:00+00:00,175.8800048828125,180.9199981689453,171.5399932861328,172.47000122070312,19559000,2026-04-23
MSTR,2026-04-24 13:30:00+00:00,176.8800048828125,177.27999877929688,169.00999450683594,171.02000427246094,14119400,2026-04-24
MSTR,2026-04-27 13:30:00+00:00,170.9199981689453,175.75,167.61000061035156,169.1999969482422,13295400,2026-04-27
MSTR,2026-04-28 13:30:00+00:00,163.8699951171875,166.83999633789062,159.67999267578125,165.7100067138672,13858700,2026-04-28
MSTR,2026-04-29 13:30:00+00:00,165.7100067138672,165.74000549316406,156.11000061035156,158.19000244140625,15146200,2026-04-29
MSTR,2026-04-30 13:30:00+00:00,161.77000427246094,166.83999633789062,159.0,165.4499969482422,12437800,2026-04-30
MSTR,2026-05-01 13:30:00+00:00,170.8000030517578,180.3800048828125,169.42999267578125,177.1699981689453,21661200,2026-05-01
MSTR,2026-05-04 13:30:00+00:00,180.89999389648438,186.00999450683594,178.49000549316406,183.8000030517578,18210200,2026-05-04
MSTR,2026-05-05 13:30:00+00:00,189.5500030517578,190.41000366210938,183.72000122070312,186.89999389648438,15512800,2026-05-05
MSTR,2026-05-06 13:30:00+00:00,184.57000732421875,188.25999450683594,178.94000244140625,186.82000732421875,14338600,2026-05-06
MSTR,2026-05-07 13:30:00+00:00,184.41000366210938,184.41000366210938,175.72000122070312,179.83999633789062,15918100,2026-05-07
MSTR,2026-05-08 13:30:00+00:00,178.67999267578125,187.77000427246094,177.60000610351562,187.58999633789062,15985200,2026-05-08
MSTR,2026-05-11 13:30:00+00:00,189.1999969482422,197.0,182.30999755859375,195.94000244140625,16063000,2026-05-11
MSTR,2026-05-12 13:30:00+00:00,191.3300018310547,192.24000549316406,179.85000610351562,184.4199981689453,14738500,2026-05-12
MSTR,2026-05-13 13:30:00+00:00,182.02999877929688,182.47999572753906,175.57000732421875,178.02999877929688,12480700,2026-05-13
MSTR,2026-05-14 13:30:00+00:00,177.85000610351562,193.0,174.63999938964844,186.97000122070312,15859400,2026-05-14
MSTR,2026-05-15 13:30:00+00:00,182.11000061035156,182.22999572753906,173.61000061035156,177.4199981689453,19654300,2026-05-15
MSTR,2026-05-18 13:30:00+00:00,169.17999267578125,169.17999267578125,162.02000427246094,166.6300048828125,19299700,2026-05-18
MSTR,2026-05-19 13:30:00+00:00,163.99000549316406,168.49000549316406,163.5,164.6300048828125,10002000,2026-05-19
MSTR,2026-05-20 13:30:00+00:00,166.0,169.22999572753906,163.25999450683594,165.80999755859375,9825300,2026-05-20
MSTR,2026-05-21 13:30:00+00:00,164.27999877929688,168.7100067138672,160.57000732421875,164.85000610351562,10526900,2026-05-21
MSTR,2026-05-22 13:30:00+00:00,164.08999633789062,165.66000366210938,159.24000549316406,159.88999938964844,12786800,2026-05-22
MSTR,2026-05-26 13:30:00+00:00,160.8300018310547,167.0,159.27999877929688,159.92999267578125,11819500,2026-05-26
MSTR,2026-05-27 13:30:00+00:00,156.75999450683594,157.5500030517578,153.82000732421875,154.1999969482422,11885100,2026-05-27
MSTR,2026-05-28 13:30:00+00:00,148.97999572753906,153.63999938964844,144.3000030517578,151.63999938964844,16275000,2026-05-28
MSTR,2026-05-29 13:30:00+00:00,149.92999267578125,162.05999755859375,148.1999969482422,159.08999633789062,19225600,2026-05-29
MSTR,2026-06-01 13:30:00+00:00,148.47000122070312,153.8699951171875,144.2899932861328,149.77999877929688,17780300,2026-06-01
MSTR,2026-06-02 13:30:00+00:00,142.69000244140625,142.8000030517578,134.11000061035156,136.0800018310547,31130800,2026-06-02
MSTR,2026-06-03 13:30:00+00:00,134.5,138.17999267578125,125.0,126.55000305175781,21141800,2026-06-03
MSTR,2026-06-04 13:30:00+00:00,126.75,131.47000122070312,125.6500015258789,129.3699951171875,24590400,2026-06-04
MSTR,2026-06-05 13:30:00+00:00,124.25,125.30000305175781,114.30999755859375,120.44000244140625,41943500,2026-06-05
MSTR,2026-06-08 13:30:00+00:00,125.83999633789062,129.0,123.1500015258789,127.19999694824219,20952000,2026-06-08
MSTR,2026-06-09 13:30:00+00:00,122.8499984741211,125.55000305175781,114.20999908447266,117.0199966430664,23055700,2026-06-09
MSTR,2026-06-10 13:30:00+00:00,116.30000305175781,120.94000244140625,115.0,115.3499984741211,15690800,2026-06-10
MSTR,2026-06-11 13:30:00+00:00,116.11000061035156,121.0999984741211,113.2699966430664,120.1500015258789,17574200,2026-06-11
MSTR,2026-06-12 13:30:00+00:00,119.48999786376953,128.60000610351562,117.2699966430664,123.97000122070312,16772200,2026-06-12
MSTR,2026-06-15 13:30:00+00:00,133.22000122070312,136.25,130.6300048828125,131.13999938964844,19982400,2026-06-15
MSTR,2026-06-16 13:30:00+00:00,129.3800048828125,131.6999969482422,122.5,122.80999755859375,17795600,2026-06-16
MSTR,2026-06-17 13:30:00+00:00,123.01000213623047,125.41999816894531,116.36000061035156,116.55999755859375,18052900,2026-06-17
MSTR,2026-06-18 13:30:00+00:00,117.63999938964844,117.75,107.8499984741211,112.52999877929688,35530700,2026-06-18
MSTR,2026-06-22 13:30:00+00:00,116.20999908447266,120.0,107.30999755859375,109.45999908447266,25287400,2026-06-22
MSTR,2026-06-23 13:30:00+00:00,106.54000091552734,107.76000213623047,103.5199966430664,103.83999633789062,22502900,2026-06-23
MSTR,2026-06-24 13:30:00+00:00,102.4800033569336,102.97000122070312,92.27999877929688,94.12999725341797,40121100,2026-06-24
MSTR,2026-06-25 13:30:00+00:00,94.69000244140625,94.72000122070312,85.0,85.33000183105469,45066500,2026-06-25
MSTR,2026-06-26 13:30:00+00:00,83.2300033569336,87.66999816894531,81.80999755859375,82.30999755859375,45680000,2026-06-26
MSTR,2026-06-29 13:30:00+00:00,85.66999816894531,94.37000274658203,82.72000122070312,92.68000030517578,44931500,2026-06-29
MSTR,2026-06-30 13:30:00+00:00,86.20999908447266,88.26000213623047,83.41999816894531,86.93000030517578,35676600,2026-06-30
MSTR,2026-07-01 13:30:00+00:00,87.69999694824219,98.52999877929688,86.19999694824219,93.38999938964844,34687100,2026-07-01
MSTR,2026-07-02 13:30:00+00:00,99.8499984741211,104.11000061035156,97.56999969482422,100.7699966430664,34625800,2026-07-02
MSTR,2026-07-06 13:30:00+00:00,95.13999938964844,104.77999877929688,94.62999725341797,100.7699966430664,27536200,2026-07-06
MSTR,2026-07-07 13:30:00+00:00,101.18000030517578,103.55999755859375,96.95999908447266,97.36000061035156,18218000,2026-07-07
MSTR,2026-07-08 13:30:00+00:00,93.68000030517578,95.04000091552734,91.77999877929688,93.87000274658203,17801100,2026-07-08
MSTR,2026-07-09 13:30:00+00:00,94.05999755859375,96.80000305175781,92.83000183105469,93.88999938964844,13822800,2026-07-09
MSTR,2026-07-10 13:30:00+00:00,98.76000213623047,100.12000274658203,93.3499984741211,94.63999938964844,16284500,2026-07-10
MSTR,2026-07-13 13:30:00+00:00,91.48999786376953,93.63999938964844,90.0199966430664,92.0999984741211,12682300,2026-07-13
MSTR,2026-07-14 13:30:00+00:00,94.76000213623047,98.02999877929688,93.55999755859375,97.58000183105469,18043700,2026-07-14
MSTR,2026-07-15 13:30:00+00:00,99.79000091552734,101.94999694824219,96.36000061035156,97.47000122070312,14584900,2026-07-15
MSTR,2026-07-16 13:30:00+00:00,96.0,96.61000061035156,93.44999694824219,94.02999877929688,11365100,2026-07-16
MSTR,2026-07-17 13:30:00+00:00,91.30000305175781,95.97000122070312,90.05999755859375,94.8499984741211,13064500,2026-07-17
MSTR,2026-07-20 13:30:00+00:00,95.62000274658203,100.91999816894531,94.86000061035156,97.81999969482422,16170500,2026-07-20
MSTR,2026-07-21 13:30:00+00:00,101.30999755859375,104.5999984741211,99.94999694824219,101.94999694824219,20223500,2026-07-21
MSTR,2026-07-22 13:30:00+00:00,100.05999755859375,101.94999694824219,98.12000274658203,100.01000213623047,13066300,2026-07-22
MSTR,2026-07-23 13:30:00+00:00,97.0,97.51000213623047,92.33999633789062,93.62999725341797,17186400,2026-07-23
MSTR,2026-07-24 13:30:00+00:00,93.37000274658203,93.68000030517578,89.76000213623047,91.66999816894531,13088100,2026-07-24
MSTR,2026-07-27 13:30:00+00:00,94.54000091552734,99.16000366210938,94.0199966430664,98.6500015258789,17633500,2026-07-27
MSTR,2026-07-28 13:30:00+00:00,95.47000122070312,98.37000274658203,93.12000274658203,96.16000366210938,13353300,2026-07-28
MSTR,2026-07-29 13:30:00+00:00,96.37999725341797,100.05000305175781,93.2699966430664,93.33000183105469,14243200,2026-07-29
MSTR,2026-07-30 13:30:00+00:00,95.08999633789062,98.22000122070312,94.33000183105469,97.73999786376953,13472200,2026-07-30
MSTR,2026-07-31 13:30:00+00:00,94.86000061035156,95.19999694824219,89.20999908447266,93.27999877929688,20678300,2026-07-31
MSTR,2026-08-03 13:30:00+00:00,92.01000213623047,96.05999755859375,90.93000030517578,94.86000061035156,13894600,2026-08-03
MSTR,2026-08-04 13:30:00+00:00,93.91000366210938,97.9800033569336,93.4000015258789,97.6500015258789,15220800,2026-08-04
MSTR,2026-08-05 13:30:00+00:00,97.91999816894531,99.2300033569336,96.12000274658203,98.37000274658203,13695600,2026-08-05
MSTR,2026-08-06 13:30:00+00:00,96.05999755859375,98.37999725341797,95.44000244140625,96.8499984741211,10128700,2026-08-06
MSTR,2026-08-07 13:30:00+00:00,101.33999633789062,105.5,96.7699966430664,100.01000213623047,29002700,2026-08-07
MSTR,2026-08-10 13:30:00+00:00,99.45999908447266,100.7699966430664,96.23999786376953,97.33000183105469,13560300,2026-08-10
MSTR,2026-08-11 13:30:00+00:00,97.4000015258789,99.26000213623047,95.13999938964844,96.08999633789062,12159900,2026-08-11
MSTR,2026-08-12 13:30:00+00:00,97.16000366210938,97.88999938964844,94.5999984741211,94.83000183105469,11468100,2026-08-12
MSTR,2026-08-13 13:30:00+00:00,94.83000183105469,98.87999725341797,94.27999877929688,97.0999984741211,18336800,2026-08-13
MSTR,2026-08-14 13:30:00+00:00,94.9800033569336,95.08000183105469,91.66999816894531,93.04000091552734,20678800,2026-08-14
MSTR,2026-08-17 13:30:00+00:00,93.25,98.56999969482422,93.08000183105469,97.68000030517578,20353400,2026-08-17
MSTR,2026-08-18 13:30:00+00:00,95.83999633789062,97.66000366210938,92.44999694824219,92.5199966430664,16911000,2026-08-18
MSTR,2026-08-19 13:30:00+00:00,94.54000091552734,106.9000015258789,94.30000305175781,104.25,49175200,2026-08-19
MSTR,2026-08-20 13:30:00+00:00,113.2300033569336,113.73999786376953,108.3499984741211,112.38999938964844,47249100,2026-08-20
MSTR,2026-08-21 13:30:00+00:00,119.69000244140625,121.91000366210938,115.80000305175781,119.25,46364300,2026-08-21
MSTR,2026-08-24 13:30:00+00:00,121.83999633789062,127.9000015258789,119.37999725341797,122.62999725341797,41298800,2026-08-24
MSTR,2026-08-25 13:30:00+00:00,119.11000061035156,128.66000366210938,118.44999694824219,126.83000183105469,31722400,2026-08-25
MSTR,2026-08-26 13:30:00+00:00,123.26000213623047,125.54000091552734,120.87000274658203,123.19000244140625,17032300,2026-08-26
MSTR,2026-08-27 13:30:00+00:00,126.7699966430664,139.77999877929688,124.47000122070312,137.39999389648438,44380800,2026-08-27
MSTR,2026-08-28 13:30:00+00:00,134.0,135.97000122070312,126.33999633789062,127.30999755859375,31279400,2026-08-28
MSTR,2026-08-31 13:30:00+00:00,128.57000732421875,133.3800048828125,125.73999786376953,132.94000244140625,24230500,2026-08-31
MSTR,2026-09-01 13:30:00+00:00,128.02999877929688,129.89999389648438,123.58999633789062,124.87999725341797,22289000,2026-09-01
MSTR,2026-09-02 13:30:00+00:00,123.3499984741211,124.66000366210938,121.37999725341797,123.19000244140625,14852200,2026-09-02
MSTR,2026-09-03 13:30:00+00:00,127.98999786376953,144.9199981689453,127.58000183105469,144.82000732421875,45245400,2026-09-03
MSTR,2026-09-04 13:30:00+00:00,137.35000610351562,144.39999389648438,137.07000732421875,142.8000030517578,27162700,2026-09-04
MSTR,2026-09-08 13:30:00+00:00,137.6199951171875,139.30999755859375,135.3800048828125,136.52000427246094,19904000,2026-09-08
MSTR,2026-09-09 13:30:00+00:00,141.82000732421875,141.97999572753906,132.58999633789062,132.6999969482422,17359700,2026-09-09
MSTR,2026-09-10 13:30:00+00:00,128.44000244140625,131.8800048828125,126.91000366210938,128.55999755859375,14529500,2026-09-10
MSTR,2026-09-11 13:30:00+00:00,130.6699981689453,137.88999938964844,129.27999877929688,130.97000122070312,19473000,2026-09-11
MSTR,2026-09-14 13:30:00+00:00,130.89999389648438,137.50999450683594,130.72999572753906,136.94000244140625,18712900,2026-09-14
MSTR,2026-09-15 13:30:00+00:00,131.67999267578125,134.0,125.44000244140625,129.60000610351562,23136900,2026-09-15
MSTR,2026-09-16 13:30:00+00:00,130.02000427246094,130.4199981689453,123.33000183105469,126.18000030517578,22226100,2026-09-16
MSTR,2026-09-17 13:30:00+00:00,129.89999389648438,133.4199981689453,127.79000091552734,132.25,18591700,2026-09-17
MSTR,2026-09-18 13:30:00+00:00,136.5800018310547,154.02000427246094,136.17999267578125,153.9199981689453,54674100,2026-09-18
MSTR,2026-09-21 13:30:00+00:00,164.5800018310547,169.52000427246094,164.49000549316406,168.5,41898400,2026-09-21
MSTR,2026-09-22 13:30:00+00:00,167.5500030517578,171.19000244140625,167.25,167.3300018310547,23855700,2026-09-22
MSTR,2026-09-23 13:30:00+00:00,167.22999572753906,169.5,161.83999633789062,162.1999969482422,21238100,2026-09-23
MSTR,2026-09-24 13:30:00+00:00,161.00999450683594,165.13999938964844,158.2899932861328,161.61000061035156,16938200,2026-09-24
MSTR,2026-09-25 13:30:00+00:00,162.83999633789062,162.86000061035156,156.77999877929688,158.61000061035156,18529100,2026-09-25
MSTR,2026-09-28 13:30:00+00:00,157.75999450683594,161.72000122070312,155.05999755859375,157.13999938964844,16368800,2026-09-28
MSTR,2026-09-29 13:30:00+00:00,161.6300048828125,161.6300048828125,152.33999633789062,154.6699981689453,16376400,2026-09-29
MSTR,2026-09-30 13:30:00+00:00,160.88999938964844,163.52999877929688,152.02000427246094,153.08999633789062,17559300,2026-09-30
MSTR,2026-10-01 13:30:00+00:00,153.8300018310547,161.5800018310547,152.6300048828125,160.5,19345200,2026-10-01
MSTR,2026-10-02 13:30:00+00:00,165.88999938964844,170.1699981689453,155.88999938964844,160.00999450683594,27355400,2026-10-02
COIN,2024-10-03 13:30:00+00:00,162.8300018310547,166.41000366210938,161.41000366210938,163.10000610351562,4298600,2024-10-03
COIN,2024-10-04 13:30:00+00:00,167.9600067138672,171.24000549316406,164.0,170.91000366210938,6852400,2024-10-04
COIN,2024-10-07 13:30:00+00:00,172.0,176.14999389648438,166.88999938964844,168.9199981689453,6797500,2024-10-07
COIN,2024-10-08 13:30:00+00:00,166.36000061035156,170.0500030517578,165.02000427246094,167.69000244140625,5696100,2024-10-08
COIN,2024-10-09 13:30:00+00:00,167.69000244140625,172.49000549316406,165.77999877929688,166.97000122070312,5725000,2024-10-09
COIN,2024-10-10 13:30:00+00:00,166.0500030517578,167.30999755859375,161.8699951171875,164.27000427246094,5379900,2024-10-10
COIN,2024-10-11 13:30:00+00:00,165.5399932861328,179.17999267578125,165.22000122070312,176.3800048828125,10767100,2024-10-11
COIN,2024-10-14 13:30:00+00:00,181.19000244140625,197.69000244140625,178.27000427246094,196.35000610351562,18131400,2024-10-14
COIN,2024-10-15 13:30:00+00:00,195.67999267578125,204.89999389648438,188.30999755859375,196.33999633789062,17324800,2024-10-15
COIN,2024-10-16 13:30:00+00:00,203.52999877929688,212.4199981689453,197.60000610351562,210.47999572753906,13970000,2024-10-16
COIN,2024-10-17 13:30:00+00:00,209.1999969482422,209.4499969482422,201.1300048828125,204.1999969482422,8908000,2024-10-17
COIN,2024-10-18 13:30:00+00:00,208.0500030517578,220.25999450683594,207.13999938964844,220.2100067138672,13569600,2024-10-18
COIN,2024-10-21 13:30:00+00:00,215.39999389648438,216.86000061035156,208.1300048828125,213.72000122070312,12686400,2024-10-21
COIN,2024-10-22 13:30:00+00:00,209.4499969482422,215.9499969482422,207.3000030517578,210.72000122070312,7485100,2024-10-22
COIN,2024-10-23 13:30:00+00:00,206.3000030517578,209.6999969482422,194.60000610351562,198.92999267578125,10350100,2024-10-23
COIN,2024-10-24 13:30:00+00:00,206.8699951171875,210.5500030517578,200.8000030517578,209.16000366210938,9925400,2024-10-24
COIN,2024-10-25 13:30:00+00:00,208.3000030517578,213.6699981689453,203.39999389648438,205.0399932861328,9261300,2024-10-25
COIN,2024-10-28 13:30:00+00:00,213.35000610351562,218.0,210.5,216.10000610351562,10458700,2024-10-28
COIN,2024-10-29 13:30:00+00:00,220.91000366210938,223.89999389648438,216.11000061035156,219.66000366210938,11542200,2024-10-29
COIN,2024-10-30 13:30:00+00:00,213.10000610351562,220.4600067138672,209.47000122070312,211.74000549316406,9515900,2024-10-30
COIN,2024-10-31 13:30:00+00:00,203.72999572753906,206.0,178.82000732421875,179.25,18892000,2024-10-31
COIN,2024-11-01 13:30:00+00:00,180.0,190.94000244140625,179.5399932861328,182.8800048828125,14443400,2024-11-01
COIN,2024-11-04 14:30:00+00:00,180.08999633789062,186.9499969482422,176.3800048828125,186.27000427246094,11348800,2024-11-04
COIN,2024-11-05 14:30:00+00:00,185.58999633789062,197.25,185.50999450683594,193.9600067138672,9950800,2024-11-05
COIN,2024-11-06 14:30:00+00:00,221.47999572753906,257.67999267578125,221.11000061035156,254.30999755859375,35456000,2024-11-06
COIN,2024-11-07 14:30:00+00:00,245.6300048828125,259.69000244140625,242.33999633789062,255.5800018310547,16655300,2024-11-07
COIN,2024-11-08 14:30:00+00:00,257.6700134277344,273.5,257.1499938964844,270.739990234375,17431700,2024-11-08
COIN,2024-11-11 14:30:00+00:00,300.30999755859375,334.8599853515625,296.0,324.239990234375,42437500,2024-11-11
COIN,2024-11-12 14:30:00+00:00,310.04998779296875,327.0,306.1000061035156,319.1300048828125,24819600,2024-11-12
COIN,2024-11-13 14:30:00+00:00,325.010009765625,332.3500061035156,282.6600036621094,284.7200012207031,27997400,2024-11-13
COIN,2024-11-14 14:30:00+00:00,290.80999755859375,292.57000732421875,274.29998779296875,278.8399963378906,17375300,2024-11-14
COIN,2024-11-15 14:30:00+00:00,282.510009765625,306.4599914550781,276.0199890136719,305.8500061035156,18020600,2024-11-15
COIN,2024-11-18 14:30:00+00:00,301.8299865722656,329.5899963378906,288.5,325.4100036621094,25607400,2024-11-18
COIN,2024-11-19 14:30:00+00:00,322.0799865722656,327.239990234375,315.5,324.57000732421875,13447900,2024-11-19
COIN,2024-11-20 14:30:00+00:00,332.25,341.75,303.79998779296875,320.010009765625,22875200,2024-11-20
COIN,2024-11-21 14:30:00+00:00,329.95001220703125,330.5,288.54998779296875,295.2300109863281,25187400,2024-11-21
COIN,2024-11-22 14:30:00+00:00,294.8900146484375,311.3699951171875,290.79998779296875,304.6400146484375,12187200,2024-11-22
COIN,2024-11-25 14:30:00+00:00,309.0,317.4599914550781,291.20001220703125,312.2200012207031,14645900,2024-11-25
COIN,2024-11-26 14:30:00+00:00,298.260009765625,309.20001220703125,289.1300048828125,293.2900085449219,13215700,2024-11-26
COIN,2024-11-27 14:30:00+00:00,302.7799987792969,314.2900085449219,295.3599853515625,310.9800109863281,13290800,2024-11-27
COIN,2024-11-29 14:30:00+00:00,311.95001220703125,316.29998779296875,295.80999755859375,296.20001220703125,9550200,2024-11-29
COIN,2024-12-02 14:30:00+00:00,302.0299987792969,311.4700012207031,299.5,302.3999938964844,11221100,2024-12-02
COIN,2024-12-03 14:30:00+00:00,296.7799987792969,314.42999267578125,296.6499938964844,309.3500061035156,10069300,2024-12-03
COIN,2024-12-04 14:30:00+00:00,312.0,332.0,309.1199951171875,330.94000244140625,15798000,2024-12-04
COIN,2024-12-05 14:30:00+00:00,343.3599853515625,349.489990234375,315.1700134277344,320.57000732421875,19769900,2024-12-05
COIN,2024-12-06 14:30:00+00:00,328.55999755859375,349.75,325.5,343.6199951171875,16759200,2024-12-06
COIN,2024-12-09 14:30:00+00:00,339.9100036621094,340.1600036621094,309.67999267578125,310.5199890136719,16974800,2024-12-09
COIN,2024-12-10 14:30:00+00:00,318.0299987792969,318.739990234375,298.5199890136719,302.4200134277344,11930600,2024-12-10
COIN,2024-12-11 14:30:00+00:00,311.8500061035156,320.8999938964844,308.82000732421875,313.80999755859375,10253400,2024-12-11
COIN,2024-12-12 14:30:00+00:00,317.760009765625,323.5,307.75,312.9599914550781,8324400,2024-12-12
COIN,2024-12-13 14:30:00+00:00,316.0,317.17999267578125,305.25,310.5799865722656,5832600,2024-12-13
COIN,2024-12-16 14:30:00+00:00,316.8999938964844,326.2300109863281,314.7699890136719,315.30999755859375,11461400,2024-12-16
COIN,2024-12-17 14:30:00+00:00,319.8299865722656,323.07000732421875,303.5,311.6400146484375,7440600,2024-12-17
COIN,2024-12-18 14:30:00+00:00,308.0,312.1400146484375,275.80999755859375,279.8599853515625,12615200,2024-12-18
COIN,2024-12-19 14:30:00+00:00,290.6400146484375,295.4800109863281,268.8800048828125,273.9200134277344,11708600,2024-12-19
COIN,2024-12-20 14:30:00+00:00,266.1300048828125,281.739990234375,261.8699951171875,278.7099914550781,10009800,2024-12-20
COIN,2024-12-23 14:30:00+00:00,274.5199890136719,275.3299865722656,263.07000732421875,268.1499938964844,6853500,2024-12-23
COIN,2024-12-24 14:30:00+00:00,273.2200012207031,284.0,271.8599853515625,279.6199951171875,4805100,2024-12-24
COIN,2024-12-26 14:30:00+00:00,275.5799865722656,279.239990234375,271.3900146484375,274.4100036621094,4410400,2024-12-26
COIN,2024-12-27 14:30:00+00:00,274.20001220703125,274.25,263.2099914550781,265.7099914550781,5554000,2024-12-27
COIN,2024-12-30 14:30:00+00:00,259.9800109863281,260.5,247.60000610351562,255.55999755859375,7727100,2024-12-30
COIN,2024-12-31 14:30:00+00:00,262.9700012207031,263.6600036621094,246.3699951171875,248.3000030517578,5414900,2024-12-31
COIN,2025-01-02 14:30:00+00:00,256.4800109863281,262.30999755859375,251.0,257.2099914550781,6289500,2025-01-02
COIN,2025-01-03 14:30:00+00:00,259.8900146484375,271.5899963378906,258.5899963378906,270.6499938964844,5990800,2025-01-03
COIN,2025-01-06 14:30:00+00:00,279.07000732421875,293.6000061035156,271.75,287.760009765625,10835000,2025-01-06
COIN,2025-01-07 14:30:00+00:00,286.739990234375,287.5799865722656,260.239990234375,264.3299865722656,11614700,2025-01-07
COIN,2025-01-08 14:30:00+00:00,263.8800048828125,267.0,252.99000549316406,260.010009765625,5951100,2025-01-08
COIN,2025-01-10 14:30:00+00:00,257.7699890136719,261.8699951171875,248.0500030517578,258.7799987792969,5579200,2025-01-10
COIN,2025-01-13 14:30:00+00:00,246.97999572753906,251.80999755859375,240.77000427246094,251.1999969482422,7019500,2025-01-13
COIN,2025-01-14 14:30:00+00:00,261.7300109863281,263.0,251.0,255.3699951171875,5704100,2025-01-14
COIN,2025-01-15 14:30:00+00:00,266.8699951171875,278.32000732421875,264.44000244140625,274.92999267578125,9113900,2025-01-15
COIN,2025-01-16 14:30:00+00:00,274.0,285.0199890136719,268.1400146484375,281.6300048828125,6751100,2025-01-16
COIN,2025-01-17 14:30:00+00:00,292.0,300.3500061035156,289.3299865722656,295.4800109863281,11290100,2025-01-17
COIN,2025-01-21 14:30:00+00:00,298.5199890136719,303.1000061035156,273.6199951171875,294.19000244140625,12912400,2025-01-21
COIN,2025-01-22 14:30:00+00:00,290.4599914550781,298.79998779296875,286.2799987792969,295.8500061035156,6668900,2025-01-22
COIN,2025-01-23 14:30:00+00:00,289.739990234375,303.55999755859375,287.8999938964844,296.010009765625,11534800,2025-01-23
COIN,2025-01-24 14:30:00+00:00,300.0,310.6099853515625,297.6199951171875,298.0,9763300,2025-01-24
COIN,2025-01-27 14:30:00+00:00,283.70001220703125,289.7799987792969,265.20001220703125,277.989990234375,12238800,2025-01-27
COIN,2025-01-28 14:30:00+00:00,280.5,284.8399963378906,276.0,281.82000732421875,4516600,2025-01-28
COIN,2025-01-29 14:30:00+00:00,281.82000732421875,294.3800048828125,277.010009765625,291.0,6255900,2025-01-29
COIN,2025-01-30 14:30:00+00:00,293.7099914550781,306.0,293.0199890136719,301.29998779296875,8637500,2025-01-30
COIN,2025-01-31 14:30:00+00:00,300.8599853515625,304.7300109863281,287.2200012207031,291.3299865722656,6514500,2025-01-31
COIN,2025-02-03 14:30:00+00:00,272.9800109863281,288.760009765625,269.29998779296875,284.4100036621094,9517700,2025-02-03
COIN,2025-02-04 14:30:00+00:00,283.0,289.3900146484375,278.6300048828125,280.3900146484375,6013500,2025-02-04
COIN,2025-02-05 14:30:00+00:00,283.6099853515625,285.760009765625,274.55999755859375,275.1400146484375,5344600,2025-02-05
COIN,2025-02-06 14:30:00+00:00,279.5199890136719,284.6000061035156,269.0,270.3699951171875,6717700,2025-02-06
COIN,2025-02-07 14:30:00+00:00,274.04998779296875,282.57000732421875,271.75,274.489990234375,7885600,2025-02-07
COIN,2025-02-10 14:30:00+00:00,280.3999938964844,285.55999755859375,274.6000061035156,280.2200012207031,5521800,2025-02-10
COIN,2025-02-11 14:30:00+00:00,277.54998779296875,279.0,265.8299865722656,266.8999938964844,6915000,2025-02-11
COIN,2025-02-12 14:30:00+00:00,264.3900146484375,277.79998779296875,263.4800109863281,274.8999938964844,6362800,2025-02-12
COIN,2025-02-13 14:30:00+00:00,284.0,302.3999938964844,282.5,298.1099853515625,18900200,2025-02-13
COIN,2025-02-14 14:30:00+00:00,288.0199890136719,291.54998779296875,274.0,274.30999755859375,19269700,2025-02-14
COIN,2025-02-18 14:30:00+00:00,278.79998779296875,279.17999267578125,260.5,264.6300048828125,11564800,2025-02-18
COIN,2025-02-19 14:30:00+00:00,265.760009765625,267.0,257.67999267578125,258.6700134277344,6813800,2025-02-19
COIN,2025-02-20 14:30:00+00:00,260.6600036621094,262.25,250.3699951171875,256.5899963378906,6400700,2025-02-20
COIN,2025-02-21 14:30:00+00:00,266.989990234375,267.79998779296875,234.75999450683594,235.3800048828125,17195500,2025-02-21
COIN,2025-02-24 14:30:00+00:00,239.13999938964844,240.24000549316406,223.60000610351562,227.07000732421875,12125000,2025-02-24
COIN,2025-02-25 14:30:00+00:00,219.97000122070312,222.85000610351562,205.1199951171875,212.49000549316406,15192600,2025-02-25
COIN,2025-02-26 14:30:00+00:00,212.6300048828125,218.57000732421875,207.99000549316406,212.9600067138672,7871600,2025-02-26
COIN,2025-02-27 14:30:00+00:00,218.1300048828125,221.5800018310547,207.7899932861328,208.3699951171875,8082400,2025-02-27
COIN,2025-02-28 14:30:00+00:00,205.27000427246094,216.44000244140625,201.10000610351562,215.6199951171875,9031200,2025-02-28
COIN,2025-03-03 14:30:00+00:00,232.22999572753906,233.39999389648438,203.44000244140625,205.75,15997800,2025-03-03
COIN,2025-03-04 14:30:00+00:00,200.52000427246094,218.94000244140625,193.08999633789062,212.5500030517578,13060900,2025-03-04
COIN,2025-03-05 14:30:00+00:00,214.88999938964844,223.14999389648438,208.0,222.4499969482422,9581600,2025-03-05
COIN,2025-03-06 14:30:00+00:00,214.50999450683594,226.60000610351562,213.0,214.1699981689453,8405400,2025-03-06
COIN,2025-03-07 14:30:00+00:00,214.88999938964844,222.0500030517578,206.77000427246094,217.4499969482422,8615100,2025-03-07
COIN,2025-03-10 13:30:00+00:00,205.0800018310547,206.83999633789062,176.85000610351562,179.22999572753906,18664100,2025-03-10
COIN,2025-03-11 13:30:00+00:00,186.0,195.69000244140625,183.3000030517578,191.69000244140625,11382200,2025-03-11
COIN,2025-03-12 13:30:00+00:00,195.39999389648438,199.1999969482422,183.75,191.72999572753906,9616800,2025-03-12
COIN,2025-03-13 13:30:00+00:00,188.6199951171875,188.85000610351562,177.11000061035156,177.49000549316406,9559400,2025-03-13
COIN,2025-03-14 13:30:00+00:00,183.80999755859375,186.74000549316406,179.16000366210938,183.1199951171875,9454400,2025-03-14
COIN,2025-03-17 13:30:00+00:00,182.0,193.24000549316406,180.77000427246094,188.9600067138672,7216500,2025-03-17
COIN,2025-03-18 13:30:00+00:00,185.0,186.49000549316406,178.77999877929688,181.13999938964844,7408200,2025-03-18
COIN,2025-03-19 13:30:00+00:00,184.8300018310547,193.77999877929688,182.8000030517578,189.75,8194200,2025-03-19
COIN,2025-03-20 13:30:00+00:00,185.88999938964844,193.92999267578125,185.8800048828125,190.3800048828125,6718000,2025-03-20
COIN,2025-03-21 13:30:00+00:00,185.57000732421875,190.72000122070312,183.75,189.86000061035156,7344800,2025-03-21
COIN,2025-03-24 13:30:00+00:00,197.5,203.25,194.4199981689453,203.0399932861328,9489500,2025-03-24
COIN,2025-03-25 13:30:00+00:00,202.1300048828125,206.92999267578125,198.33999633789062,204.22999572753906,7877700,2025-03-25
COIN,2025-03-26 13:30:00+00:00,203.0,206.0,192.2899932861328,193.9499969482422,7113400,2025-03-26
COIN,2025-03-27 13:30:00+00:00,192.97000122070312,195.3300018310547,187.8000030517578,188.5800018310547,5426300,2025-03-27
COIN,2025-03-28 13:30:00+00:00,185.72000122070312,186.7899932861328,172.99000549316406,173.92999267578125,10040200,2025-03-28
COIN,2025-03-31 13:30:00+00:00,169.3800048828125,173.5800018310547,163.52000427246094,172.22999572753906,7781300,2025-03-31
COIN,2025-04-01 13:30:00+00:00,172.82000732421875,176.0500030517578,168.5500030517578,174.52000427246094,5489700,2025-04-01
COIN,2025-04-02 13:30:00+00:00,170.57000732421875,184.11000061035156,170.35000610351562,182.9499969482422,8208600,2025-04-02
COIN,2025-04-03 13:30:00+00:00,168.5800018310547,172.02999877929688,164.64999389648438,170.75999450683594,9556200,2025-04-03
COIN,2025-04-04 13:30:00+00:00,166.02000427246094,167.5,147.1699981689453,160.5500030517578,14570800,2025-04-04
COIN,2025-04-07 13:30:00+00:00,146.0399932861328,167.39999389648438,142.5800018310547,157.27999877929688,13251700,2025-04-07
COIN,2025-04-08 13:30:00+00:00,165.1999969482422,167.8000030517578,147.35000610351562,151.47000122070312,11117400,2025-04-08
COIN,2025-04-09 13:30:00+00:00,150.0800018310547,183.89999389648438,150.0800018310547,177.08999633789062,15258000,2025-04-09
COIN,2025-04-10 13:30:00+00:00,168.5,173.82000732421875,159.11000061035156,169.6199951171875,11196300,2025-04-10
COIN,2025-04-11 13:30:00+00:00,171.3000030517578,178.0,167.0,175.5,7769300,2025-04-11
COIN,2025-04-14 13:30:00+00:00,180.5,182.38999938964844,172.00999450683594,176.5800018310547,6427100,2025-04-14
COIN,2025-04-15 13:30:00+00:00,177.74000549316406,179.77000427246094,172.3000030517578,175.57000732421875,5369500,2025-04-15
COIN,2025-04-16 13:30:00+00:00,170.5,174.8000030517578,168.5,172.2100067138672,5226700,2025-04-16
COIN,2025-04-17 13:30:00+00:00,172.60000610351562,177.5,171.3000030517578,175.02999877929688,5125300,2025-04-17
COIN,2025-04-21 13:30:00+00:00,175.10000610351562,177.97999572753906,171.41000366210938,175.0,5054700,2025-04-21
COIN,2025-04-22 13:30:00+00:00,178.7899932861328,193.49000549316406,178.39999389648438,190.0,12807000,2025-04-22
COIN,2025-04-23 13:30:00+00:00,197.75,200.8000030517578,191.52000427246094,194.8000030517578,9870200,2025-04-23
COIN,2025-04-24 13:30:00+00:00,193.4199981689453,204.2100067138672,193.10000610351562,203.8699951171875,6840600,2025-04-24
COIN,2025-04-25 13:30:00+00:00,205.57000732421875,211.6199951171875,203.74000549316406,209.63999938964844,8060900,2025-04-25
COIN,2025-04-28 13:30:00+00:00,208.1999969482422,208.77999877929688,197.4199981689453,205.27000427246094,7624200,2025-04-28
COIN,2025-04-29 13:30:00+00:00,205.3000030517578,207.39999389648438,203.13999938964844,206.1300048828125,4254900,2025-04-29
COIN,2025-04-30 13:30:00+00:00,199.6699981689453,203.0399932861328,195.5500030517578,202.88999938964844,4769400,2025-04-30
COIN,2025-05-01 13:30:00+00:00,208.4600067138672,208.75,201.16000366210938,201.3000030517578,6243200,2025-05-01
COIN,2025-05-02 13:30:00+00:00,204.6999969482422,209.0,202.36000061035156,204.92999267578125,6133300,2025-05-02
COIN,2025-05-05 13:30:00+00:00,201.72999572753906,204.11000061035156,198.64999389648438,199.39999389648438,5108700,2025-05-05
COIN,2025-05-06 13:30:00+00:00,195.3800048828125,198.75999450683594,193.33999633789062,196.88999938964844,4672600,2025-05-06
COIN,2025-05-07 13:30:00+00:00,199.8300018310547,200.47999572753906,193.80999755859375,196.55999755859375,4825700,2025-05-07
COIN,2025-05-08 13:30:00+00:00,205.30999755859375,210.47000122070312,202.80999755859375,206.5,14390000,2025-05-08
COIN,2025-05-09 13:30:00+00:00,204.52000427246094,214.1300048828125,198.77000427246094,199.32000732421875,16384200,2025-05-09
COIN,2025-05-12 13:30:00+00:00,208.94000244140625,213.60000610351562,205.61000061035156,207.22000122070312,14944200,2025-05-12
COIN,2025-05-13 13:30:00+00:00,231.7100067138672,260.4200134277344,231.49000549316406,256.8999938964844,39119000,2025-05-13
COIN,2025-05-14 13:30:00+00:00,256.8599853515625,264.489990234375,253.5500030517578,263.4100036621094,18344700,2025-05-14
COIN,2025-05-15 13:30:00+00:00,256.5,257.8500061035156,240.0,244.44000244140625,25917200,2025-05-15
COIN,2025-05-16 13:30:00+00:00,249.75999450683594,270.45001220703125,248.8300018310547,266.4599914550781,72627500,2025-05-16
COIN,2025-05-19 13:30:00+00:00,259.7799987792969,267.6000061035156,259.70001220703125,263.989990234375,12437600,2025-05-19
COIN,2025-05-20 13:30:00+00:00,265.1199951171875,265.3599853515625,257.25,261.3800048828125,8624600,2025-05-20
COIN,2025-05-21 13:30:00+00:00,260.20001220703125,270.3800048828125,257.75,258.989990234375,11748000,2025-05-21
COIN,2025-05-22 13:30:00+00:00,265.1300048828125,277.010009765625,263.510009765625,271.95001220703125,15613700,2025-05-22
COIN,2025-05-23 13:30:00+00:00,263.0,268.0400085449219,260.3399963378906,263.1600036621094,9290300,2025-05-23
COIN,2025-05-27 13:30:00+00:00,269.0199890136719,270.1000061035156,264.6700134277344,266.3999938964844,7884500,2025-05-27
COIN,2025-05-28 13:30:00+00:00,265.70001220703125,265.70001220703125,253.8000030517578,254.2899932861328,8305300,2025-05-28
COIN,2025-05-29 13:30:00+00:00,258.7200012207031,258.94000244140625,246.75999450683594,248.83999633789062,7673400,2025-05-29
COIN,2025-05-30 13:30:00+00:00,246.8699951171875,249.9600067138672,244.1300048828125,246.6199951171875,6070900,2025-05-30
COIN,2025-06-02 13:30:00+00:00,247.4600067138672,249.86000061035156,240.91000366210938,246.72000122070312,6188000,2025-06-02
COIN,2025-06-03 13:30:00+00:00,248.38999938964844,260.6000061035156,246.22000122070312,258.9100036621094,9946400,2025-06-03
COIN,2025-06-04 13:30:00+00:00,257.5199890136719,261.57000732421875,254.33999633789062,256.0,6026800,2025-06-04
COIN,2025-06-05 13:30:00+00:00,261.04998779296875,265.6499938964844,240.0800018310547,244.1999969482422,11971900,2025-06-05
COIN,2025-06-06 13:30:00+00:00,250.52999877929688,256.1700134277344,249.77999877929688,251.27000427246094,7360200,2025-06-06
COIN,2025-06-09 13:30:00+00:00,255.66000366210938,258.25,252.39999389648438,256.6300048828125,6064800,2025-06-09
COIN,2025-06-10 13:30:00+00:00,258.8800048828125,262.3999938964844,251.6300048828125,254.94000244140625,5858000,2025-06-10
COIN,2025-06-11 13:30:00+00:00,257.2099914550781,259.8999938964844,249.05999755859375,250.67999267578125,5986100,2025-06-11
COIN,2025-06-12 13:30:00+00:00,246.52000427246094,247.75,239.35000610351562,241.0500030517578,7725300,2025-06-12
COIN,2025-06-13 13:30:00+00:00,237.4499969482422,243.1999969482422,235.2899932861328,242.7100067138672,7062700,2025-06-13
COIN,2025-06-16 13:30:00+00:00,247.77000427246094,263.29998779296875,245.32000732421875,261.57000732421875,12034700,2025-06-16
COIN,2025-06-17 13:30:00+00:00,256.6300048828125,259.6300048828125,248.67999267578125,253.85000610351562,9050800,2025-06-17
COIN,2025-06-18 13:30:00+00:00,254.0,299.32000732421875,251.8800048828125,295.2900085449219,37434300,2025-06-18
COIN,2025-06-20 13:30:00+00:00,303.5799865722656,310.75,298.1000061035156,308.3800048828125,31468800,2025-06-20
COIN,2025-06-23 13:30:00+00:00,302.0799865722656,314.25,294.55999755859375,307.5899963378906,17553700,2025-06-23
COIN,2025-06-24 13:30:00+00:00,314.3900146484375,348.9700012207031,311.8999938964844,344.82000732421875,29670900,2025-06-24
COIN,2025-06-25 13:30:00+00:00,360.6000061035156,369.2799987792969,343.6199951171875,355.3699951171875,30154300,2025-06-25
COIN,2025-06-26 13:30:00+00:00,354.5299987792969,382.0,354.5299987792969,375.07000732421875,27371400,2025-06-26
COIN,2025-06-27 13:30:00+00:00,369.5400085449219,372.5,346.6600036621094,353.42999267578125,29000400,2025-06-27
COIN,2025-06-30 13:30:00+00:00,359.2300109863281,360.45001220703125,347.8999938964844,350.489990234375,11227600,2025-06-30
COIN,2025-07-01 13:30:00+00:00,339.9800109863281,353.3999938964844,334.0,335.3299865722656,13132100,2025-07-01
COIN,2025-07-02 13:30:00+00:00,340.5799865722656,357.1600036621094,338.67999267578125,354.45001220703125,12493100,2025-07-02
COIN,2025-07-03 13:30:00+00:00,350.3500061035156,357.8699951171875,348.5,355.79998779296875,6704300,2025-07-03
COIN,2025-07-07 13:30:00+00:00,354.20001220703125,364.0,351.0,357.1000061035156,7885300,2025-07-07
COIN,2025-07-08 13:30:00+00:00,362.75,368.7900085449219,348.0,354.82000732421875,9735000,2025-07-08
COIN,2025-07-09 13:30:00+00:00,358.6300048828125,374.0,353.2900085449219,373.8500061035156,13238400,2025-07-09
COIN,2025-07-10 13:30:00+00:00,372.4100036621094,389.1600036621094,369.0,388.9599914550781,17241600,2025-07-10
COIN,2025-07-11 13:30:00+00:00,390.19000244140625,395.5,378.3699951171875,387.05999755859375,16694600,2025-07-11
COIN,2025-07-14 13:30:00+00:00,392.5,398.5,388.5799865722656,394.010009765625,12473500,2025-07-14
COIN,2025-07-15 13:30:00+00:00,391.5299987792969,400.8800048828125,373.0199890136719,388.0199890136719,16889300,2025-07-15
COIN,2025-07-16 13:30:00+00:00,392.79998779296875,405.8800048828125,391.4599914550781,398.20001220703125,14355800,2025-07-16
COIN,2025-07-17 13:30:00+00:00,399.70001220703125,415.9599914550781,394.2799987792969,410.75,16840500,2025-07-17
COIN,2025-07-18 13:30:00+00:00,419.82000732421875,444.6499938964844,406.5,419.7799987792969,28063200,2025-07-18
COIN,2025-07-21 13:30:00+00:00,425.54998779296875,436.3800048828125,413.44000244140625,413.6300048828125,17018100,2025-07-21
COIN,2025-07-22 13:30:00+00:00,419.1000061035156,420.9800109863281,394.3699951171875,404.44000244140625,14554900,2025-07-22
COIN,2025-07-23 13:30:00+00:00,399.989990234375,400.7200012207031,387.1199951171875,397.80999755859375,12433200,2025-07-23
COIN,2025-07-24 13:30:00+00:00,404.25,405.30999755859375,392.0,396.70001220703125,7904600,2025-07-24
COIN,2025-07-25 13:30:00+00:00,391.8999938964844,397.4800109863281,386.3900146484375,391.6600036621094,8643300,2025-07-25
COIN,2025-07-28 13:30:00+00:00,394.6199951171875,395.3900146484375,375.260009765625,379.489990234375,11270400,2025-07-28
COIN,2025-07-29 13:30:00+00:00,383.5899963378906,384.7799987792969,365.739990234375,371.44000244140625,9334700,2025-07-29
COIN,2025-07-30 13:30:00+00:00,382.95001220703125,386.5799865722656,372.7099914550781,377.4800109863281,11100000,2025-07-30
COIN,2025-07-31 13:30:00+00:00,382.8900146484375,387.1400146484375,376.8299865722656,377.760009765625,12371200,2025-07-31
COIN,2025-08-01 13:30:00+00:00,335.1400146484375,337.5799865722656,310.54998779296875,314.69000244140625,31342200,2025-08-01
COIN,2025-08-04 13:30:00+00:00,319.5400085449219,324.0,311.0,318.1700134277344,12106400,2025-08-04
COIN,2025-08-05 13:30:00+00:00,307.1099853515625,312.8500061035156,297.20001220703125,297.989990234375,16863900,2025-08-05
COIN,2025-08-06 13:30:00+00:00,297.54998779296875,304.7699890136719,293.30999755859375,303.5799865722656,15982700,2025-08-06
COIN,2025-08-07 13:30:00+00:00,311.2300109863281,317.94000244140625,306.9800109863281,310.7900085449219,13857200,2025-08-07
COIN,2025-08-08 13:30:00+00:00,311.44000244140625,313.70001220703125,301.2300109863281,310.5400085449219,9253800,2025-08-08
COIN,2025-08-11 13:30:00+00:00,322.1000061035156,333.6600036621094,318.79998779296875,319.6199951171875,14664400,2025-08-11
COIN,2025-08-12 13:30:00+00:00,329.3500061035156,329.8599853515625,314.1600036621094,322.6199951171875,9947800,2025-08-12
COIN,2025-08-13 13:30:00+00:00,328.2099914550781,345.3900146484375,321.5299987792969,327.010009765625,15399800,2025-08-13
COIN,2025-08-14 13:30:00+00:00,320.489990234375,327.45001220703125,316.79998779296875,324.8900146484375,9403600,2025-08-14
COIN,2025-08-15 13:30:00+00:00,322.8500061035156,323.3999938964844,314.55999755859375,317.54998779296875,7881200,2025-08-15
COIN,2025-08-18 13:30:00+00:00,311.4800109863281,324.2900085449219,307.1099853515625,320.7300109863281,8798800,2025-08-18
COIN,2025-08-19 13:30:00+00:00,320.69000244140625,322.5899963378906,301.45001220703125,302.07000732421875,10327700,2025-08-19
COIN,2025-08-20 13:30:00+00:00,304.2699890136719,306.45001220703125,291.4599914550781,304.3900146484375,8570300,2025-08-20
COIN,2025-08-21 13:30:00+00:00,301.4200134277344,305.0,297.79998779296875,300.2799987792969,5743400,2025-08-21
COIN,2025-08-22 13:30:00+00:00,300.5899963378906,322.260009765625,297.19000244140625,319.8500061035156,13029200,2025-08-22
COIN,2025-08-25 13:30:00+00:00,312.17999267578125,315.5899963378906,305.1000061035156,306.0,8473900,2025-08-25
COIN,2025-08-26 13:30:00+00:00,304.0,309.20001220703125,300.3699951171875,308.4800109863281,7745400,2025-08-26
COIN,2025-08-27 13:30:00+00:00,307.2099914550781,312.4100036621094,306.69000244140625,308.9700012207031,5746300,2025-08-27
COIN,2025-08-28 13:30:00+00:00,312.55999755859375,315.95001220703125,306.0,308.4700012207031,6292500,2025-08-28
COIN,2025-08-29 13:30:00+00:00,306.19000244140625,308.2200012207031,301.5,304.5400085449219,6611400,2025-08-29
COIN,2025-09-02 13:30:00+00:00,299.9700012207031,310.4100036621094,295.3999938964844,303.55999755859375,6814900,2025-09-02
COIN,2025-09-03 13:30:00+00:00,305.010009765625,308.3699951171875,301.1499938964844,302.30999755859375,5220800,2025-09-03
COIN,2025-09-04 13:30:00+00:00,301.9599914550781,307.7699890136719,300.010009765625,306.79998779296875,6211800,2025-09-04
COIN,2025-09-05 13:30:00+00:00,313.8500061035156,315.739990234375,292.55999755859375,299.07000732421875,11367000,2025-09-05
COIN,2025-09-08 13:30:00+00:00,301.8800048828125,306.6000061035156,297.1499938964844,302.20001220703125,8824100,2025-09-08
COIN,2025-09-09 13:30:00+00:00,303.7699890136719,319.3900146484375,303.6000061035156,318.7799987792969,10361300,2025-09-09
COIN,2025-09-10 13:30:00+00:00,321.3999938964844,328.6700134277344,312.5299987792969,315.3399963378906,8664800,2025-09-10
COIN,2025-09-11 13:30:00+00:00,319.0,326.0,315.5299987792969,323.95001220703125,7702700,2025-09-11
COIN,2025-09-12 13:30:00+00:00,328.0299987792969,329.489990234375,319.79998779296875,323.0400085449219,6929400,2025-09-12
COIN,2025-09-15 13:30:00+00:00,322.8699951171875,328.44000244140625,320.9599914550781,327.0199890136719,6896900,2025-09-15
COIN,2025-09-16 13:30:00+00:00,332.25,333.6000061035156,321.29998779296875,327.9100036621094,7434900,2025-09-16
COIN,2025-09-17 13:30:00+00:00,325.9599914550781,328.489990234375,311.29998779296875,320.55999755859375,8921200,2025-09-17
COIN,2025-09-18 13:30:00+00:00,325.82000732421875,351.8900146484375,323.5199890136719,343.1300048828125,17324500,2025-09-18
COIN,2025-09-19 13:30:00+00:00,342.760009765625,349.70001220703125,337.6600036621094,342.4599914550781,13272100,2025-09-19
COIN,2025-09-22 13:30:00+00:00,333.44000244140625,336.20001220703125,328.19000244140625,331.95001220703125,8720700,2025-09-22
COIN,2025-09-23 13:30:00+00:00,333.3800048828125,335.67999267578125,317.70001220703125,320.07000732421875,8245900,2025-09-23
COIN,2025-09-24 13:30:00+00:00,323.760009765625,327.32000732421875,320.760009765625,321.7699890136719,4869800,2025-09-24
COIN,2025-09-25 13:30:00+00:00,314.3299865722656,317.989990234375,304.3599853515625,306.69000244140625,8865300,2025-09-25
COIN,2025-09-26 13:30:00+00:00,308.5799865722656,314.239990234375,303.3999938964844,312.5899963378906,6714800,2025-09-26
COIN,2025-09-29 13:30:00+00:00,318.010009765625,334.3800048828125,316.3500061035156,333.989990234375,12066100,2025-09-29
COIN,2025-09-30 13:30:00+00:00,330.0,338.1000061035156,329.6600036621094,337.489990234375,6674700,2025-09-30
COIN,2025-10-01 13:30:00+00:00,343.260009765625,349.8699951171875,340.5,346.1700134277344,8843900,2025-10-01
COIN,2025-10-02 13:30:00+00:00,354.760009765625,376.1300048828125,353.3999938964844,372.07000732421875,15750400,2025-10-02
COIN,2025-10-03 13:30:00+00:00,373.3500061035156,383.5,370.0299987792969,380.0199890136719,13648200,2025-10-03
COIN,2025-10-06 13:30:00+00:00,390.3299865722656,392.8500061035156,380.5,386.07000732421875,8693000,2025-10-06
COIN,2025-10-07 13:30:00+00:00,386.8399963378906,388.0,363.010009765625,375.7799987792969,9146300,2025-10-07
COIN,2025-10-08 13:30:00+00:00,378.6199951171875,390.489990234375,375.6400146484375,387.2699890136719,7122800,2025-10-08
COIN,2025-10-09 13:30:00+00:00,384.260009765625,392.1600036621094,381.79998779296875,387.0,6849000,2025-10-09
COIN,2025-10-10 13:30:00+00:00,387.6600036621094,402.1600036621094,351.6300048828125,357.010009765625,17223600,2025-10-10
COIN,2025-10-13 13:30:00+00:00,363.20001220703125,364.8999938964844,341.8399963378906,356.989990234375,10318400,2025-10-13
COIN,2025-10-14 13:30:00+00:00,340.8500061035156,353.5,334.7699890136719,341.54998779296875,9446000,2025-10-14
COIN,2025-10-15 13:30:00+00:00,345.80999755859375,347.8299865722656,333.1000061035156,336.29998779296875,7947300,2025-10-15
COIN,2025-10-16 13:30:00+00:00,338.489990234375,342.70001220703125,328.7099914550781,330.25,7611900,2025-10-16
COIN,2025-10-17 13:30:00+00:00,319.4100036621094,336.29998779296875,317.7699890136719,336.0199890136719,9571100,2025-10-17
COIN,2025-10-20 13:30:00+00:00,342.2099914550781,354.05999755859375,338.75,343.7799987792969,7544100,2025-10-20
COIN,2025-10-21 13:30:00+00:00,342.2799987792969,344.7900085449219,335.5,338.6199951171875,6030900,2025-10-21
COIN,2025-10-22 13:30:00+00:00,333.8800048828125,334.7200012207031,310.4800109863281,320.3299865722656,12737800,2025-10-22
COIN,2025-10-23 13:30:00+00:00,323.0,328.3900146484375,318.5,322.760009765625,5866800,2025-10-23
COIN,2025-10-24 13:30:00+00:00,335.0,356.8800048828125,333.0,354.4599914550781,13893100,2025-10-24
COIN,2025-10-27 13:30:00+00:00,362.82000732421875,373.25,357.29998779296875,361.42999267578125,9688300,2025-10-27
COIN,2025-10-28 13:30:00+00:00,363.2300109863281,368.1300048828125,354.07000732421875,355.2200012207031,6527800,2025-10-28
COIN,2025-10-29 13:30:00+00:00,357.42999267578125,360.0,345.2099914550781,348.6099853515625,7560500,2025-10-29
COIN,2025-10-30 13:30:00+00:00,343.4700012207031,344.2200012207031,328.2099914550781,328.510009765625,8947700,2025-10-30
COIN,2025-10-31 13:30:00+00:00,336.0,361.3999938964844,334.42999267578125,343.7799987792969,13757300,2025-10-31
COIN,2025-11-03 14:30:00+00:00,340.8699951171875,342.79998779296875,325.8800048828125,330.4200134277344,9341700,2025-11-03
COIN,2025-11-04 14:30:00+00:00,319.0,325.45001220703125,306.8500061035156,307.32000732421875,12420300,2025-11-04
COIN,2025-11-05 14:30:00+00:00,315.8900146484375,324.1400146484375,310.8399963378906,319.29998779296875,8215500,2025-11-05
COIN,2025-11-06 14:30:00+00:00,316.5,316.6000061035156,294.7200012207031,295.2200012207031,12191200,2025-11-06
COIN,2025-11-07 14:30:00+00:00,290.20001220703125,310.92999267578125,283.6499938964844,309.1400146484375,11984200,2025-11-07
COIN,2025-11-10 14:30:00+00:00,323.0199890136719,324.79998779296875,311.6600036621094,317.92999267578125,8949800,2025-11-10
COIN,2025-11-11 14:30:00+00:00,312.20001220703125,317.0899963378906,303.5899963378906,304.010009765625,7095200,2025-11-11
COIN,2025-11-12 14:30:00+00:00,309.2300109863281,311.5,301.4599914550781,304.0,6967600,2025-11-12
COIN,2025-11-13 14:30:00+00:00,301.6600036621094,303.9599914550781,279.8299865722656,283.1400146484375,11109500,2025-11-13
COIN,2025-11-14 14:30:00+00:00,269.5199890136719,292.760009765625,268.1600036621094,284.0,11784800,2025-11-14
COIN,2025-11-17 14:30:00+00:00,274.9200134277344,277.8299865722656,258.2200012207031,263.95001220703125,15822400,2025-11-17
COIN,2025-11-18 14:30:00+00:00,261.75,271.0,261.0,261.7900085449219,10854500,2025-11-18
COIN,2025-11-19 14:30:00+00:00,261.8699951171875,262.82000732421875,247.02000427246094,257.2900085449219,13287300,2025-11-19
COIN,2025-11-20 14:30:00+00:00,259.9800109863281,263.6300048828125,236.0,238.16000366210938,15524200,2025-11-20
COIN,2025-11-21 14:30:00+00:00,243.9199981689453,246.1300048828125,231.1699981689453,240.41000366210938,12396500,2025-11-21
COIN,2025-11-24 14:30:00+00:00,244.67999267578125,257.95001220703125,243.00999450683594,255.97000122070312,10005800,2025-11-24
COIN,2025-11-25 14:30:00+00:00,247.75999450683594,254.3699951171875,240.74000549316406,254.1199951171875,8525300,2025-11-25
COIN,2025-11-26 14:30:00+00:00,256.20001220703125,266.6199951171875,253.83999633789062,264.9700012207031,9929300,2025-11-26
COIN,2025-11-28 14:30:00+00:00,274.010009765625,279.8699951171875,269.2900085449219,272.82000732421875,8977800,2025-11-28
COIN,2025-12-01 14:30:00+00:00,260.5299987792969,265.8999938964844,252.1999969482422,259.8399963378906,12119300,2025-12-01
COIN,2025-12-02 14:30:00+00:00,267.67999267578125,272.54998779296875,263.2099914550781,263.260009765625,9059300,2025-12-02
COIN,2025-12-03 14:30:00+00:00,268.0,277.5899963378906,264.1300048828125,276.9200134277344,9466700,2025-12-03
COIN,2025-12-04 14:30:00+00:00,273.6000061035156,284.239990234375,271.260009765625,274.04998779296875,6469200,2025-12-04
COIN,2025-12-05 14:30:00+00:00,270.42999267578125,274.04998779296875,265.010009765625,269.7300109863281,7173500,2025-12-05
COIN,2025-12-08 14:30:00+00:00,272.80999755859375,276.6300048828125,269.5199890136719,274.20001220703125,5937000,2025-12-08
COIN,2025-12-09 14:30:00+00:00,270.6300048828125,284.739990234375,266.8299865722656,277.3599853515625,7876600,2025-12-09
COIN,2025-12-10 14:30:00+00:00,273.20001220703125,279.44000244140625,270.760009765625,275.0899963378906,6818600,2025-12-10
COIN,2025-12-11 14:30:00+00:00,266.8999938964844,271.1600036621094,258.7200012207031,269.0199890136719,7969600,2025-12-11
COIN,2025-12-12 14:30:00+00:00,271.6600036621094,278.20001220703125,263.1600036621094,267.4599914550781,8180300,2025-12-12
COIN,2025-12-15 14:30:00+00:00,267.989990234375,268.5799865722656,246.8000030517578,250.4199981689453,10885700,2025-12-15
COIN,2025-12-16 14:30:00+00:00,253.55999755859375,257.0,250.32000732421875,252.61000061035156,6907400,2025-12-16
COIN,2025-12-17 14:30:00+00:00,254.77999877929688,259.54998779296875,243.6999969482422,244.19000244140625,8429500,2025-12-17
COIN,2025-12-18 14:30:00+00:00,253.10000610351562,255.41000366210938,239.10000610351562,239.1999969482422,9291500,2025-12-18
COIN,2025-12-19 14:30:00+00:00,244.5800018310547,247.0,240.85000610351562,245.1199951171875,10613000,2025-12-19
COIN,2025-12-22 14:30:00+00:00,251.67999267578125,254.8699951171875,247.42999267578125,247.89999389648438,6233100,2025-12-22
COIN,2025-12-23 14:30:00+00:00,243.25,245.1999969482422,238.8000030517578,242.3000030517578,7004200,2025-12-23
COIN,2025-12-24 14:30:00+00:00,240.27999877929688,241.0,237.13999938964844,239.72999572753906,3869000,2025-12-24
COIN,2025-12-26 14:30:00+00:00,240.39999389648438,240.49000549316406,232.80999755859375,236.89999389648438,5925700,2025-12-26
COIN,2025-12-29 14:30:00+00:00,234.36000061035156,239.88999938964844,232.77999877929688,233.77000427246094,6362600,2025-12-29
COIN,2025-12-30 14:30:00+00:00,233.64999389648438,236.05999755859375,231.5,231.60000610351562,5652100,2025-12-30
COIN,2025-12-31 14:30:00+00:00,231.22000122070312,232.38999938964844,225.47000122070312,226.13999938964844,6678200,2025-12-31
COIN,2026-01-02 14:30:00+00:00,230.60000610351562,238.49000549316406,225.91000366210938,236.52999877929688,8760200,2026-01-02
COIN,2026-01-05 14:30:00+00:00,247.11000061035156,258.8800048828125,246.52999877929688,254.9199981689453,13695300,2026-01-05
COIN,2026-01-06 14:30:00+00:00,255.2100067138672,258.3500061035156,245.72000122070312,250.55999755859375,8672500,2026-01-06
COIN,2026-01-07 14:30:00+00:00,248.27999877929688,248.94000244140625,240.25,245.92999267578125,7488900,2026-01-07
COIN,2026-01-08 14:30:00+00:00,244.6199951171875,250.3800048828125,242.25,245.58999633789062,6897200,2026-01-08
COIN,2026-01-09 14:30:00+00:00,246.07000732421875,246.89999389648438,237.14999389648438,240.77999877929688,8104500,2026-01-09
COIN,2026-01-12 14:30:00+00:00,239.6300048828125,248.0,238.0399932861328,242.97999572753906,5957300,2026-01-12
COIN,2026-01-13 14:30:00+00:00,245.5,255.50999450683594,244.64999389648438,252.69000244140625,9027000,2026-01-13
COIN,2026-01-14 14:30:00+00:00,256.9200134277344,263.07000732421875,253.0,255.86000061035156,10804500,2026-01-14
COIN,2026-01-15 14:30:00+00:00,250.58999633789062,251.1999969482422,237.42999267578125,239.27999877929688,12098900,2026-01-15
COIN,2026-01-16 14:30:00+00:00,239.49000549316406,243.19000244140625,236.13999938964844,241.14999389648438,7622400,2026-01-16
COIN,2026-01-20 14:30:00+00:00,232.63999938964844,234.89999389648438,225.9600067138672,227.72999572753906,9757900,2026-01-20
COIN,2026-01-21 14:30:00+00:00,228.75999450683594,231.4499969482422,222.39999389648438,226.92999267578125,8476500,2026-01-21
COIN,2026-01-22 14:30:00+00:00,228.52999877929688,230.75,223.02000427246094,223.13999938964844,7088800,2026-01-22
COIN,2026-01-23 14:30:00+00:00,222.75,222.75,215.72000122070312,216.9499969482422,12975100,2026-01-23
COIN,2026-01-26 14:30:00+00:00,212.17999267578125,215.63999938964844,210.88999938964844,213.47999572753906,7077500,2026-01-26
COIN,2026-01-27 14:30:00+00:00,213.47999572753906,213.55999755859375,207.77000427246094,210.8300018310547,7465500,2026-01-27
COIN,2026-01-28 14:30:00+00:00,213.27999877929688,214.38999938964844,206.8000030517578,209.42999267578125,9046600,2026-01-28
COIN,2026-01-29 14:30:00+00:00,206.82000732421875,207.0,194.2100067138672,199.17999267578125,14604300,2026-01-29
COIN,2026-01-30 14:30:00+00:00,198.6999969482422,198.9600067138672,190.9600067138672,194.74000549316406,9635400,2026-01-30
COIN,2026-02-02 14:30:00+00:00,189.80999755859375,190.94000244140625,185.0800018310547,187.86000061035156,12288700,2026-02-02
COIN,2026-02-03 14:30:00+00:00,188.67999267578125,188.67999267578125,174.0500030517578,179.66000366210938,12610300,2026-02-03
COIN,2026-02-04 14:30:00+00:00,176.11000061035156,176.75,164.4199981689453,168.6199951171875,16627600,2026-02-04
COIN,2026-02-05 14:30:00+00:00,160.42999267578125,165.0,145.16000366210938,146.1199951171875,29610500,2026-02-05
COIN,2026-02-06 14:30:00+00:00,154.55999755859375,165.52000427246094,151.57000732421875,165.1199951171875,19776100,2026-02-06
COIN,2026-02-09 14:30:00+00:00,160.10000610351562,167.57000732421875,159.00999450683594,167.25,10618500,2026-02-09
COIN,2026-02-10 14:30:00+00:00,162.55999755859375,167.9199981689453,161.86000061035156,162.50999450683594,8835200,2026-02-10
COIN,2026-02-11 14:30:00+00:00,157.6999969482422,158.10000610351562,148.85000610351562,153.1999969482422,13923800,2026-02-11
COIN,2026-02-12 14:30:00+00:00,153.10000610351562,153.1999969482422,139.36000061035156,141.08999633789062,19986100,2026-02-12
COIN,2026-02-13 14:30:00+00:00,153.6999969482422,167.64999389648438,146.16000366210938,164.32000732421875,32410100,2026-02-13
COIN,2026-02-17 14:30:00+00:00,162.47999572753906,170.5399932861328,158.39999389648438,166.02000427246094,16770600,2026-02-17
COIN,2026-02-18 14:30:00+00:00,165.39999389648438,173.8800048828125,163.14999389648438,164.0500030517578,13792200,2026-02-18
COIN,2026-02-19 14:30:00+00:00,162.4199981689453,167.5800018310547,161.1199951171875,165.94000244140625,8001700,2026-02-19
COIN,2026-02-20 14:30:00+00:00,164.8800048828125,175.5500030517578,164.1199951171875,171.35000610351562,13692200,2026-02-20
COIN,2026-02-23 14:30:00+00:00,166.16000366210938,168.10000610351562,158.66000366210938,160.24000549316406,12685500,2026-02-23
COIN,2026-02-24 14:30:00+00:00,155.83999633789062,162.27999877929688,152.6999969482422,162.02999877929688,10442900,2026-02-24
COIN,2026-02-25 14:30:00+00:00,171.77999877929688,185.82000732421875,169.75,183.94000244140625,23793900,2026-02-25
COIN,2026-02-26 14:30:00+00:00,181.44000244140625,186.38999938964844,176.75,181.05999755859375,12746600,2026-02-26
COIN,2026-02-27 14:30:00+00:00,175.35000610351562,179.05999755859375,171.80999755859375,175.85000610351562,11427900,2026-02-27
COIN,2026-03-02 14:30:00+00:00,172.5,186.35000610351562,172.22000122070312,185.24000549316406,12306800,2026-03-02
COIN,2026-03-03 14:30:00+00:00,177.17999267578125,186.3000030517578,172.0500030517578,182.36000061035156,12828800,2026-03-03
COIN,2026-03-04 14:30:00+00:00,195.91000366210938,212.07000732421875,195.39999389648438,208.92999267578125,27200300,2026-03-04
COIN,2026-03-05 14:30:00+00:00,205.75,213.5,201.5,205.7100067138672,15036600,2026-03-05
COIN,2026-03-06 14:30:00+00:00,197.75999450683594,202.74000549316406,194.66000366210938,197.22000122070312,11504900,2026-03-06
COIN,2026-03-09 13:30:00+00:00,198.0,203.49000549316406,192.6300048828125,199.7899932861328,12064600,2026-03-09
COIN,2026-03-10 13:30:00+00:00,204.42999267578125,206.00999450683594,194.75,196.52000427246094,10846100,2026-03-10
COIN,2026-03-11 13:30:00+00:00,197.50999450683594,203.10000610351562,192.52000427246094,198.6300048828125,9531700,2026-03-11
COIN,2026-03-12 13:30:00+00:00,196.1300048828125,198.0,192.4600067138672,193.22999572753906,7967100,2026-03-12
COIN,2026-03-13 13:30:00+00:00,203.75999450683594,207.1300048828125,193.83999633789062,195.52999877929688,12137100,2026-03-13
COIN,2026-03-16 13:30:00+00:00,201.80999755859375,206.44000244140625,198.6199951171875,203.32000732421875,13054000,2026-03-16
COIN,2026-03-17 13:30:00+00:00,202.27000427246094,213.47000122070312,202.1300048828125,210.22999572753906,11948000,2026-03-17
COIN,2026-03-18 13:30:00+00:00,206.77000427246094,209.0,201.13999938964844,202.2899932861328,12602200,2026-03-18
COIN,2026-03-19 13:30:00+00:00,195.33999633789062,205.5,191.8699951171875,202.91000366210938,9273000,2026-03-19
COIN,2026-03-20 13:30:00+00:00,202.5,203.3000030517578,194.7899932861328,197.5,13305100,2026-03-20
COIN,2026-03-23 13:30:00+00:00,198.60000610351562,203.9499969482422,196.11000061035156,200.6199951171875,12466500,2026-03-23
COIN,2026-03-24 13:30:00+00:00,199.10000610351562,201.75999450683594,177.60000610351562,181.0399932861328,20833000,2026-03-24
COIN,2026-03-25 13:30:00+00:00,184.5800018310547,190.7100067138672,180.05999755859375,181.10000610351562,10432500,2026-03-25
COIN,2026-03-26 13:30:00+00:00,177.0,179.75,171.92999267578125,173.3800048828125,9402600,2026-03-26
COIN,2026-03-27 13:30:00+00:00,168.0500030517578,168.74000549316406,159.8300018310547,161.13999938964844,12289900,2026-03-27
COIN,2026-03-30 13:30:00+00:00,164.52999877929688,166.5,158.4600067138672,160.7899932861328,11775200,2026-03-30
COIN,2026-03-31 13:30:00+00:00,163.8000030517578,175.83999633789062,162.17999267578125,174.61000061035156,12665100,2026-03-31
COIN,2026-04-01 13:30:00+00:00,179.0,179.3000030517578,171.72000122070312,172.99000549316406,8828600,2026-04-01
COIN,2026-04-02 13:30:00+00:00,167.6300048828125,173.02999877929688,163.55999755859375,171.4600067138672,8869300,2026-04-02
COIN,2026-04-06 13:30:00+00:00,175.10000610351562,177.89999389648438,173.47000122070312,174.7899932861328,7125200,2026-04-06
COIN,2026-04-07 13:30:00+00:00,172.1199951171875,175.25999450683594,166.0500030517578,175.17999267578125,7653100,2026-04-07
COIN,2026-04-08 13:30:00+00:00,187.88999938964844,189.57000732421875,172.9600067138672,175.08999633789062,9802400,2026-04-08
COIN,2026-04-09 13:30:00+00:00,175.8300018310547,177.13999938964844,166.39999389648438,169.02000427246094,10754900,2026-04-09
COIN,2026-04-10 13:30:00+00:00,169.36000061035156,170.47999572753906,163.1300048828125,167.85000610351562,7922400,2026-04-10
COIN,2026-04-13 13:30:00+00:00,164.8300018310547,175.00999450683594,164.3300018310547,174.52999877929688,7481100,2026-04-13
COIN,2026-04-14 13:30:00+00:00,180.02999877929688,187.13999938964844,180.0,184.41000366210938,10884800,2026-04-14
COIN,2026-04-15 13:30:00+00:00,185.66000366210938,196.4600067138672,183.52000427246094,195.89999389648438,11817400,2026-04-15
COIN,2026-04-16 13:30:00+00:00,197.5,200.5800018310547,188.5,199.8300018310547,11235800,2026-04-16
COIN,2026-04-17 13:30:00+00:00,205.1999969482422,216.0500030517578,202.9499969482422,206.3300018310547,15670400,2026-04-17
COIN,2026-04-20 13:30:00+00:00,201.0399932861328,212.3000030517578,200.02000427246094,211.6300048828125,9967500,2026-04-20
COIN,2026-04-21 13:30:00+00:00,211.1999969482422,211.22999572753906,194.60000610351562,195.9499969482422,15121100,2026-04-21
COIN,2026-04-22 13:30:00+00:00,204.17999267578125,211.97000122070312,202.33999633789062,206.24000549316406,12096800,2026-04-22
COIN,2026-04-23 13:30:00+00:00,202.27999877929688,205.77999877929688,193.91000366210938,197.92999267578125,8778500,2026-04-23
COIN,2026-04-24 13:30:00+00:00,202.0800018310547,202.5399932861328,196.52999877929688,199.77000427246094,5799100,2026-04-24
COIN,2026-04-27 13:30:00+00:00,199.10000610351562,204.49000549316406,195.25,196.67999267578125,7855600,2026-04-27
COIN,2026-04-28 13:30:00+00:00,190.1999969482422,195.94000244140625,188.75,194.10000610351562,6316100,2026-04-28
COIN,2026-04-29 13:30:00+00:00,187.27000427246094,187.27000427246094,177.6199951171875,181.72999572753906,12609600,2026-04-29
COIN,2026-04-30 13:30:00+00:00,181.60000610351562,189.55999755859375,179.88999938964844,187.77000427246094,7786700,2026-04-30
COIN,2026-05-01 13:30:00+00:00,191.8800048828125,194.50999450683594,189.86000061035156,191.25,6771100,2026-05-01
COIN,2026-05-04 13:30:00+00:00,199.41000366210938,206.7100067138672,197.85000610351562,202.99000549316406,11243400,2026-05-04
COIN,2026-05-05 13:30:00+00:00,208.8800048828125,208.8800048828125,194.39999389648438,197.75,10074200,2026-05-05
COIN,2026-05-06 13:30:00+00:00,195.77999877929688,198.5,193.25,197.9600067138672,7764900,2026-05-06
COIN,2026-05-07 13:30:00+00:00,196.02999877929688,198.14999389648438,190.32000732421875,192.9600067138672,9158100,2026-05-07
COIN,2026-05-08 13:30:00+00:00,186.0500030517578,201.3699951171875,182.8000030517578,201.16000366210938,12909400,2026-05-08
COIN,2026-05-11 13:30:00+00:00,200.3800048828125,217.85000610351562,192.80999755859375,216.60000610351562,13659300,2026-05-11
COIN,2026-05-12 13:30:00+00:00,211.89999389648438,218.4600067138672,200.1999969482422,207.63999938964844,9514400,2026-05-12
COIN,2026-05-13 13:30:00+00:00,204.1999969482422,204.1999969482422,197.5,201.8000030517578,8370200,2026-05-13
COIN,2026-05-14 13:30:00+00:00,201.25,222.35000610351562,195.10000610351562,212.00999450683594,16576900,2026-05-14
COIN,2026-05-15 13:30:00+00:00,205.63999938964844,206.0,192.3000030517578,195.42999267578125,14428600,2026-05-15
COIN,2026-05-18 13:30:00+00:00,190.25,194.1999969482422,184.14999389648438,189.44000244140625,10399800,2026-05-18
COIN,2026-05-19 13:30:00+00:00,188.3800048828125,195.52999877929688,185.52999877929688,193.4499969482422,7085000,2026-05-19
COIN,2026-05-20 13:30:00+00:00,193.75,196.6199951171875,189.72999572753906,191.2899932861328,7044200,2026-05-20
COIN,2026-05-21 13:30:00+00:00,189.80999755859375,195.6999969482422,187.6699981689453,193.55999755859375,5674300,2026-05-21
COIN,2026-05-22 13:30:00+00:00,194.02000427246094,195.58999633789062,184.60000610351562,184.99000549316406,7927600,2026-05-22
COIN,2026-05-26 13:30:00+00:00,186.07000732421875,187.8000030517578,179.11000061035156,180.00999450683594,7755000,2026-05-26
COIN,2026-05-27 13:30:00+00:00,176.3800048828125,179.85000610351562,173.7100067138672,173.77999877929688,8196800,2026-05-27
COIN,2026-05-28 13:30:00+00:00,170.49000549316406,182.64999389648438,169.1699981689453,182.25,9042900,2026-05-28
COIN,2026-05-29 13:30:00+00:00,180.22999572753906,191.8300018310547,178.85000610351562,189.02999877929688,10249800,2026-05-29
COIN,2026-06-01 13:30:00+00:00,179.2100067138672,186.60000610351562,176.17999267578125,182.61000061035156,9063100,2026-06-01
COIN,2026-06-02 13:30:00+00:00,177.1699981689453,178.5500030517578,171.6699981689453,173.99000549316406,9228400,2026-06-02
COIN,2026-06-03 13:30:00+00:00,171.5399932861328,172.0,162.75,163.22000122070312,9544600,2026-06-03
COIN,2026-06-04 13:30:00+00:00,164.19000244140625,166.5,161.88999938964844,164.1300048828125,8499400,2026-06-04
COIN,2026-06-05 13:30:00+00:00,158.6999969482422,158.6999969482422,147.8800048828125,152.39999389648438,16718500,2026-06-05
COIN,2026-06-08 13:30:00+00:00,156.61000061035156,164.27999877929688,154.97999572753906,162.11000061035156,8827800,2026-06-08
COIN,2026-06-09 13:30:00+00:00,157.25,164.97999572753906,149.89999389648438,155.5,8896200,2026-06-09
COIN,2026-06-10 13:30:00+00:00,152.8300018310547,161.7100067138672,152.19000244140625,153.97000122070312,6406600,2026-06-10
COIN,2026-06-11 13:30:00+00:00,154.6999969482422,161.74000549316406,152.3800048828125,160.42999267578125,6933100,2026-06-11
COIN,2026-06-12 13:30:00+00:00,160.42999267578125,165.49000549316406,155.4199981689453,159.77999877929688,6489500,2026-06-12
COIN,2026-06-15 13:30:00+00:00,170.0,174.44000244140625,168.6300048828125,169.6199951171875,8972000,2026-06-15
COIN,2026-06-16 13:30:00+00:00,169.3000030517578,173.8000030517578,166.8800048828125,169.27000427246094,6412800,2026-06-16
COIN,2026-06-17 13:30:00+00:00,166.5399932861328,174.10000610351562,164.6699981689453,164.9199981689453,8151500,2026-06-17
COIN,2026-06-18 13:30:00+00:00,167.75,169.80999755859375,160.5399932861328,163.25999450683594,9826800,2026-06-18
COIN,2026-06-22 13:30:00+00:00,164.9499969482422,176.47999572753906,163.0500030517578,164.83999633789062,8507100,2026-06-22
COIN,2026-06-23 13:30:00+00:00,156.97999572753906,164.16000366210938,156.30999755859375,158.17999267578125,7590000,2026-06-23
COIN,2026-06-24 13:30:00+00:00,158.3000030517578,158.4199981689453,148.27999877929688,150.11000061035156,10045500,2026-06-24
COIN,2026-06-25 13:30:00+00:00,151.1699981689453,152.19000244140625,141.47999572753906,142.52000427246094,7807400,2026-06-25
COIN,2026-06-26 13:30:00+00:00,139.22999572753906,149.85000610351562,139.17999267578125,149.05999755859375,10494700,2026-06-26
COIN,2026-06-29 13:30:00+00:00,150.82000732421875,152.44000244140625,145.2899932861328,151.64999389648438,7141100,2026-06-29
COIN,2026-06-30 13:30:00+00:00,148.17999267578125,148.86000061035156,142.3000030517578,146.19000244140625,8754500,2026-06-30
COIN,2026-07-01 13:30:00+00:00,147.1300048828125,164.5399932861328,146.3000030517578,159.24000549316406,11992300,2026-07-01
COIN,2026-07-02 13:30:00+00:00,165.19000244140625,173.08999633789062,163.22000122070312,165.47999572753906,9656000,2026-07-02
COIN,2026-07-06 13:30:00+00:00,161.3699951171875,171.6699981689453,160.10000610351562,168.8699951171875,6492800,2026-07-06
COIN,2026-07-07 13:30:00+00:00,166.82000732421875,170.10000610351562,161.69000244140625,163.50999450683594,4869400,2026-07-07
COIN,2026-07-08 13:30:00+00:00,159.2899932861328,161.60000610351562,156.1999969482422,159.36000061035156,4738700,2026-07-08
COIN,2026-07-09 13:30:00+00:00,156.72999572753906,161.05999755859375,154.77999877929688,158.44000244140625,4755700,2026-07-09
COIN,2026-07-10 13:30:00+00:00,166.6699981689453,167.97999572753906,158.6699981689453,159.07000732421875,6133900,2026-07-10
COIN,2026-07-13 13:30:00+00:00,156.1999969482422,161.19000244140625,154.00999450683594,157.3699951171875,5418100,2026-07-13
COIN,2026-07-14 13:30:00+00:00,159.7899932861328,162.27000427246094,157.25,161.5,7407800,2026-07-14
COIN,2026-07-15 13:30:00+00:00,165.1699981689453,168.5,160.3300018310547,167.2100067138672,7570700,2026-07-15
COIN,2026-07-16 13:30:00+00:00,165.3699951171875,166.57000732421875,159.50999450683594,160.49000549316406,6328700,2026-07-16
COIN,2026-07-17 13:30:00+00:00,153.36000061035156,160.8000030517578,152.5800018310547,157.1199951171875,6487100,2026-07-17
COIN,2026-07-20 13:30:00+00:00,158.19000244140625,164.6999969482422,155.14999389648438,160.42999267578125,5720200,2026-07-20
COIN,2026-07-21 13:30:00+00:00,167.88999938964844,181.49000549316406,167.86000061035156,175.85000610351562,13677200,2026-07-21
COIN,2026-07-22 13:30:00+00:00,172.25,174.9600067138672,166.0,166.1199951171875,6953800,2026-07-22
COIN,2026-07-23 13:30:00+00:00,163.1199951171875,165.74000549316406,158.8800048828125,161.16000366210938,5607000,2026-07-23
COIN,2026-07-24 13:30:00+00:00,161.0800018310547,161.0800018310547,153.8000030517578,158.2899932861328,5372100,2026-07-24
COIN,2026-07-27 13:30:00+00:00,163.32000732421875,167.8699951171875,160.4199981689453,167.49000549316406,6851700,2026-07-27
COIN,2026-07-28 13:30:00+00:00,162.47999572753906,168.1699981689453,158.5800018310547,167.89999389648438,5112000,2026-07-28
COIN,2026-07-29 13:30:00+00:00,166.14999389648438,169.69000244140625,158.67999267578125,160.08999633789062,6802400,2026-07-29
COIN,2026-07-30 13:30:00+00:00,161.17999267578125,164.77999877929688,159.30999755859375,163.5800018310547,7881300,2026-07-30
COIN,2026-07-31 13:30:00+00:00,153.10000610351562,153.67999267578125,139.11000061035156,146.25999450683594,20870300,2026-07-31
COIN,2026-08-03 13:30:00+00:00,144.14999389648438,152.42999267578125,141.02999877929688,146.5,9148500,2026-08-03
COIN,2026-08-04 13:30:00+00:00,147.39999389648438,152.89999389648438,145.60000610351562,150.72999572753906,7289000,2026-08-04
COIN,2026-08-05 13:30:00+00:00,150.8000030517578,153.99000549316406,147.61000061035156,149.88999938964844,6818900,2026-08-05
COIN,2026-08-06 13:30:00+00:00,146.75999450683594,150.61000061035156,145.13999938964844,145.41000366210938,5850800,2026-08-06
COIN,2026-08-07 13:30:00+00:00,148.2100067138672,155.39999389648438,145.57000732421875,153.60000610351562,8747700,2026-08-07
COIN,2026-08-10 13:30:00+00:00,153.35000610351562,153.61000061035156,147.89999389648438,148.67999267578125,6089900,2026-08-10
COIN,2026-08-11 13:30:00+00:00,149.83999633789062,152.9499969482422,146.32000732421875,148.5800018310547,6472600,2026-08-11
COIN,2026-08-12 13:30:00+00:00,150.10000610351562,151.50999450683594,147.5,149.0399932861328,5927300,2026-08-12
COIN,2026-08-13 13:30:00+00:00,149.0399932861328,154.4199981689453,146.94000244140625,153.89999389648438,7458900,2026-08-13
COIN,2026-08-14 13:30:00+00:00,151.4199981689453,152.58999633789062,147.86000061035156,148.47000122070312,7265300,2026-08-14
COIN,2026-08-17 13:30:00+00:00,148.36000061035156,152.1999969482422,147.1999969482422,150.5500030517578,5768300,2026-08-17
COIN,2026-08-18 13:30:00+00:00,148.0,150.72999572753906,146.02000427246094,146.22999572753906,6746700,2026-08-18
COIN,2026-08-19 13:30:00+00:00,147.5,165.74000549316406,147.5,160.1999969482422,16961300,2026-08-19
COIN,2026-08-20 13:30:00+00:00,172.75,174.77999877929688,166.11000061035156,172.35000610351562,17570800,2026-08-20
COIN,2026-08-21 13:30:00+00:00,180.05999755859375,191.36000061035156,179.1999969482422,186.49000549316406,22736000,2026-08-21
COIN,2026-08-24 13:30:00+00:00,188.75,191.83999633789062,178.52000427246094,179.47999572753906,13193700,2026-08-24
COIN,2026-08-25 13:30:00+00:00,176.0,189.27000427246094,174.72999572753906,187.16000366210938,10565300,2026-08-25
COIN,2026-08-26 13:30:00+00:00,181.64999389648438,185.5,179.42999267578125,181.77999877929688,6275800,2026-08-26
COIN,2026-08-27 13:30:00+00:00,186.3300018310547,193.80999755859375,180.11000061035156,190.72000122070312,9240900,2026-08-27
COIN,2026-08-28 13:30:00+00:00,186.02999877929688,189.10000610351562,176.05999755859375,178.63999938964844,10016500,2026-08-28
COIN,2026-08-31 13:30:00+00:00,178.50999450683594,189.9499969482422,176.7100067138672,188.1199951171875,10710600,2026-08-31
COIN,2026-09-01 13:30:00+00:00,181.4499969482422,183.99000549316406,175.0,176.82000732421875,8429200,2026-09-01
COIN,2026-09-02 13:30:00+00:00,174.3000030517578,178.72000122070312,172.02999877929688,174.9600067138672,5264100,2026-09-02
COIN,2026-09-03 13:30:00+00:00,181.44000244140625,195.85000610351562,181.0,192.6999969482422,13741500,2026-09-03
COIN,2026-09-04 13:30:00+00:00,184.97000122070312,189.0,182.8699951171875,184.63999938964844,8177700,2026-09-04
COIN,2026-09-08 13:30:00+00:00,180.67999267578125,182.25,178.3300018310547,178.94000244140625,6044600,2026-09-08
COIN,2026-09-09 13:30:00+00:00,184.5500030517578,184.92999267578125,174.61000061035156,174.72000122070312,5989000,2026-09-09
COIN,2026-09-10 13:30:00+00:00,170.83999633789062,174.4600067138672,170.38999938964844,172.27999877929688,4848700,2026-09-10
COIN,2026-09-11 13:30:00+00:00,174.0500030517578,182.0800018310547,172.8000030517578,175.25999450683594,7821500,2026-09-11
COIN,2026-09-14 13:30:00+00:00,180.80999755859375,193.22000122070312,180.2899932861328,191.4499969482422,13252000,2026-09-14
COIN,2026-09-15 13:30:00+00:00,183.6199951171875,184.13999938964844,168.07000732421875,172.11000061035156,18766500,2026-09-15
COIN,2026-09-16 13:30:00+00:00,172.5,174.0,161.17999267578125,164.50999450683594,13773100,2026-09-16
COIN,2026-09-17 13:30:00+00:00,169.8000030517578,174.22000122070312,165.72999572753906,173.97000122070312,9987500,2026-09-17
COIN,2026-09-18 13:30:00+00:00,178.16000366210938,196.2100067138672,177.6699981689453,194.25,21920000,2026-09-18
COIN,2026-09-21 13:30:00+00:00,205.19000244140625,208.3300018310547,200.64999389648438,201.0500030517578,14506900,2026-09-21
COIN,2026-09-22 13:30:00+00:00,199.39999389648438,203.0,197.1999969482422,201.07000732421875,7305800,2026-09-22
COIN,2026-09-23 13:30:00+00:00,198.0,204.5,195.63999938964844,198.1300048828125,7183800,2026-09-23
COIN,2026-09-24 13:30:00+00:00,196.77000427246094,202.77999877929688,193.69000244140625,199.2100067138672,7383800,2026-09-24
COIN,2026-09-25 13:30:00+00:00,199.16000366210938,199.75,192.5800018310547,195.11000061035156,6277400,2026-09-25
COIN,2026-09-28 13:30:00+00:00,196.08999633789062,198.77999877929688,191.10000610351562,191.7899932861328,6759900,2026-09-28
COIN,2026-09-29 13:30:00+00:00,197.52999877929688,197.6300048828125,188.13999938964844,190.02000427246094,5847500,2026-09-29
COIN,2026-09-30 13:30:00+00:00,195.5,198.66000366210938,184.2899932861328,186.41000366210938,8412500,2026-09-30
COIN,2026-10-01 13:30:00+00:00,186.00999450683594,192.30999755859375,185.6999969482422,189.2899932861328,5844200,2026-10-01
COIN,2026-10-02 13:30:00+00:00,194.63999938964844,200.35000610351562,180.80999755859375,183.0,12833600,2026-10-02
HOOD,2024-10-03 13:30:00+00:00,22.464000701904297,22.708999633789062,22.049999237060547,22.43000030517578,7146000,2024-10-03
HOOD,2024-10-04 13:30:00+00:00,23.0,23.389999389648438,22.610000610351562,22.889999389648438,9715300,2024-10-04
HOOD,2024-10-07 13:30:00+00:00,22.75,23.424999237060547,22.719999313354492,23.31999969482422,10007900,2024-10-07
HOOD,2024-10-08 13:30:00+00:00,23.469999313354492,25.799999237060547,23.440000534057617,25.610000610351562,39241500,2024-10-08
HOOD,2024-10-09 13:30:00+00:00,25.489999771118164,25.690000534057617,24.170000076293945,25.649999618530273,22201800,2024-10-09
HOOD,2024-10-10 13:30:00+00:00,25.5,25.8700008392334,24.704999923706055,25.5,12990200,2024-10-10
HOOD,2024-10-11 13:30:00+00:00,25.75,26.649999618530273,25.690000534057617,26.270000457763672,16868900,2024-10-11
HOOD,2024-10-14 13:30:00+00:00,26.899999618530273,27.139999389648438,26.15999984741211,27.0,17233000,2024-10-14
HOOD,2024-10-15 13:30:00+00:00,27.135000228881836,27.329999923706055,25.905000686645508,26.799999237060547,16466500,2024-10-15
HOOD,2024-10-16 13:30:00+00:00,27.040000915527344,27.172000885009766,26.565000534057617,26.93000030517578,12382000,2024-10-16
HOOD,2024-10-17 13:30:00+00:00,27.079999923706055,27.079999923706055,26.086000442504883,26.31999969482422,11588300,2024-10-17
HOOD,2024-10-18 13:30:00+00:00,26.549999237060547,27.040000915527344,26.420000076293945,26.829999923706055,10721200,2024-10-18
HOOD,2024-10-21 13:30:00+00:00,26.780000686645508,27.104999542236328,26.18000030517578,26.969999313354492,10284200,2024-10-21
HOOD,2024-10-22 13:30:00+00:00,26.899999618530273,27.600000381469727,26.81999969482422,27.40999984741211,11978800,2024-10-22
HOOD,2024-10-23 13:30:00+00:00,27.110000610351562,27.38599967956543,26.280000686645508,26.700000762939453,10203200,2024-10-23
HOOD,2024-10-24 13:30:00+00:00,26.950000762939453,27.329999923706055,26.690000534057617,27.219999313354492,7687300,2024-10-24
HOOD,2024-10-25 13:30:00+00:00,27.510000228881836,27.75,26.920000076293945,27.059999465942383,8752200,2024-10-25
HOOD,2024-10-28 13:30:00+00:00,27.934999465942383,28.229999542236328,27.510000228881836,27.8799991607666,14670900,2024-10-28
HOOD,2024-10-29 13:30:00+00:00,28.25,28.360000610351562,27.600000381469727,28.030000686645508,13257600,2024-10-29
HOOD,2024-10-30 13:30:00+00:00,27.915000915527344,28.575000762939453,27.549999237060547,28.209999084472656,26660900,2024-10-30
HOOD,2024-10-31 13:30:00+00:00,26.020000457763672,26.479999542236328,23.149999618530273,23.489999771118164,45738900,2024-10-31
HOOD,2024-11-01 13:30:00+00:00,23.700000762939453,24.118000030517578,23.0,23.969999313354492,21594100,2024-11-01
HOOD,2024-11-04 14:30:00+00:00,23.75,24.559999465942383,23.540000915527344,24.31999969482422,15067200,2024-11-04
HOOD,2024-11-05 14:30:00+00:00,24.53499984741211,25.274999618530273,24.420000076293945,24.959999084472656,12947200,2024-11-05
HOOD,2024-11-06 14:30:00+00:00,27.729999542236328,30.059999465942383,26.739999771118164,29.860000610351562,49591600,2024-11-06
HOOD,2024-11-07 14:30:00+00:00,29.059999465942383,30.040000915527344,28.670000076293945,29.360000610351562,24913000,2024-11-07
HOOD,2024-11-08 14:30:00+00:00,29.350000381469727,30.6299991607666,29.209999084472656,30.540000915527344,22564100,2024-11-08
HOOD,2024-11-11 14:30:00+00:00,32.939998626708984,34.31999969482422,32.22999954223633,32.79999923706055,43967200,2024-11-11
HOOD,2024-11-12 14:30:00+00:00,31.739999771118164,33.7599983215332,31.459999084472656,33.0,26059500,2024-11-12
HOOD,2024-11-13 14:30:00+00:00,33.630001068115234,34.099998474121094,31.822999954223633,31.90999984741211,23203600,2024-11-13
HOOD,2024-11-14 14:30:00+00:00,32.849998474121094,33.0,31.591999053955078,32.220001220703125,13023400,2024-11-14
HOOD,2024-11-15 14:30:00+00:00,32.0099983215332,32.35499954223633,31.260000228881836,32.31999969482422,17537500,2024-11-15
HOOD,2024-11-18 14:30:00+00:00,33.11000061035156,35.6150016784668,32.900001525878906,35.0,36877100,2024-11-18
HOOD,2024-11-19 14:30:00+00:00,34.560001373291016,36.31999969482422,34.0,35.2400016784668,27227500,2024-11-19
HOOD,2024-11-20 14:30:00+00:00,37.0,38.11000061035156,35.720001220703125,36.08000183105469,36004100,2024-11-20
HOOD,2024-11-21 14:30:00+00:00,37.125,37.125,34.630001068115234,35.09000015258789,27042400,2024-11-21
HOOD,2024-11-22 14:30:00+00:00,34.97999954223633,36.834999084472656,34.16999816894531,36.650001525878906,21650100,2024-11-22
HOOD,2024-11-25 14:30:00+00:00,39.220001220703125,39.7400016784668,37.29999923706055,37.849998474121094,29944600,2024-11-25
HOOD,2024-11-26 14:30:00+00:00,37.04999923706055,37.90999984741211,36.150001525878906,36.41999816894531,16612100,2024-11-26
HOOD,2024-11-27 14:30:00+00:00,37.5099983215332,38.290000915527344,37.040000915527344,37.650001525878906,15118500,2024-11-27
HOOD,2024-11-29 14:30:00+00:00,38.619998931884766,39.14500045776367,37.5099983215332,37.540000915527344,13399500,2024-11-29
HOOD,2024-12-02 14:30:00+00:00,37.92499923706055,38.790000915527344,37.52000045776367,37.619998931884766,16071000,2024-12-02
HOOD,2024-12-03 14:30:00+00:00,37.04999923706055,38.70500183105469,36.61000061035156,38.63999938964844,17947600,2024-12-03
HOOD,2024-12-04 14:30:00+00:00,39.95000076293945,40.56999969482422,37.779998779296875,40.0,35447100,2024-12-04
HOOD,2024-12-05 14:30:00+00:00,42.709999084472656,42.7599983215332,38.790000915527344,38.91999816894531,50453500,2024-12-05
HOOD,2024-12-06 14:30:00+00:00,39.59000015258789,41.709999084472656,38.939998626708984,41.66999816894531,37242700,2024-12-06
HOOD,2024-12-09 14:30:00+00:00,41.38999938964844,42.09000015258789,39.2400016784668,39.540000915527344,26493400,2024-12-09
HOOD,2024-12-10 14:30:00+00:00,39.810001373291016,40.5,37.189998626708984,37.36000061035156,27808800,2024-12-10
HOOD,2024-12-11 14:30:00+00:00,38.5,38.54999923706055,37.70000076293945,37.84000015258789,23327700,2024-12-11
HOOD,2024-12-12 14:30:00+00:00,37.380001068115234,40.189998626708984,35.619998931884766,39.33000183105469,26270400,2024-12-12
HOOD,2024-12-13 14:30:00+00:00,39.40999984741211,40.34700012207031,38.959999084472656,40.20000076293945,19794900,2024-12-13
HOOD,2024-12-16 14:30:00+00:00,41.02000045776367,43.83000183105469,40.529998779296875,43.20000076293945,36584000,2024-12-16
HOOD,2024-12-17 14:30:00+00:00,42.310001373291016,42.310001373291016,40.34000015258789,41.630001068115234,27260400,2024-12-17
HOOD,2024-12-18 14:30:00+00:00,41.439998626708984,41.48899841308594,36.63999938964844,37.08000183105469,33565200,2024-12-18
HOOD,2024-12-19 14:30:00+00:00,38.47999954223633,38.68000030517578,36.209999084472656,36.939998626708984,25513100,2024-12-19
HOOD,2024-12-20 14:30:00+00:00,35.11000061035156,38.474998474121094,34.02000045776367,38.33000183105469,29109100,2024-12-20
HOOD,2024-12-23 14:30:00+00:00,37.91999816894531,38.5,37.08000183105469,37.5,16662300,2024-12-23
HOOD,2024-12-24 14:30:00+00:00,38.0,39.59000015258789,37.689998626708984,39.58000183105469,10144500,2024-12-24
HOOD,2024-12-26 14:30:00+00:00,39.34000015258789,40.46500015258789,38.79999923706055,40.380001068115234,11874900,2024-12-26
HOOD,2024-12-27 14:30:00+00:00,40.25,40.439998626708984,38.220001220703125,39.02000045776367,14388800,2024-12-27
HOOD,2024-12-30 14:30:00+00:00,37.810001373291016,38.959999084472656,37.45000076293945,38.279998779296875,12749600,2024-12-30
HOOD,2024-12-31 14:30:00+00:00,38.95000076293945,39.099998474121094,37.029998779296875,37.2599983215332,14168100,2024-12-31
HOOD,2025-01-02 14:30:00+00:00,38.540000915527344,39.70000076293945,37.349998474121094,39.439998626708984,18993300,2025-01-02
HOOD,2025-01-03 14:30:00+00:00,39.779998779296875,41.380001068115234,39.02399826049805,41.349998474121094,19978800,2025-01-03
HOOD,2025-01-06 14:30:00+00:00,42.11000061035156,43.119998931884766,41.459999084472656,42.709999084472656,22219300,2025-01-06
HOOD,2025-01-07 14:30:00+00:00,42.33000183105469,43.1879997253418,39.8650016784668,40.560001373291016,17649200,2025-01-07
HOOD,2025-01-08 14:30:00+00:00,40.255001068115234,40.83000183105469,39.209999084472656,40.810001373291016,14022200,2025-01-08
HOOD,2025-01-10 14:30:00+00:00,40.06999969482422,40.529998779296875,38.779998779296875,40.08000183105469,13972900,2025-01-10
HOOD,2025-01-13 14:30:00+00:00,39.0099983215332,39.797000885009766,38.41999816894531,39.59000015258789,13763100,2025-01-13
HOOD,2025-01-14 14:30:00+00:00,41.79999923706055,43.77000045776367,41.279998779296875,41.7599983215332,32498800,2025-01-14
HOOD,2025-01-15 14:30:00+00:00,43.9900016784668,46.220001220703125,43.643001556396484,45.560001373291016,32265300,2025-01-15
HOOD,2025-01-16 14:30:00+00:00,45.61000061035156,46.849998474121094,45.25,46.08000183105469,18649700,2025-01-16
HOOD,2025-01-17 14:30:00+00:00,47.7400016784668,49.27000045776367,46.970001220703125,48.150001525878906,35226600,2025-01-17
HOOD,2025-01-21 14:30:00+00:00,49.93000030517578,50.63999938964844,48.150001525878906,50.0,29947100,2025-01-21
HOOD,2025-01-22 14:30:00+00:00,50.209999084472656,51.09000015258789,49.720001220703125,50.15999984741211,20153200,2025-01-22
HOOD,2025-01-23 14:30:00+00:00,49.38999938964844,50.90999984741211,49.2599983215332,50.36000061035156,16838700,2025-01-23
HOOD,2025-01-24 14:30:00+00:00,50.90999984741211,52.060001373291016,50.599998474121094,51.119998931884766,19901100,2025-01-24
HOOD,2025-01-27 14:30:00+00:00,48.33000183105469,50.14500045776367,46.65999984741211,47.7400016784668,29648700,2025-01-27
HOOD,2025-01-28 14:30:00+00:00,47.89799880981445,49.79999923706055,47.01100158691406,49.400001525878906,17600400,2025-01-28
HOOD,2025-01-29 14:30:00+00:00,48.81999969482422,51.709999084472656,48.599998474121094,51.150001525878906,17767600,2025-01-29
HOOD,2025-01-30 14:30:00+00:00,51.959999084472656,53.5099983215332,51.066001892089844,53.0,16825700,2025-01-30
HOOD,2025-01-31 14:30:00+00:00,53.2599983215332,53.4900016784668,51.6349983215332,51.95000076293945,14290800,2025-01-31
HOOD,2025-02-03 14:30:00+00:00,48.4900016784668,52.31999969482422,48.08000183105469,51.900001525878906,19031800,2025-02-03
HOOD,2025-02-04 14:30:00+00:00,52.0,53.310001373291016,51.540000915527344,52.58000183105469,17469600,2025-02-04
HOOD,2025-02-05 14:30:00+00:00,52.31999969482422,54.33000183105469,52.209999084472656,54.20000076293945,16616600,2025-02-05
HOOD,2025-02-06 14:30:00+00:00,54.79999923706055,54.880001068115234,52.15999984741211,53.16999816894531,15893900,2025-02-06
HOOD,2025-02-07 14:30:00+00:00,54.38999938964844,55.97999954223633,54.11000061035156,55.86000061035156,25050300,2025-02-07
HOOD,2025-02-10 14:30:00+00:00,57.18000030517578,57.27000045776367,55.54999923706055,56.27000045776367,23555900,2025-02-10
HOOD,2025-02-11 14:30:00+00:00,55.900001525878906,55.9900016784668,53.279998779296875,53.34000015258789,24210900,2025-02-11
HOOD,2025-02-12 14:30:00+00:00,53.16999816894531,56.7400016784668,52.650001525878906,55.90999984741211,48482700,2025-02-12
HOOD,2025-02-13 14:30:00+00:00,62.09000015258789,66.91000366210938,61.20000076293945,63.79999923706055,77989700,2025-02-13
HOOD,2025-02-14 14:30:00+00:00,63.30500030517578,66.08000183105469,61.72100067138672,65.27999877929688,39353300,2025-02-14
HOOD,2025-02-18 14:30:00+00:00,65.20999908447266,65.5780029296875,59.9010009765625,60.439998626708984,42371200,2025-02-18
HOOD,2025-02-19 14:30:00+00:00,61.09000015258789,61.9109992980957,58.650001525878906,59.22999954223633,26252600,2025-02-19
HOOD,2025-02-20 14:30:00+00:00,59.09000015258789,59.099998474121094,54.22999954223633,56.060001373291016,36348800,2025-02-20
HOOD,2025-02-21 14:30:00+00:00,57.869998931884766,57.869998931884766,51.439998626708984,51.599998474121094,33697500,2025-02-21
HOOD,2025-02-24 14:30:00+00:00,52.2400016784668,52.560001373291016,47.970001220703125,49.93000030517578,40671100,2025-02-24
HOOD,2025-02-25 14:30:00+00:00,47.5099983215332,48.84000015258789,44.02000045776367,45.91999816894531,59731300,2025-02-25
HOOD,2025-02-26 14:30:00+00:00,47.310001373291016,50.52000045776367,46.540000915527344,48.849998474121094,43151500,2025-02-26
HOOD,2025-02-27 14:30:00+00:00,51.7599983215332,52.93000030517578,48.41999816894531,48.779998779296875,48033000,2025-02-27
HOOD,2025-02-28 14:30:00+00:00,48.185001373291016,51.16999816894531,47.40999984741211,50.099998474121094,46083500,2025-02-28
HOOD,2025-03-03 14:30:00+00:00,54.720001220703125,54.84000015258789,46.68000030517578,46.88999938964844,52710100,2025-03-03
HOOD,2025-03-04 14:30:00+00:00,45.189998626708984,48.27000045776367,42.13999938964844,46.220001220703125,62405400,2025-03-04
HOOD,2025-03-05 14:30:00+00:00,46.70000076293945,48.290000915527344,44.91999816894531,48.119998931884766,33830100,2025-03-05
HOOD,2025-03-06 14:30:00+00:00,46.22999954223633,48.790000915527344,44.65999984741211,44.84000015258789,40627600,2025-03-06
HOOD,2025-03-07 14:30:00+00:00,43.63999938964844,45.369998931884766,40.95000076293945,44.41999816894531,53582200,2025-03-07
HOOD,2025-03-10 13:30:00+00:00,40.92499923706055,41.196998596191406,35.22999954223633,35.630001068115234,89410600,2025-03-10
HOOD,2025-03-11 13:30:00+00:00,36.19499969482422,38.349998474121094,35.56999969482422,36.36000061035156,69609300,2025-03-11
HOOD,2025-03-12 13:30:00+00:00,38.9900016784668,39.67100143432617,36.85100173950195,38.91999816894531,50844300,2025-03-12
HOOD,2025-03-13 13:30:00+00:00,38.27000045776367,38.68000030517578,35.90999984741211,36.02000045776367,47786300,2025-03-13
HOOD,2025-03-14 13:30:00+00:00,37.400001525878906,39.459999084472656,37.0099983215332,39.2400016784668,37821400,2025-03-14
HOOD,2025-03-17 13:30:00+00:00,39.349998474121094,42.91999816894531,38.959999084472656,42.02000045776367,45895500,2025-03-17
HOOD,2025-03-18 13:30:00+00:00,40.79999923706055,41.560001373291016,38.849998474121094,40.099998474121094,44644600,2025-03-18
HOOD,2025-03-19 13:30:00+00:00,40.775001525878906,43.84000015258789,40.17599868774414,42.79999923706055,56447100,2025-03-19
HOOD,2025-03-20 13:30:00+00:00,42.20000076293945,44.2400016784668,41.93000030517578,43.65999984741211,49146600,2025-03-20
HOOD,2025-03-21 13:30:00+00:00,41.95000076293945,44.72999954223633,41.5,44.36000061035156,43674200,2025-03-21
HOOD,2025-03-24 13:30:00+00:00,46.400001525878906,48.9900016784668,46.099998474121094,48.36000061035156,50762000,2025-03-24
HOOD,2025-03-25 13:30:00+00:00,48.75,49.880001068115234,47.20000076293945,48.150001525878906,43367900,2025-03-25
HOOD,2025-03-26 13:30:00+00:00,47.97999954223633,48.0,43.79999923706055,44.72999954223633,44462500,2025-03-26
HOOD,2025-03-27 13:30:00+00:00,44.11000061035156,45.59000015258789,43.2400016784668,43.9900016784668,51945500,2025-03-27
HOOD,2025-03-28 13:30:00+00:00,42.689998626708984,43.06999969482422,40.56999969482422,41.91999816894531,44330400,2025-03-28
HOOD,2025-03-31 13:30:00+00:00,39.775001525878906,41.95000076293945,38.8380012512207,41.619998931884766,40954800,2025-03-31
HOOD,2025-04-01 13:30:00+00:00,41.79999923706055,43.369998931884766,40.61000061035156,42.15999984741211,42942700,2025-04-01
HOOD,2025-04-02 13:30:00+00:00,40.689998626708984,43.5989990234375,40.54999923706055,42.68000030517578,44551400,2025-04-02
HOOD,2025-04-03 13:30:00+00:00,37.974998474121094,39.88999938964844,37.439998626708984,38.2599983215332,62216600,2025-04-03
HOOD,2025-04-04 13:30:00+00:00,35.625,36.25,31.59000015258789,34.5099983215332,80694700,2025-04-04
HOOD,2025-04-07 13:30:00+00:00,30.67300033569336,37.108001708984375,29.65999984741211,35.40999984741211,81135600,2025-04-07
HOOD,2025-04-08 13:30:00+00:00,37.1349983215332,37.849998474121094,33.084999084472656,34.16999816894531,63299900,2025-04-08
HOOD,2025-04-09 13:30:00+00:00,33.709999084472656,42.68000030517578,33.54999923706055,42.209999084472656,88299900,2025-04-09
HOOD,2025-04-10 13:30:00+00:00,40.29999923706055,42.130001068115234,37.779998779296875,40.5099983215332,64055500,2025-04-10
HOOD,2025-04-11 13:30:00+00:00,40.73500061035156,43.790000915527344,40.08000183105469,43.68000030517578,51352100,2025-04-11
HOOD,2025-04-14 13:30:00+00:00,45.0099983215332,45.09000015258789,42.5099983215332,44.13999938964844,45143500,2025-04-14
HOOD,2025-04-15 13:30:00+00:00,44.189998626708984,45.560001373291016,43.6870002746582,44.08000183105469,30788300,2025-04-15
HOOD,2025-04-16 13:30:00+00:00,41.86000061035156,43.13999938964844,40.06999969482422,40.65999984741211,46736500,2025-04-16
HOOD,2025-04-17 13:30:00+00:00,41.029998779296875,41.75,40.119998931884766,41.18000030517578,23940000,2025-04-17
HOOD,2025-04-21 13:30:00+00:00,40.72999954223633,41.558998107910156,39.209999084472656,39.849998474121094,27727700,2025-04-21
HOOD,2025-04-22 13:30:00+00:00,41.029998779296875,43.369998931884766,40.8120002746582,42.09000015258789,39232000,2025-04-22
HOOD,2025-04-23 13:30:00+00:00,45.29999923706055,47.220001220703125,44.27000045776367,44.65999984741211,48982800,2025-04-23
HOOD,2025-04-24 13:30:00+00:00,45.09000015258789,48.279998779296875,44.959999084472656,48.150001525878906,42991300,2025-04-24
HOOD,2025-04-25 13:30:00+00:00,48.900001525878906,49.9900016784668,48.47999954223633,49.45000076293945,34624100,2025-04-25
HOOD,2025-04-28 13:30:00+00:00,50.52000045776367,51.06999969482422,47.7400016784668,48.93000030517578,35081000,2025-04-28
HOOD,2025-04-29 13:30:00+00:00,49.439998626708984,49.880001068115234,48.459999084472656,49.369998931884766,28708400,2025-04-29
HOOD,2025-04-30 13:30:00+00:00,46.40999984741211,49.900001525878906,46.18000030517578,49.11000061035156,49380900,2025-04-30
HOOD,2025-05-01 13:30:00+00:00,51.125,51.29999923706055,46.529998779296875,46.619998931884766,88530700,2025-05-01
HOOD,2025-05-02 13:30:00+00:00,46.775001525878906,50.06999969482422,46.709999084472656,48.59000015258789,59187300,2025-05-02
HOOD,2025-05-05 13:30:00+00:00,47.209999084472656,48.34000015258789,45.560001373291016,48.04999923706055,37137900,2025-05-05
HOOD,2025-05-06 13:30:00+00:00,46.32500076293945,48.880001068115234,45.82500076293945,48.689998626708984,31103100,2025-05-06
HOOD,2025-05-07 13:30:00+00:00,48.849998474121094,50.5099983215332,48.31999969482422,49.9900016784668,38651800,2025-05-07
HOOD,2025-05-08 13:30:00+00:00,51.729000091552734,54.84000015258789,51.61000061035156,54.06999969482422,49440000,2025-05-08
HOOD,2025-05-09 13:30:00+00:00,54.939998626708984,56.314998626708984,53.742000579833984,54.650001525878906,44325500,2025-05-09
HOOD,2025-05-12 13:30:00+00:00,59.18000030517578,59.33000183105469,55.888999938964844,57.43000030517578,41385900,2025-05-12
HOOD,2025-05-13 13:30:00+00:00,58.91999816894531,63.415000915527344,58.81999969482422,62.56999969482422,57297900,2025-05-13
HOOD,2025-05-14 13:30:00+00:00,62.375,63.779998779296875,61.09000015258789,61.38999938964844,41568200,2025-05-14
HOOD,2025-05-15 13:30:00+00:00,60.30500030517578,60.83000183105469,57.68000030517578,60.68000030517578,36789200,2025-05-15
HOOD,2025-05-16 13:30:00+00:00,60.904998779296875,62.13999938964844,60.459999084472656,61.7599983215332,24538700,2025-05-16
HOOD,2025-05-19 13:30:00+00:00,59.85499954223633,64.36000061035156,59.68000030517578,64.2699966430664,34290800,2025-05-19
HOOD,2025-05-20 13:30:00+00:00,64.04000091552734,65.27999877929688,63.349998474121094,64.91000366210938,31331800,2025-05-20
HOOD,2025-05-21 13:30:00+00:00,64.05999755859375,66.88999938964844,63.31999969482422,63.86000061035156,40230100,2025-05-21
HOOD,2025-05-22 13:30:00+00:00,64.88999938964844,65.875,63.75,64.7699966430664,27235000,2025-05-22
HOOD,2025-05-23 13:30:00+00:00,62.849998474121094,64.45999908447266,62.63199996948242,63.16999816894531,28585500,2025-05-23
HOOD,2025-05-27 13:30:00+00:00,64.95999908447266,67.12999725341797,63.83000183105469,66.0199966430664,29735900,2025-05-27
HOOD,2025-05-28 13:30:00+00:00,66.13999938964844,66.61000061035156,64.80999755859375,65.13999938964844,17994200,2025-05-28
HOOD,2025-05-29 13:30:00+00:00,66.32499694824219,66.53500366210938,63.630001068115234,63.95000076293945,21300500,2025-05-29
HOOD,2025-05-30 13:30:00+00:00,63.59000015258789,66.48999786376953,62.91999816894531,66.1500015258789,35691700,2025-05-30
HOOD,2025-06-02 13:30:00+00:00,66.02999877929688,68.19999694824219,65.37999725341797,67.9800033569336,30252600,2025-06-02
HOOD,2025-06-03 13:30:00+00:00,69.9000015258789,72.72000122070312,69.05999755859375,71.72000122070312,43343500,2025-06-03
HOOD,2025-06-04 13:30:00+00:00,72.95999908447266,73.0,71.12999725341797,72.2699966430664,31915100,2025-06-04
HOOD,2025-06-05 13:30:00+00:00,73.55000305175781,76.75,71.19999694824219,72.51000213623047,64664700,2025-06-05
HOOD,2025-06-06 13:30:00+00:00,74.5999984741211,77.80000305175781,73.0999984741211,74.87999725341797,66229100,2025-06-06
HOOD,2025-06-09 13:30:00+00:00,72.05999755859375,73.7300033569336,68.55999755859375,73.4000015258789,65748800,2025-06-09
HOOD,2025-06-10 13:30:00+00:00,73.23999786376953,74.63999938964844,70.75,72.51000213623047,39178600,2025-06-10
HOOD,2025-06-11 13:30:00+00:00,73.05000305175781,75.38999938964844,72.31999969482422,74.87999725341797,34056700,2025-06-11
HOOD,2025-06-12 13:30:00+00:00,73.5260009765625,75.58999633789062,73.2300033569336,73.83999633789062,22611100,2025-06-12
HOOD,2025-06-13 13:30:00+00:00,72.0,74.81999969482422,71.69000244140625,72.5999984741211,27789300,2025-06-13
HOOD,2025-06-16 13:30:00+00:00,73.69999694824219,76.87999725341797,73.36000061035156,76.75,27114900,2025-06-16
HOOD,2025-06-17 13:30:00+00:00,76.11000061035156,77.05000305175781,72.86000061035156,74.94999694824219,26677500,2025-06-17
HOOD,2025-06-18 13:30:00+00:00,75.16999816894531,78.73999786376953,74.54000091552734,78.3499984741211,36185600,2025-06-18
HOOD,2025-06-20 13:30:00+00:00,78.47000122070312,79.37999725341797,75.79000091552734,78.5,37245800,2025-06-20
HOOD,2025-06-23 13:30:00+00:00,77.86000061035156,79.04499816894531,74.38999938964844,76.3499984741211,35289900,2025-06-23
HOOD,2025-06-24 13:30:00+00:00,77.9000015258789,82.2699966430664,76.83000183105469,82.01000213623047,42266600,2025-06-24
HOOD,2025-06-25 13:30:00+00:00,84.94000244140625,85.55000305175781,81.9000015258789,82.75,38974900,2025-06-25
HOOD,2025-06-26 13:30:00+00:00,83.41000366210938,84.80000305175781,82.52999877929688,84.5199966430664,25222500,2025-06-26
HOOD,2025-06-27 13:30:00+00:00,84.65499877929688,84.87999725341797,81.91999816894531,83.02999877929688,37005900,2025-06-27
HOOD,2025-06-30 13:30:00+00:00,85.6500015258789,94.23999786376953,85.5,93.62999725341797,101945000,2025-06-30
HOOD,2025-07-01 13:30:00+00:00,95.01200103759766,99.18000030517578,89.69999694824219,92.33000183105469,121171500,2025-07-01
HOOD,2025-07-02 13:30:00+00:00,91.25,100.87999725341797,90.9000015258789,97.9800033569336,113204200,2025-07-02
HOOD,2025-07-03 13:30:00+00:00,95.48999786376953,95.6500015258789,92.11000061035156,94.4000015258789,56373800,2025-07-03
HOOD,2025-07-07 13:30:00+00:00,93.58999633789062,95.69999694824219,91.25,93.45999908447266,49466000,2025-07-07
HOOD,2025-07-08 13:30:00+00:00,95.4000015258789,98.04000091552734,90.69999694824219,91.2699966430664,59808300,2025-07-08
HOOD,2025-07-09 13:30:00+00:00,92.91000366210938,94.6500015258789,91.74099731445312,94.54000091552734,42206400,2025-07-09
HOOD,2025-07-10 13:30:00+00:00,95.9000015258789,98.76000213623047,93.54100036621094,98.69999694824219,50119500,2025-07-10
HOOD,2025-07-11 13:30:00+00:00,97.5,101.5,97.33000183105469,98.33999633789062,60338900,2025-07-11
HOOD,2025-07-14 13:30:00+00:00,100.87000274658203,101.88999938964844,98.9000015258789,99.95999908447266,47356300,2025-07-14
HOOD,2025-07-15 13:30:00+00:00,99.01000213623047,101.26000213623047,97.16000366210938,99.54000091552734,45879400,2025-07-15
HOOD,2025-07-16 13:30:00+00:00,100.0199966430664,104.62000274658203,99.69999694824219,103.25,54557800,2025-07-16
HOOD,2025-07-17 13:30:00+00:00,103.53500366210938,106.63999938964844,102.72000122070312,105.44999694824219,39114400,2025-07-17
HOOD,2025-07-18 13:30:00+00:00,109.75,113.43900299072266,106.94999694824219,109.73999786376953,74033300,2025-07-18
HOOD,2025-07-21 13:30:00+00:00,109.0,110.30999755859375,104.06999969482422,104.33999633789062,46430600,2025-07-21
HOOD,2025-07-22 13:30:00+00:00,103.70999908447266,105.93000030517578,98.75,101.8499984741211,44667400,2025-07-22
HOOD,2025-07-23 13:30:00+00:00,102.12999725341797,102.68000030517578,100.54000091552734,102.08000183105469,33805200,2025-07-23
HOOD,2025-07-24 13:30:00+00:00,103.0,103.04000091552734,100.31999969482422,101.93000030517578,26698100,2025-07-24
HOOD,2025-07-25 13:30:00+00:00,101.54499816894531,106.38999938964844,101.05000305175781,104.8499984741211,35637800,2025-07-25
HOOD,2025-07-28 13:30:00+00:00,105.83999633789062,107.12999725341797,104.66000366210938,106.7699966430664,30578400,2025-07-28
HOOD,2025-07-29 13:30:00+00:00,106.61000061035156,107.41999816894531,103.0,103.31999969482422,30568000,2025-07-29
HOOD,2025-07-30 13:30:00+00:00,103.8499984741211,107.45999908447266,103.3499984741211,106.0999984741211,39913500,2025-07-30
HOOD,2025-07-31 13:30:00+00:00,103.86499786376953,109.05999755859375,101.06999969482422,103.05000305175781,58057600,2025-07-31
HOOD,2025-08-01 13:30:00+00:00,97.80000305175781,104.58999633789062,93.36000061035156,99.9000015258789,76745100,2025-08-01
HOOD,2025-08-04 13:30:00+00:00,101.22899627685547,106.79000091552734,97.15299987792969,106.37000274658203,46466000,2025-08-04
HOOD,2025-08-05 13:30:00+00:00,105.97000122070312,107.30000305175781,103.22000122070312,105.45999908447266,33460900,2025-08-05
HOOD,2025-08-06 13:30:00+00:00,104.50499725341797,105.9000015258789,101.18000030517578,105.6500015258789,33023500,2025-08-06
HOOD,2025-08-07 13:30:00+00:00,107.88999938964844,112.63400268554688,107.4000015258789,111.2300033569336,44736000,2025-08-07
HOOD,2025-08-08 13:30:00+00:00,111.5,117.0,110.9000015258789,114.62999725341797,41905700,2025-08-08
HOOD,2025-08-11 13:30:00+00:00,116.22000122070312,117.47000122070312,113.38999938964844,113.62000274658203,36942300,2025-08-11
HOOD,2025-08-12 13:30:00+00:00,115.04000091552734,117.69999694824219,113.18000030517578,114.08999633789062,31461900,2025-08-12
HOOD,2025-08-13 13:30:00+00:00,115.6500015258789,116.4000015258789,107.27999877929688,108.62000274658203,54719700,2025-08-13
HOOD,2025-08-14 13:30:00+00:00,107.87999725341797,111.45999908447266,106.30999755859375,110.70999908447266,34395300,2025-08-14
HOOD,2025-08-15 13:30:00+00:00,110.7300033569336,114.36000061035156,108.61000061035156,114.16999816894531,32215900,2025-08-15
HOOD,2025-08-18 13:30:00+00:00,113.0,115.08999633789062,109.77999877929688,115.0199966430664,35579200,2025-08-18
HOOD,2025-08-19 13:30:00+00:00,116.12000274658203,117.45999908447266,106.5,107.5,49635700,2025-08-19
HOOD,2025-08-20 13:30:00+00:00,106.66500091552734,107.9800033569336,99.0,105.33999633789062,56515300,2025-08-20
HOOD,2025-08-21 13:30:00+00:00,105.02999877929688,108.20999908447266,104.3499984741211,106.30000305175781,34679000,2025-08-21
HOOD,2025-08-22 13:30:00+00:00,105.52999877929688,111.88300323486328,103.80000305175781,109.31999969482422,39922200,2025-08-22
HOOD,2025-08-25 13:30:00+00:00,108.48999786376953,109.8499984741211,105.94999694824219,107.94000244140625,29478100,2025-08-25
HOOD,2025-08-26 13:30:00+00:00,106.8499984741211,109.36000061035156,105.12000274658203,108.80000305175781,27361000,2025-08-26
HOOD,2025-08-27 13:30:00+00:00,108.69000244140625,109.2699966430664,102.80999755859375,102.91999816894531,35942700,2025-08-27
HOOD,2025-08-28 13:30:00+00:00,104.0,105.4000015258789,102.76000213623047,103.69000244140625,26059100,2025-08-28
HOOD,2025-08-29 13:30:00+00:00,102.83999633789062,104.4000015258789,101.93000030517578,104.02999877929688,22269200,2025-08-29
HOOD,2025-09-02 13:30:00+00:00,100.33999633789062,101.9000015258789,97.9000015258789,100.83999633789062,40899100,2025-09-02
HOOD,2025-09-03 13:30:00+00:00,101.58999633789062,102.69000244140625,99.41000366210938,100.81999969482422,24194800,2025-09-03
HOOD,2025-09-04 13:30:00+00:00,100.75,104.75,100.5999984741211,102.91000366210938,30626300,2025-09-04
HOOD,2025-09-05 13:30:00+00:00,104.9800033569336,106.02999877929688,95.66000366210938,101.25,62538400,2025-09-05
HOOD,2025-09-08 13:30:00+00:00,110.62999725341797,117.30000305175781,110.12000274658203,117.27999877929688,102382400,2025-09-08
HOOD,2025-09-09 13:30:00+00:00,116.52999877929688,118.69999694824219,113.76000213623047,118.5,51536300,2025-09-09
HOOD,2025-09-10 13:30:00+00:00,120.83000183105469,123.44000244140625,116.69000244140625,117.45999908447266,46671200,2025-09-10
HOOD,2025-09-11 13:30:00+00:00,117.87999725341797,121.69000244140625,117.37000274658203,117.75,35760900,2025-09-11
HOOD,2025-09-12 13:30:00+00:00,117.93000030517578,118.56999969482422,114.05000305175781,115.02999877929688,37245800,2025-09-12
HOOD,2025-09-15 13:30:00+00:00,115.34500122070312,116.52999877929688,112.42500305175781,114.83000183105469,36787500,2025-09-15
HOOD,2025-09-16 13:30:00+00:00,115.05999755859375,118.12999725341797,113.79000091552734,117.37999725341797,36628500,2025-09-16
HOOD,2025-09-17 13:30:00+00:00,117.08999633789062,119.12999725341797,114.88999938964844,118.63999938964844,34516600,2025-09-17
HOOD,2025-09-18 13:30:00+00:00,120.08000183105469,124.36000061035156,119.85900115966797,120.91000366210938,35865100,2025-09-18
HOOD,2025-09-19 13:30:00+00:00,121.69999694824219,125.18000030517578,121.0,124.77999877929688,202388400,2025-09-19
HOOD,2025-09-22 13:30:00+00:00,123.625,126.63999938964844,122.19999694824219,124.88999938964844,33482600,2025-09-22
HOOD,2025-09-23 13:30:00+00:00,125.41000366210938,127.77999877929688,124.06999969482422,126.19999694824219,28923500,2025-09-23
HOOD,2025-09-24 13:30:00+00:00,127.51499938964844,130.07000732421875,125.0,126.80000305175781,26956400,2025-09-24
HOOD,2025-09-25 13:30:00+00:00,123.33000183105469,125.80000305175781,120.62000274658203,122.6500015258789,32876000,2025-09-25
HOOD,2025-09-26 13:30:00+00:00,124.18000030517578,125.05999755859375,120.45999908447266,121.77999877929688,25714800,2025-09-26
HOOD,2025-09-29 13:30:00+00:00,123.77999877929688,136.83999633789062,123.77999877929688,136.72000122070312,62109900,2025-09-29
HOOD,2025-09-30 13:30:00+00:00,135.6699981689453,143.6199951171875,135.57000732421875,143.17999267578125,50851200,2025-09-30
HOOD,2025-10-01 13:30:00+00:00,141.25999450683594,143.1699981689453,137.77999877929688,139.13999938964844,34759600,2025-10-01
HOOD,2025-10-02 13:30:00+00:00,142.77999877929688,146.6999969482422,140.14999389648438,145.6999969482422,34579900,2025-10-02
HOOD,2025-10-03 13:30:00+00:00,146.82000732421875,150.2100067138672,145.22999572753906,148.6699981689453,34531700,2025-10-03
HOOD,2025-10-06 13:30:00+00:00,153.0,153.86000061035156,144.11900329589844,144.25999450683594,28117000,2025-10-06
HOOD,2025-10-07 13:30:00+00:00,146.3300018310547,147.1199951171875,141.25999450683594,145.0,24867400,2025-10-07
HOOD,2025-10-08 13:30:00+00:00,146.11000061035156,151.35000610351562,144.5500030517578,150.8699951171875,23927600,2025-10-08
HOOD,2025-10-09 13:30:00+00:00,150.50999450683594,153.0800018310547,147.3000030517578,152.4600067138672,19633000,2025-10-09
HOOD,2025-10-10 13:30:00+00:00,151.5050048828125,153.55999755859375,138.94000244140625,138.9600067138672,41634300,2025-10-10
HOOD,2025-10-13 13:30:00+00:00,144.6199951171875,146.55999755859375,136.52000427246094,140.67999267578125,28260800,2025-10-13
HOOD,2025-10-14 13:30:00+00:00,136.72000122070312,141.2100067138672,133.0500030517578,134.9499969482422,31171000,2025-10-14
HOOD,2025-10-15 13:30:00+00:00,138.09500122070312,139.64999389648438,133.53500366210938,134.14999389648438,22187000,2025-10-15
HOOD,2025-10-16 13:30:00+00:00,135.3800048828125,137.47999572753906,130.57000732421875,131.44000244140625,23359400,2025-10-16
HOOD,2025-10-17 13:30:00+00:00,128.16000366210938,131.2050018310547,125.5999984741211,129.91000366210938,25237100,2025-10-17
HOOD,2025-10-20 13:30:00+00:00,133.4250030517578,140.197998046875,132.89999389648438,135.8000030517578,27605900,2025-10-20
HOOD,2025-10-21 13:30:00+00:00,135.2899932861328,135.30999755859375,131.35000610351562,131.83999633789062,19498300,2025-10-21
HOOD,2025-10-22 13:30:00+00:00,131.6300048828125,132.36000061035156,120.87999725341797,127.22000122070312,37786900,2025-10-22
HOOD,2025-10-23 13:30:00+00:00,128.27999877929688,135.57000732421875,127.27999877929688,134.3300018310547,24591100,2025-10-23
HOOD,2025-10-24 13:30:00+00:00,137.99000549316406,142.1999969482422,137.10000610351562,139.7899932861328,24330400,2025-10-24
HOOD,2025-10-27 13:30:00+00:00,144.99000549316406,149.1999969482422,143.17999267578125,145.86000061035156,25833300,2025-10-27
HOOD,2025-10-28 13:30:00+00:00,146.0,148.11000061035156,145.6300048828125,146.25,13446700,2025-10-28
HOOD,2025-10-29 13:30:00+00:00,146.0,147.72000122070312,142.74000549316406,144.8000030517578,19792600,2025-10-29
HOOD,2025-10-30 13:30:00+00:00,142.38999938964844,144.14999389648438,137.25,138.07000732421875,19706900,2025-10-30
HOOD,2025-10-31 13:30:00+00:00,143.60000610351562,150.47000122070312,143.3000030517578,146.77999877929688,26028100,2025-10-31
HOOD,2025-11-03 14:30:00+00:00,148.7899932861328,149.41200256347656,142.5,147.0800018310547,17187600,2025-11-03
HOOD,2025-11-04 14:30:00+00:00,139.8699951171875,144.39999389648438,136.6300048828125,136.8000030517578,26617700,2025-11-04
HOOD,2025-11-05 14:30:00+00:00,139.63499450683594,144.77000427246094,135.50999450683594,142.47999572753906,32318500,2025-11-05
HOOD,2025-11-06 14:30:00+00:00,140.0,140.16000366210938,126.1500015258789,127.08000183105469,50477800,2025-11-06
HOOD,2025-11-07 14:30:00+00:00,123.76599884033203,132.1999969482422,120.69999694824219,130.36000061035156,44897800,2025-11-07
HOOD,2025-11-10 14:30:00+00:00,135.4499969482422,138.99000549316406,131.64999389648438,135.8800048828125,30980500,2025-11-10
HOOD,2025-11-11 14:30:00+00:00,133.99000549316406,134.66700744628906,130.89999389648438,131.92999267578125,17218400,2025-11-11
HOOD,2025-11-12 14:30:00+00:00,133.3300018310547,133.83999633789062,128.3300018310547,132.97999572753906,22044600,2025-11-12
HOOD,2025-11-13 14:30:00+00:00,129.8699951171875,130.14999389648438,119.47000122070312,121.52999877929688,36727300,2025-11-13
HOOD,2025-11-14 14:30:00+00:00,115.1500015258789,126.5,114.0,122.5,32063800,2025-11-14
HOOD,2025-11-17 14:30:00+00:00,120.49500274658203,120.9800033569336,112.41999816894531,115.97000122070312,40078600,2025-11-17
HOOD,2025-11-18 14:30:00+00:00,113.91000366210938,116.97100067138672,112.3499984741211,114.30000305175781,28581100,2025-11-18
HOOD,2025-11-19 14:30:00+00:00,114.73999786376953,119.19999694824219,113.55000305175781,118.16000366210938,25278800,2025-11-19
HOOD,2025-11-20 14:30:00+00:00,121.62999725341797,122.62999725341797,105.23500061035156,106.20999908447266,42907300,2025-11-20
HOOD,2025-11-21 14:30:00+00:00,107.83999633789062,109.98999786376953,102.0999984741211,107.30000305175781,40155600,2025-11-21
HOOD,2025-11-24 14:30:00+00:00,109.91500091552734,115.72000122070312,108.63999938964844,114.97000122070312,30736500,2025-11-24
HOOD,2025-11-25 14:30:00+00:00,112.46499633789062,116.80999755859375,109.19000244140625,115.56999969482422,22078800,2025-11-25
HOOD,2025-11-26 14:30:00+00:00,121.33000183105469,128.89999389648438,120.86000061035156,128.1999969482422,47127600,2025-11-26
HOOD,2025-11-28 14:30:00+00:00,128.0749969482422,129.9499969482422,127.1500015258789,128.49000549316406,12783400,2025-11-28
HOOD,2025-12-01 14:30:00+00:00,123.44999694824219,125.29000091552734,118.86000061035156,123.23999786376953,31467300,2025-12-01
HOOD,2025-12-02 14:30:00+00:00,125.25,129.17999267578125,124.51000213623047,125.94999694824219,25394800,2025-12-02
HOOD,2025-12-03 14:30:00+00:00,126.0999984741211,134.33999633789062,124.4000015258789,133.63999938964844,25004500,2025-12-03
HOOD,2025-12-04 14:30:00+00:00,133.2100067138672,137.36000061035156,132.77000427246094,137.0800018310547,20572100,2025-12-04
HOOD,2025-12-05 14:30:00+00:00,135.05999755859375,135.24000549316406,129.9600067138672,131.9499969482422,23123000,2025-12-05
HOOD,2025-12-08 14:30:00+00:00,134.10000610351562,138.08999633789062,132.0019989013672,136.42999267578125,22593100,2025-12-08
HOOD,2025-12-09 14:30:00+00:00,134.5,139.75,133.57000732421875,135.7100067138672,18948200,2025-12-09
HOOD,2025-12-10 14:30:00+00:00,135.25999450683594,137.4600067138672,133.42999267578125,135.66000366210938,18232100,2025-12-10
HOOD,2025-12-11 14:30:00+00:00,131.77499389648438,131.77499389648438,122.52999877929688,123.37999725341797,44624800,2025-12-11
HOOD,2025-12-12 14:30:00+00:00,125.33999633789062,125.6500015258789,117.83499908447266,119.5,31553300,2025-12-12
HOOD,2025-12-15 14:30:00+00:00,120.4000015258789,120.66000366210938,114.10099792480469,115.26000213623047,28422000,2025-12-15
HOOD,2025-12-16 14:30:00+00:00,116.69499969482422,120.69999694824219,115.76000213623047,119.4000015258789,21011900,2025-12-16
HOOD,2025-12-17 14:30:00+00:00,120.97000122070312,124.69999694824219,115.58999633789062,115.80000305175781,36270000,2025-12-17
HOOD,2025-12-18 14:30:00+00:00,121.87000274658203,124.25,117.05000305175781,117.16000366210938,24274300,2025-12-18
HOOD,2025-12-19 14:30:00+00:00,119.47000122070312,122.95999908447266,118.19999694824219,121.3499984741211,27580900,2025-12-19
HOOD,2025-12-22 14:30:00+00:00,123.51000213623047,124.55000305175781,121.06999969482422,122.37000274658203,16977000,2025-12-22
HOOD,2025-12-23 14:30:00+00:00,120.29499816894531,121.1500015258789,116.75,120.23999786376953,16953500,2025-12-23
HOOD,2025-12-24 14:30:00+00:00,119.95999908447266,120.66999816894531,118.5999984741211,120.44000244140625,7980700,2025-12-24
HOOD,2025-12-26 14:30:00+00:00,120.70999908447266,121.02999877929688,117.69999694824219,118.12999725341797,12959100,2025-12-26
HOOD,2025-12-29 14:30:00+00:00,116.88999938964844,118.94999694824219,116.0199966430664,117.43000030517578,15386400,2025-12-29
HOOD,2025-12-30 14:30:00+00:00,117.625,118.63600158691406,115.18000030517578,115.44999694824219,16471600,2025-12-30
HOOD,2025-12-31 14:30:00+00:00,114.83999633789062,115.6500015258789,112.8499984741211,113.0999984741211,15992200,2025-12-31
HOOD,2026-01-02 14:30:00+00:00,115.47799682617188,116.02999877929688,110.41000366210938,115.20999908447266,25793500,2026-01-02
HOOD,2026-01-05 14:30:00+00:00,117.91999816894531,123.41999816894531,117.55000305175781,123.23999786376953,26231000,2026-01-05
HOOD,2026-01-06 14:30:00+00:00,124.16000366210938,124.3499984741211,118.05000305175781,121.69999694824219,20349800,2026-01-06
HOOD,2026-01-07 14:30:00+00:00,120.05000305175781,120.0999984741211,116.55000305175781,116.97000122070312,18916800,2026-01-07
HOOD,2026-01-08 14:30:00+00:00,115.75,117.31999969482422,113.87000274658203,115.38999938964844,20102400,2026-01-08
HOOD,2026-01-09 14:30:00+00:00,116.9749984741211,118.2300033569336,114.88200378417969,115.2699966430664,18094800,2026-01-09
HOOD,2026-01-12 14:30:00+00:00,114.51000213623047,119.62000274658203,114.45500183105469,117.5199966430664,17111700,2026-01-12
HOOD,2026-01-13 14:30:00+00:00,117.4000015258789,120.43000030517578,116.0,120.23999786376953,20026100,2026-01-13
HOOD,2026-01-14 14:30:00+00:00,120.29000091552734,120.87999725341797,116.61000061035156,119.66999816894531,17838700,2026-01-14
HOOD,2026-01-15 14:30:00+00:00,119.61000061035156,119.87999725341797,110.12999725341797,110.3499984741211,33323900,2026-01-15
HOOD,2026-01-16 14:30:00+00:00,111.05000305175781,111.25,106.87999725341797,108.73999786376953,30258500,2026-01-16
HOOD,2026-01-20 14:30:00+00:00,105.0,108.3499984741211,104.44999694824219,105.77999877929688,23515700,2026-01-20
HOOD,2026-01-21 14:30:00+00:00,105.7249984741211,108.5,104.94999694824219,105.91999816894531,20051300,2026-01-21
HOOD,2026-01-22 14:30:00+00:00,107.4800033569336,108.08000183105469,105.0999984741211,106.25,14834400,2026-01-22
HOOD,2026-01-23 14:30:00+00:00,106.9000015258789,111.45999908447266,106.5,106.98999786376953,17691100,2026-01-23
HOOD,2026-01-26 14:30:00+00:00,106.26000213623047,108.48999786376953,104.83000183105469,107.0,11501600,2026-01-26
HOOD,2026-01-27 14:30:00+00:00,107.69999694824219,109.04900360107422,104.66000366210938,105.23999786376953,18339500,2026-01-27
HOOD,2026-01-28 14:30:00+00:00,105.29000091552734,107.25,103.0,103.4000015258789,22380200,2026-01-28
HOOD,2026-01-29 14:30:00+00:00,103.81999969482422,103.81999969482422,99.19999694824219,101.23999786376953,29463800,2026-01-29
HOOD,2026-01-30 14:30:00+00:00,102.73500061035156,104.30000305175781,98.37000274658203,99.4800033569336,23773100,2026-01-30
HOOD,2026-02-02 14:30:00+00:00,95.87999725341797,95.88500213623047,88.66999816894531,89.91000366210938,59741800,2026-02-02
HOOD,2026-02-03 14:30:00+00:00,90.0999984741211,90.3499984741211,84.93000030517578,87.06999969482422,36550000,2026-02-03
HOOD,2026-02-04 14:30:00+00:00,84.7699966430664,85.30000305175781,77.62000274658203,80.62000274658203,62547900,2026-02-04
HOOD,2026-02-05 14:30:00+00:00,77.66999816894531,79.41000366210938,71.87000274658203,72.68000030517578,56483100,2026-02-05
HOOD,2026-02-06 14:30:00+00:00,77.86000061035156,84.30000305175781,77.12000274658203,82.81999969482422,54593900,2026-02-06
HOOD,2026-02-09 14:30:00+00:00,84.87999725341797,88.5999984741211,82.83000183105469,86.55999755859375,41278100,2026-02-09
HOOD,2026-02-10 14:30:00+00:00,85.31500244140625,88.22000122070312,85.20999908447266,85.5999984741211,41823800,2026-02-10
HOOD,2026-02-11 14:30:00+00:00,77.875,79.9000015258789,74.25,77.97000122070312,68727600,2026-02-11
HOOD,2026-02-12 14:30:00+00:00,78.87000274658203,79.0,70.43000030517578,71.12000274658203,57569300,2026-02-12
HOOD,2026-02-13 14:30:00+00:00,72.46499633789062,77.07499694824219,71.5199966430664,75.97000122070312,43506900,2026-02-13
HOOD,2026-02-17 14:30:00+00:00,74.33999633789062,76.72000122070312,72.87000274658203,75.44000244140625,31818500,2026-02-17
HOOD,2026-02-18 14:30:00+00:00,74.79000091552734,78.26499938964844,74.05999755859375,75.20999908447266,25655400,2026-02-18
HOOD,2026-02-19 14:30:00+00:00,74.38999938964844,76.13999938964844,73.52999877929688,75.6500015258789,20780400,2026-02-19
HOOD,2026-02-20 14:30:00+00:00,75.19999694824219,78.08000183105469,75.12999725341797,76.11000061035156,30283900,2026-02-20
HOOD,2026-02-23 14:30:00+00:00,74.59500122070312,74.94999694824219,71.41999816894531,71.77999877929688,30422700,2026-02-23
HOOD,2026-02-24 14:30:00+00:00,70.91200256347656,73.87999725341797,69.22000122070312,73.38999938964844,23571800,2026-02-24
HOOD,2026-02-25 14:30:00+00:00,76.91000366210938,78.11299896240234,74.63999938964844,77.52999877929688,32366200,2026-02-25
HOOD,2026-02-26 14:30:00+00:00,76.93000030517578,79.56900024414062,76.44999694824219,79.44999694824219,22685800,2026-02-26
HOOD,2026-02-27 14:30:00+00:00,76.80000305175781,77.79000091552734,74.81999969482422,75.8499984741211,23485300,2026-02-27
HOOD,2026-03-02 14:30:00+00:00,73.48500061035156,79.54000091552734,73.0,78.77999877929688,26904700,2026-03-02
HOOD,2026-03-03 14:30:00+00:00,74.04000091552734,77.4000015258789,72.25,76.06999969482422,26929200,2026-03-03
HOOD,2026-03-04 14:30:00+00:00,79.5999984741211,83.8499984741211,79.58000183105469,82.20999908447266,38493800,2026-03-04
HOOD,2026-03-05 14:30:00+00:00,82.12000274658203,84.75,78.55000305175781,80.55999755859375,39868300,2026-03-05
HOOD,2026-03-06 14:30:00+00:00,77.91000366210938,79.0,76.37999725341797,77.08999633789062,28734400,2026-03-06
HOOD,2026-03-09 13:30:00+00:00,75.91999816894531,79.6500015258789,75.55000305175781,79.3499984741211,25186600,2026-03-09
HOOD,2026-03-10 13:30:00+00:00,80.20500183105469,80.75,77.66000366210938,78.52999877929688,22663600,2026-03-10
HOOD,2026-03-11 13:30:00+00:00,78.11000061035156,79.7699966430664,76.73500061035156,78.69000244140625,22677200,2026-03-11
HOOD,2026-03-12 13:30:00+00:00,77.33499908447266,77.81999969482422,75.06999969482422,76.12000274658203,22668300,2026-03-12
HOOD,2026-03-13 13:30:00+00:00,76.75,77.62999725341797,72.79499816894531,73.38999938964844,33417500,2026-03-13
HOOD,2026-03-16 13:30:00+00:00,75.0999984741211,75.80500030517578,74.11000061035156,75.30999755859375,22783400,2026-03-16
HOOD,2026-03-17 13:30:00+00:00,75.4000015258789,77.69999694824219,75.38999938964844,77.3499984741211,20210200,2026-03-17
HOOD,2026-03-18 13:30:00+00:00,76.12999725341797,77.25,74.83000183105469,74.9000015258789,21937600,2026-03-18
HOOD,2026-03-19 13:30:00+00:00,72.27999877929688,75.16000366210938,71.69999694824219,74.16000366210938,21552500,2026-03-19
HOOD,2026-03-20 13:30:00+00:00,73.0999984741211,73.41000366210938,69.9000015258789,70.88999938964844,34441100,2026-03-20
HOOD,2026-03-23 13:30:00+00:00,71.84600067138672,73.5999984741211,70.91999816894531,72.48999786376953,26070200,2026-03-23
HOOD,2026-03-24 13:30:00+00:00,71.51000213623047,71.83999633789062,68.57599639892578,69.08000183105469,29061200,2026-03-24
HOOD,2026-03-25 13:30:00+00:00,71.82499694824219,74.58999633789062,71.75,72.54000091552734,27500100,2026-03-25
HOOD,2026-03-26 13:30:00+00:00,71.1500015258789,73.23999786376953,69.69999694824219,70.3499984741211,21327000,2026-03-26
HOOD,2026-03-27 13:30:00+00:00,68.54000091552734,68.88999938964844,65.87200164794922,66.0199966430664,30547000,2026-03-27
HOOD,2026-03-30 13:30:00+00:00,66.85900115966797,67.88999938964844,63.51499938964844,65.16000366210938,26512300,2026-03-30
HOOD,2026-03-31 13:30:00+00:00,65.81999969482422,69.41300201416016,65.18000030517578,69.30000305175781,35925100,2026-03-31
HOOD,2026-04-01 13:30:00+00:00,71.12999725341797,71.5510025024414,69.13999938964844,70.11000061035156,24130400,2026-04-01
HOOD,2026-04-02 13:30:00+00:00,67.19999694824219,70.1500015258789,65.56999969482422,68.9000015258789,23381300,2026-04-02
HOOD,2026-04-06 13:30:00+00:00,69.30999755859375,70.81999969482422,68.70999908447266,69.77999877929688,24334500,2026-04-06
HOOD,2026-04-07 13:30:00+00:00,68.30000305175781,69.66000366210938,66.62000274658203,69.6500015258789,24967400,2026-04-07
HOOD,2026-04-08 13:30:00+00:00,76.80000305175781,77.87000274658203,71.30999755859375,71.83000183105469,32953400,2026-04-08
HOOD,2026-04-09 13:30:00+00:00,71.58999633789062,72.45999908447266,68.77999877929688,70.12000274658203,25973800,2026-04-09
HOOD,2026-04-10 13:30:00+00:00,70.11000061035156,70.87000274658203,68.27999877929688,69.19000244140625,23163800,2026-04-10
HOOD,2026-04-13 13:30:00+00:00,68.20500183105469,71.69999694824219,67.80000305175781,71.66999816894531,21181700,2026-04-13
HOOD,2026-04-14 13:30:00+00:00,75.12999725341797,79.27999877929688,75.05000305175781,79.08999633789062,43587300,2026-04-14
HOOD,2026-04-15 13:30:00+00:00,83.55000305175781,87.55000305175781,81.5,87.31999969482422,72707200,2026-04-15
HOOD,2026-04-16 13:30:00+00:00,89.19000244140625,89.37999725341797,83.87000274658203,86.8499984741211,51788100,2026-04-16
HOOD,2026-04-17 13:30:00+00:00,90.05999755859375,93.31999969482422,89.56999969482422,90.75,49795300,2026-04-17
HOOD,2026-04-20 13:30:00+00:00,89.69999694824219,92.37999725341797,88.20999908447266,91.2750015258789,35942400,2026-04-20
HOOD,2026-04-21 13:30:00+00:00,91.08000183105469,91.44999694824219,86.19000244140625,86.43000030517578,36873000,2026-04-21
HOOD,2026-04-22 13:30:00+00:00,89.3499984741211,90.13500213623047,87.4800033569336,88.43000030517578,27468400,2026-04-22
HOOD,2026-04-23 13:30:00+00:00,86.69499969482422,87.61000061035156,81.74500274658203,83.54000091552734,33497600,2026-04-23
HOOD,2026-04-24 13:30:00+00:00,84.9000015258789,85.05999755859375,82.81999969482422,84.70999908447266,20873100,2026-04-24
HOOD,2026-04-27 13:30:00+00:00,84.27999877929688,85.69999694824219,83.11499786376953,83.94999694824219,20100400,2026-04-27
HOOD,2026-04-28 13:30:00+00:00,81.45999908447266,83.13999938964844,80.81999969482422,82.06999969482422,31324200,2026-04-28
HOOD,2026-04-29 13:30:00+00:00,72.30000305175781,73.58999633789062,69.93000030517578,71.19999694824219,79797600,2026-04-29
HOOD,2026-04-30 13:30:00+00:00,71.18000030517578,73.875,70.76000213623047,72.88999938964844,31187300,2026-04-30
HOOD,2026-05-01 13:30:00+00:00,73.7750015258789,75.27999877929688,73.05999755859375,73.66000366210938,25254800,2026-05-01
HOOD,2026-05-04 13:30:00+00:00,74.69999694824219,78.29000091552734,74.62999725341797,76.55000305175781,29377500,2026-05-04
HOOD,2026-05-05 13:30:00+00:00,77.61499786376953,78.75,76.48999786376953,77.02999877929688,24754600,2026-05-05
HOOD,2026-05-06 13:30:00+00:00,77.80000305175781,79.48999786376953,76.19000244140625,79.05000305175781,24673100,2026-05-06
HOOD,2026-05-07 13:30:00+00:00,78.95500183105469,79.2300033569336,75.45999908447266,76.27999877929688,21873200,2026-05-07
HOOD,2026-05-08 13:30:00+00:00,76.23999786376953,77.06500244140625,74.25,77.02999877929688,18141900,2026-05-08
HOOD,2026-05-11 13:30:00+00:00,76.79000091552734,81.13999938964844,74.80000305175781,80.77999877929688,26357900,2026-05-11
HOOD,2026-05-12 13:30:00+00:00,79.08000183105469,80.18000030517578,76.4800033569336,78.2699966430664,17097100,2026-05-12
HOOD,2026-05-13 13:30:00+00:00,77.06999969482422,77.62000274658203,75.33999633789062,76.75,14805900,2026-05-13
HOOD,2026-05-14 13:30:00+00:00,76.05000305175781,81.93000030517578,75.11000061035156,80.69999694824219,27967600,2026-05-14
HOOD,2026-05-15 13:30:00+00:00,78.54000091552734,78.58200073242188,76.41000366210938,77.13999938964844,19662400,2026-05-15
HOOD,2026-05-18 13:30:00+00:00,76.0,79.91999816894531,75.47000122070312,77.1500015258789,20209400,2026-05-18
HOOD,2026-05-19 13:30:00+00:00,76.1500015258789,76.37000274658203,73.18000030517578,74.16000366210938,20490400,2026-05-19
HOOD,2026-05-20 13:30:00+00:00,74.75,76.3499984741211,73.75,75.76000213623047,17178300,2026-05-20
HOOD,2026-05-21 13:30:00+00:00,74.94499969482422,76.75900268554688,74.6500015258789,75.91999816894531,16266400,2026-05-21
HOOD,2026-05-22 13:30:00+00:00,76.31999969482422,77.11000061035156,73.26000213623047,73.63999938964844,20817500,2026-05-22
HOOD,2026-05-26 13:30:00+00:00,74.49500274658203,76.04000091552734,73.45500183105469,74.08999633789062,20130200,2026-05-26
HOOD,2026-05-27 13:30:00+00:00,73.91500091552734,76.63500213623047,73.44999694824219,76.2300033569336,25413100,2026-05-27
HOOD,2026-05-28 13:30:00+00:00,74.84500122070312,84.91999816894531,73.52999877929688,84.83999633789062,44052400,2026-05-28
HOOD,2026-05-29 13:30:00+00:00,85.66000366210938,94.4000015258789,84.23500061035156,94.30000305175781,64411000,2026-05-29
HOOD,2026-06-01 13:30:00+00:00,89.94000244140625,92.4000015258789,85.55999755859375,90.7300033569336,42590800,2026-06-01
HOOD,2026-06-02 13:30:00+00:00,88.66999816894531,89.43000030517578,86.12999725341797,88.16000366210938,26630600,2026-06-02
HOOD,2026-06-03 13:30:00+00:00,86.44499969482422,86.81500244140625,82.41000366210938,82.8499984741211,24090300,2026-06-03
HOOD,2026-06-04 13:30:00+00:00,83.25499725341797,88.62000274658203,82.80000305175781,88.33000183105469,31788600,2026-06-04
HOOD,2026-06-05 13:30:00+00:00,86.56999969482422,87.33000183105469,79.48999786376953,82.47000122070312,35905100,2026-06-05
HOOD,2026-06-08 13:30:00+00:00,84.62000274658203,85.62999725341797,82.81400299072266,85.04000091552734,19347800,2026-06-08
HOOD,2026-06-09 13:30:00+00:00,85.87000274658203,88.08000183105469,78.93000030517578,83.7699966430664,29312400,2026-06-09
HOOD,2026-06-10 13:30:00+00:00,84.08999633789062,91.45999908447266,84.08000183105469,86.36000061035156,42027600,2026-06-10
HOOD,2026-06-11 13:30:00+00:00,87.08000183105469,93.63999938964844,85.72000122070312,92.2300033569336,38959100,2026-06-11
HOOD,2026-06-12 13:30:00+00:00,92.73500061035156,96.0999984741211,90.22000122070312,93.19000244140625,33030900,2026-06-12
HOOD,2026-06-15 13:30:00+00:00,98.72000122070312,100.87000274658203,97.44999694824219,98.12000274658203,36576900,2026-06-15
HOOD,2026-06-16 13:30:00+00:00,100.16999816894531,101.87999725341797,94.56999969482422,96.70999908447266,31540800,2026-06-16
HOOD,2026-06-17 13:30:00+00:00,95.93499755859375,110.72799682617188,95.76000213623047,105.19999694824219,70804700,2026-06-17
HOOD,2026-06-18 13:30:00+00:00,107.82499694824219,109.08000183105469,103.45999908447266,108.1500015258789,39509900,2026-06-18
HOOD,2026-06-22 13:30:00+00:00,108.0,112.5,105.2750015258789,105.70999908447266,31731200,2026-06-22
HOOD,2026-06-23 13:30:00+00:00,101.6449966430664,105.98999786376953,101.02999877929688,103.25,40632300,2026-06-23
HOOD,2026-06-24 13:30:00+00:00,102.34600067138672,104.2699966430664,96.29499816894531,97.19000244140625,30220000,2026-06-24
HOOD,2026-06-25 13:30:00+00:00,98.79000091552734,99.19000244140625,92.80000305175781,93.47000122070312,23404400,2026-06-25
HOOD,2026-06-26 13:30:00+00:00,93.21499633789062,99.44000244140625,93.08000183105469,98.69000244140625,44936800,2026-06-26
HOOD,2026-06-29 13:30:00+00:00,100.66000366210938,102.8499984741211,98.05000305175781,101.83000183105469,20681600,2026-06-29
HOOD,2026-06-30 13:30:00+00:00,101.87000274658203,103.05999755859375,99.66100311279297,100.27999877929688,17220700,2026-06-30
HOOD,2026-07-01 13:30:00+00:00,100.66999816894531,109.52999877929688,100.38999938964844,108.6500015258789,28100600,2026-07-01
HOOD,2026-07-02 13:30:00+00:00,112.76000213623047,120.05000305175781,110.93000030517578,112.7300033569336,41152400,2026-07-02
HOOD,2026-07-06 13:30:00+00:00,111.41000366210938,118.6500015258789,111.41000366210938,117.55000305175781,25587300,2026-07-06
HOOD,2026-07-07 13:30:00+00:00,115.7750015258789,117.8499984741211,112.52999877929688,112.9000015258789,21833500,2026-07-07
HOOD,2026-07-08 13:30:00+00:00,110.86499786376953,114.12999725341797,108.88999938964844,113.52999877929688,18287200,2026-07-08
HOOD,2026-07-09 13:30:00+00:00,112.2300033569336,117.6500015258789,111.62999725341797,115.11000061035156,18718800,2026-07-09
HOOD,2026-07-10 13:30:00+00:00,119.16000366210938,119.43000030517578,108.80999755859375,111.97000122070312,25930200,2026-07-10
HOOD,2026-07-13 13:30:00+00:00,111.2699966430664,113.69999694824219,108.83999633789062,109.86000061035156,18222400,2026-07-13
HOOD,2026-07-14 13:30:00+00:00,111.02999877929688,113.69000244140625,109.09500122070312,113.44999694824219,17916700,2026-07-14
HOOD,2026-07-15 13:30:00+00:00,114.97000122070312,116.5999984741211,112.12000274658203,115.54000091552734,21078600,2026-07-15
HOOD,2026-07-16 13:30:00+00:00,114.12999725341797,114.5199966430664,105.4800033569336,106.0199966430664,28465800,2026-07-16
HOOD,2026-07-17 13:30:00+00:00,100.37000274658203,104.11000061035156,96.58999633789062,99.95999908447266,27608600,2026-07-17
HOOD,2026-07-20 13:30:00+00:00,102.48999786376953,102.5999984741211,98.61000061035156,99.27999877929688,18740100,2026-07-20
HOOD,2026-07-21 13:30:00+00:00,102.81500244140625,108.20999908447266,102.81500244140625,106.36000061035156,19670300,2026-07-21
HOOD,2026-07-22 13:30:00+00:00,104.72000122070312,106.88500213623047,104.33000183105469,104.4800033569336,11151700,2026-07-22
HOOD,2026-07-23 13:30:00+00:00,101.87999725341797,104.12000274658203,99.31999969482422,101.58000183105469,16539900,2026-07-23
HOOD,2026-07-24 13:30:00+00:00,100.06999969482422,100.08000183105469,93.02999877929688,94.91000366210938,24405000,2026-07-24
HOOD,2026-07-27 13:30:00+00:00,96.9800033569336,99.44999694824219,93.19999694824219,95.6500015258789,16616600,2026-07-27
HOOD,2026-07-28 13:30:00+00:00,92.66500091552734,93.87000274658203,88.20999908447266,92.76000213623047,21666200,2026-07-28
HOOD,2026-07-29 13:30:00+00:00,92.20999908447266,93.31999969482422,88.5999984741211,89.83999633789062,23046600,2026-07-29
HOOD,2026-07-30 13:30:00+00:00,90.91200256347656,92.56999969482422,86.20999908447266,86.5999984741211,29692500,2026-07-30
HOOD,2026-07-31 13:30:00+00:00,86.13099670410156,89.5,83.68000030517578,86.55999755859375,22953500,2026-07-31
HOOD,2026-08-03 13:30:00+00:00,86.68499755859375,92.3499984741211,85.30000305175781,90.33999633789062,19740500,2026-08-03
HOOD,2026-08-04 13:30:00+00:00,92.61499786376953,95.5999984741211,90.0719985961914,93.51000213623047,22639500,2026-08-04
HOOD,2026-08-05 13:30:00+00:00,93.95999908447266,95.55000305175781,92.31500244140625,92.80000305175781,15234500,2026-08-05
HOOD,2026-08-06 13:30:00+00:00,90.70999908447266,92.5999984741211,90.20999908447266,90.70999908447266,12443600,2026-08-06
HOOD,2026-08-07 13:30:00+00:00,92.91000366210938,95.75,92.5199966430664,93.29000091552734,14860500,2026-08-07
HOOD,2026-08-10 13:30:00+00:00,93.23999786376953,95.94999694824219,92.4000015258789,94.5199966430664,11971600,2026-08-10
HOOD,2026-08-11 13:30:00+00:00,94.96499633789062,95.12999725341797,92.75,94.37999725341797,11712700,2026-08-11
HOOD,2026-08-12 13:30:00+00:00,96.98999786376953,97.16999816894531,93.41000366210938,94.91000366210938,13871400,2026-08-12
HOOD,2026-08-13 13:30:00+00:00,96.51000213623047,100.3499984741211,96.41000366210938,99.37000274658203,16201700,2026-08-13
HOOD,2026-08-14 13:30:00+00:00,98.0,98.41899871826172,95.44000244140625,95.55999755859375,14044600,2026-08-14
HOOD,2026-08-17 13:30:00+00:00,94.97000122070312,96.92500305175781,93.80000305175781,96.25,11456800,2026-08-17
HOOD,2026-08-18 13:30:00+00:00,93.44000244140625,94.58999633789062,91.44000244140625,91.52999877929688,13990400,2026-08-18
HOOD,2026-08-19 13:30:00+00:00,92.9000015258789,99.43000030517578,92.19000244140625,95.7699966430664,25243800,2026-08-19
HOOD,2026-08-20 13:30:00+00:00,100.8499984741211,101.61000061035156,93.6500015258789,95.0999984741211,25193700,2026-08-20
HOOD,2026-08-21 13:30:00+00:00,101.0999984741211,109.70999908447266,98.7699966430664,108.12999725341797,50460200,2026-08-21
HOOD,2026-08-24 13:30:00+00:00,106.8550033569336,109.125,103.13999938964844,103.62000274658203,22147500,2026-08-24
HOOD,2026-08-25 13:30:00+00:00,103.19999694824219,112.44999694824219,102.80000305175781,112.08999633789062,24663500,2026-08-25
HOOD,2026-08-26 13:30:00+00:00,110.1050033569336,111.58999633789062,108.25,108.54000091552734,13453300,2026-08-26
HOOD,2026-08-27 13:30:00+00:00,110.69999694824219,112.06999969482422,107.51000213623047,109.76000213623047,13757900,2026-08-27
HOOD,2026-08-28 13:30:00+00:00,108.65499877929688,110.5,104.1500015258789,104.26000213623047,16287200,2026-08-28
HOOD,2026-08-31 13:30:00+00:00,103.41999816894531,105.47000122070312,100.68000030517578,104.80999755859375,16327100,2026-08-31
HOOD,2026-09-01 13:30:00+00:00,105.33999633789062,106.95999908447266,102.44999694824219,103.51000213623047,22636200,2026-09-01
HOOD,2026-09-02 13:30:00+00:00,103.72000122070312,107.45999908447266,101.88999938964844,106.98999786376953,16848800,2026-09-02
HOOD,2026-09-03 13:30:00+00:00,113.80000305175781,124.87999725341797,113.04000091552734,124.72000122070312,51637300,2026-09-03
HOOD,2026-09-04 13:30:00+00:00,120.4749984741211,124.69999694824219,119.81999969482422,122.11000061035156,23732600,2026-09-04
HOOD,2026-09-08 13:30:00+00:00,125.06999969482422,125.25,117.08000183105469,117.33999633789062,26061000,2026-09-08
HOOD,2026-09-09 13:30:00+00:00,120.7699966430664,121.41999816894531,115.08999633789062,115.27999877929688,18687100,2026-09-09
HOOD,2026-09-10 13:30:00+00:00,112.69000244140625,116.30000305175781,111.94999694824219,113.33000183105469,16570000,2026-09-10
HOOD,2026-09-11 13:30:00+00:00,113.3499984741211,116.4000015258789,111.0199966430664,112.56999969482422,19731100,2026-09-11
HOOD,2026-09-14 13:30:00+00:00,112.26000213623047,116.34500122070312,111.95999908447266,114.33000183105469,17093000,2026-09-14
HOOD,2026-09-15 13:30:00+00:00,111.71499633789062,112.8499984741211,105.85900115966797,110.44999694824219,28745300,2026-09-15
HOOD,2026-09-16 13:30:00+00:00,110.2699966430664,111.05000305175781,101.70500183105469,104.41999816894531,33627300,2026-09-16
HOOD,2026-09-17 13:30:00+00:00,110.0999984741211,110.55000305175781,106.08000183105469,109.80999755859375,21913200,2026-09-17
HOOD,2026-09-18 13:30:00+00:00,113.33999633789062,120.56999969482422,111.05999755859375,119.81999969482422,39358800,2026-09-18
HOOD,2026-09-21 13:30:00+00:00,125.04499816894531,126.41000366210938,121.50499725341797,123.30000305175781,28301500,2026-09-21
HOOD,2026-09-22 13:30:00+00:00,123.0,126.16000366210938,122.45999908447266,124.25,16047600,2026-09-22
HOOD,2026-09-23 13:30:00+00:00,122.77999877929688,126.73999786376953,122.23999786376953,122.69999694824219,19079900,2026-09-23
HOOD,2026-09-24 13:30:00+00:00,119.5,123.55999755859375,119.09100341796875,120.81999969482422,14969900,2026-09-24
HOOD,2026-09-25 13:30:00+00:00,121.62999725341797,121.9000015258789,117.52999877929688,119.4000015258789,13915100,2026-09-25
HOOD,2026-09-28 13:30:00+00:00,118.0250015258789,120.16999816894531,116.05999755859375,116.45999908447266,12901300,2026-09-28
HOOD,2026-09-29 13:30:00+00:00,118.83000183105469,119.19000244140625,114.93000030517578,116.22000122070312,15194600,2026-09-29
HOOD,2026-09-30 13:30:00+00:00,122.61000061035156,123.48999786376953,111.94999694824219,112.5,35140200,2026-09-30
HOOD,2026-10-01 13:30:00+00:00,112.06999969482422,113.80999755859375,110.66000366210938,111.1500015258789,18273500,2026-10-01
HOOD,2026-10-02 13:30:00+00:00,113.58499908447266,119.37999725341797,112.44000244140625,112.73999786376953,29328100,2026-10-02
CRCL,2025-06-05 13:30:00+00:00,69.0,103.75,64.0,83.2300033569336,47192000,2025-06-05
CRCL,2025-06-06 13:30:00+00:00,96.38999938964844,123.51499938964844,92.94999694824219,107.69999694824219,60706300,2025-06-06
CRCL,2025-06-09 13:30:00+00:00,132.72000122070312,138.57000732421875,108.4000015258789,115.25,45521100,2025-06-09
CRCL,2025-06-10 13:30:00+00:00,115.0,115.0,101.51000213623047,105.91000366210938,25517800,2025-06-10
CRCL,2025-06-11 13:30:00+00:00,107.0,120.48999786376953,106.5,117.19999694824219,26481400,2025-06-11
CRCL,2025-06-12 13:30:00+00:00,116.79000091552734,117.93099975585938,104.26000213623047,106.54000091552734,13416500,2025-06-12
CRCL,2025-06-13 13:30:00+00:00,108.80999755859375,134.72000122070312,108.80000305175781,133.55999755859375,34013600,2025-06-13
CRCL,2025-06-16 13:30:00+00:00,147.5399932861328,165.60000610351562,145.8800048828125,151.05999755859375,43781500,2025-06-16
CRCL,2025-06-17 13:30:00+00:00,156.36000061035156,164.4199981689453,143.52999877929688,149.14999389648438,31234200,2025-06-17
CRCL,2025-06-18 13:30:00+00:00,153.22000122070312,200.89999389648438,148.0,199.58999633789062,63566800,2025-06-18
CRCL,2025-06-20 13:30:00+00:00,231.5,248.8800048828125,206.1699981689453,240.27999877929688,92427200,2025-06-20
CRCL,2025-06-23 13:30:00+00:00,238.4600067138672,298.989990234375,232.47999572753906,263.45001220703125,99128700,2025-06-23
CRCL,2025-06-24 13:30:00+00:00,250.4199981689453,265.0,217.57899475097656,222.64999389648438,68222600,2025-06-24
CRCL,2025-06-25 13:30:00+00:00,218.5449981689453,227.5399932861328,198.0,198.6199951171875,49283200,2025-06-25
CRCL,2025-06-26 13:30:00+00:00,209.0399932861328,226.9499969482422,205.67999267578125,213.6300048828125,45550300,2025-06-26
CRCL,2025-06-27 13:30:00+00:00,223.64700317382812,223.64700317382812,175.60000610351562,180.42999267578125,48112100,2025-06-27
CRCL,2025-06-30 13:30:00+00:00,181.77000427246094,192.5,178.0,181.2899932861328,34461500,2025-06-30
CRCL,2025-07-01 13:30:00+00:00,184.6699981689453,194.0,171.5,192.52999877929688,31252100,2025-07-01
CRCL,2025-07-02 13:30:00+00:00,187.2100067138672,189.0,176.0,177.97000122070312,18546000,2025-07-02
CRCL,2025-07-03 13:30:00+00:00,182.1699981689453,192.5,181.38999938964844,188.77000427246094,17192000,2025-07-03
CRCL,2025-07-07 13:30:00+00:00,193.75,208.60000610351562,186.60000610351562,207.4600067138672,31640800,2025-07-07
CRCL,2025-07-08 13:30:00+00:00,199.5,209.5,196.0,204.80999755859375,22225500,2025-07-08
CRCL,2025-07-09 13:30:00+00:00,209.36000061035156,215.60000610351562,197.25,200.67999267578125,17934400,2025-07-09
CRCL,2025-07-10 13:30:00+00:00,208.83999633789062,209.57000732421875,199.0,202.89999389648438,12340100,2025-07-10
CRCL,2025-07-11 13:30:00+00:00,204.17999267578125,206.8000030517578,182.5,187.3300018310547,18227400,2025-07-11
CRCL,2025-07-14 13:30:00+00:00,189.27000427246094,204.91000366210938,185.5399932861328,204.6999969482422,15445200,2025-07-14
CRCL,2025-07-15 13:30:00+00:00,198.0,203.4600067138672,188.10000610351562,195.3300018310547,14758500,2025-07-15
CRCL,2025-07-16 13:30:00+00:00,203.0500030517578,239.697998046875,201.32000732421875,233.1999969482422,43669500,2025-07-16
CRCL,2025-07-17 13:30:00+00:00,225.5850067138672,244.36000061035156,220.00999450683594,235.0800018310547,29222500,2025-07-17
CRCL,2025-07-18 13:30:00+00:00,244.89999389648438,262.9700012207031,222.49000549316406,223.77999877929688,42877400,2025-07-18
CRCL,2025-07-21 13:30:00+00:00,226.39999389648438,231.8800048828125,213.3300018310547,216.10000610351562,19033100,2025-07-21
CRCL,2025-07-22 13:30:00+00:00,207.5500030517578,211.99000549316406,192.89999389648438,198.30999755859375,18485900,2025-07-22
CRCL,2025-07-23 13:30:00+00:00,198.3800048828125,202.5,195.0800018310547,202.41000366210938,10319800,2025-07-23
CRCL,2025-07-24 13:30:00+00:00,199.75,201.25,189.22999572753906,193.0800018310547,9085900,2025-07-24
CRCL,2025-07-25 13:30:00+00:00,192.5399932861328,195.6999969482422,187.5,192.86000061035156,6988500,2025-07-25
CRCL,2025-07-28 13:30:00+00:00,196.97500610351562,197.89999389648438,183.91000366210938,185.36000061035156,9524200,2025-07-28
CRCL,2025-07-29 13:30:00+00:00,187.875,190.75,180.6820068359375,181.63999938964844,9534800,2025-07-29
CRCL,2025-07-30 13:30:00+00:00,182.6199951171875,193.33399963378906,182.10000610351562,190.5,9317700,2025-07-30
CRCL,2025-07-31 13:30:00+00:00,188.7550048828125,189.8699951171875,183.0,183.52000427246094,5770600,2025-07-31
CRCL,2025-08-01 13:30:00+00:00,176.92999267578125,181.5500030517578,167.3000030517578,168.10000610351562,12924900,2025-08-01
CRCL,2025-08-04 13:30:00+00:00,172.10000610351562,172.10000610351562,154.5,164.82000732421875,11701300,2025-08-04
CRCL,2025-08-05 13:30:00+00:00,160.0,164.32000732421875,153.91000366210938,153.92999267578125,7802400,2025-08-05
CRCL,2025-08-06 13:30:00+00:00,150.08999633789062,162.44000244140625,149.0,161.7100067138672,8357900,2025-08-06
CRCL,2025-08-07 13:30:00+00:00,167.67999267578125,169.9199981689453,151.10000610351562,152.92999267578125,10166300,2025-08-07
CRCL,2025-08-08 13:30:00+00:00,155.01499938964844,163.22000122070312,154.11700439453125,159.02999877929688,8921000,2025-08-08
CRCL,2025-08-11 13:30:00+00:00,161.0050048828125,169.8000030517578,155.52699279785156,161.1699981689453,11888900,2025-08-11
CRCL,2025-08-12 13:30:00+00:00,186.3000030517578,189.9199981689453,161.50999450683594,163.2100067138672,33232700,2025-08-12
CRCL,2025-08-13 13:30:00+00:00,156.63999938964844,164.63999938964844,152.14999389648438,153.16000366210938,17877900,2025-08-13
CRCL,2025-08-14 13:30:00+00:00,152.0,156.8000030517578,136.39999389648438,139.22999572753906,17905900,2025-08-14
CRCL,2025-08-15 13:30:00+00:00,141.15499877929688,151.47000122070312,139.25,149.25999450683594,23286200,2025-08-15
CRCL,2025-08-18 13:30:00+00:00,148.69500732421875,149.4499969482422,141.35000610351562,141.5800018310547,8683100,2025-08-18
CRCL,2025-08-19 13:30:00+00:00,143.97999572753906,144.64999389648438,133.11000061035156,135.22999572753906,9688100,2025-08-19
CRCL,2025-08-20 13:30:00+00:00,136.94000244140625,139.5,129.10000610351562,137.80999755859375,9944100,2025-08-20
CRCL,2025-08-21 13:30:00+00:00,135.0,136.99000549316406,131.58999633789062,131.8000030517578,4986600,2025-08-21
CRCL,2025-08-22 13:30:00+00:00,132.99000549316406,144.6999969482422,131.0500030517578,135.0399932861328,13309100,2025-08-22
CRCL,2025-08-25 13:30:00+00:00,134.36000061035156,135.32000732421875,124.69999694824219,125.23999786376953,10419800,2025-08-25
CRCL,2025-08-26 13:30:00+00:00,125.5999984741211,130.25,124.16000366210938,129.0500030517578,6923300,2025-08-26
CRCL,2025-08-27 13:30:00+00:00,129.0500030517578,130.26300048828125,126.01000213623047,127.4000015258789,5567700,2025-08-27
CRCL,2025-08-28 13:30:00+00:00,129.0,132.77999877929688,127.66300201416016,130.94000244140625,5588700,2025-08-28
CRCL,2025-08-29 13:30:00+00:00,131.07000732421875,135.97000122070312,129.0,131.97999572753906,8140600,2025-08-29
CRCL,2025-09-02 13:30:00+00:00,128.55999755859375,131.69000244140625,119.5999984741211,120.13999938964844,10272400,2025-09-02
CRCL,2025-09-03 13:30:00+00:00,122.08999633789062,122.27100372314453,116.5999984741211,118.45999908447266,9473300,2025-09-03
CRCL,2025-09-04 13:30:00+00:00,117.63999938964844,120.31999969482422,115.08000183105469,117.48999786376953,6393600,2025-09-04
CRCL,2025-09-05 13:30:00+00:00,117.77999877929688,118.80000305175781,108.0199966430664,114.55999755859375,11544500,2025-09-05
CRCL,2025-09-08 13:30:00+00:00,114.0,117.77999877929688,110.05000305175781,112.45999908447266,8410400,2025-09-08
CRCL,2025-09-09 13:30:00+00:00,113.62999725341797,120.75,112.62000274658203,117.98999786376953,9098700,2025-09-09
CRCL,2025-09-10 13:30:00+00:00,119.96499633789062,124.9800033569336,113.16999816894531,113.69000244140625,9925500,2025-09-10
CRCL,2025-09-11 13:30:00+00:00,114.22000122070312,136.49000549316406,113.30000305175781,133.6999969482422,23638300,2025-09-11
CRCL,2025-09-12 13:30:00+00:00,134.85000610351562,134.89999389648438,124.5,125.31999969482422,15291500,2025-09-12
CRCL,2025-09-15 13:30:00+00:00,129.89999389648438,135.77999877929688,125.08000183105469,134.0500030517578,12573800,2025-09-15
CRCL,2025-09-16 13:30:00+00:00,139.60000610351562,142.5500030517578,133.9199981689453,134.80999755859375,12723000,2025-09-16
CRCL,2025-09-17 13:30:00+00:00,135.0,146.5,128.25999450683594,131.0399932861328,19405300,2025-09-17
CRCL,2025-09-18 13:30:00+00:00,134.74000549316406,143.5800018310547,134.07000732421875,140.4199981689453,15939000,2025-09-18
CRCL,2025-09-19 13:30:00+00:00,145.0500030517578,147.6999969482422,139.52999877929688,144.13999938964844,16115600,2025-09-19
CRCL,2025-09-22 13:30:00+00:00,139.8800048828125,140.7100067138672,134.55999755859375,137.63999938964844,9117400,2025-09-22
CRCL,2025-09-23 13:30:00+00:00,138.6699981689453,141.60000610351562,130.6999969482422,130.97000122070312,8952100,2025-09-23
CRCL,2025-09-24 13:30:00+00:00,133.72999572753906,136.33999633789062,130.0399932861328,131.5800018310547,9155800,2025-09-24
CRCL,2025-09-25 13:30:00+00:00,128.99000549316406,130.25999450683594,124.30000305175781,124.66000366210938,7729900,2025-09-25
CRCL,2025-09-26 13:30:00+00:00,125.41999816894531,128.49000549316406,122.83000183105469,126.98999786376953,5467800,2025-09-26
CRCL,2025-09-29 13:30:00+00:00,129.5,137.8000030517578,128.5,133.66000366210938,10474600,2025-09-29
CRCL,2025-09-30 13:30:00+00:00,136.1999969482422,137.99000549316406,132.3699951171875,132.5800018310547,7965500,2025-09-30
CRCL,2025-10-01 13:30:00+00:00,133.6199951171875,137.26699829101562,127.5999984741211,129.02999877929688,9067300,2025-10-01
CRCL,2025-10-02 13:30:00+00:00,133.4499969482422,152.0500030517578,132.75,149.72000122070312,19216200,2025-10-02
CRCL,2025-10-03 13:30:00+00:00,148.39999389648438,156.47000122070312,144.13999938964844,145.77999877929688,19333300,2025-10-03
CRCL,2025-10-06 13:30:00+00:00,154.00999450683594,154.1719970703125,145.55999755859375,148.50999450683594,10810000,2025-10-06
CRCL,2025-10-07 13:30:00+00:00,152.0,157.55999755859375,144.1840057373047,148.72000122070312,12330800,2025-10-07
CRCL,2025-10-08 13:30:00+00:00,150.3000030517578,152.16000366210938,143.5500030517578,150.4600067138672,11706300,2025-10-08
CRCL,2025-10-09 13:30:00+00:00,150.8000030517578,153.8800048828125,145.8000030517578,150.47999572753906,10237500,2025-10-09
CRCL,2025-10-10 13:30:00+00:00,150.88999938964844,159.47000122070312,132.60499572753906,132.94000244140625,22403100,2025-10-10
CRCL,2025-10-13 13:30:00+00:00,138.05999755859375,141.3800048828125,135.11000061035156,137.47000122070312,10351000,2025-10-13
CRCL,2025-10-14 13:30:00+00:00,133.25,138.6199951171875,129.3300018310547,134.4600067138672,7650400,2025-10-14
CRCL,2025-10-15 13:30:00+00:00,137.32000732421875,141.10000610351562,132.5800018310547,134.47999572753906,9018700,2025-10-15
CRCL,2025-10-16 13:30:00+00:00,135.9199981689453,136.8699951171875,127.87999725341797,128.4600067138672,7387800,2025-10-16
CRCL,2025-10-17 13:30:00+00:00,125.25,127.75800323486328,123.08999633789062,126.48999786376953,7837400,2025-10-17
CRCL,2025-10-20 13:30:00+00:00,129.7899932861328,135.72900390625,128.25,130.80999755859375,9339400,2025-10-20
CRCL,2025-10-21 13:30:00+00:00,130.4499969482422,133.0,125.6500015258789,129.85000610351562,9603000,2025-10-21
CRCL,2025-10-22 13:30:00+00:00,128.57000732421875,131.0,122.5,124.79000091552734,8810200,2025-10-22
CRCL,2025-10-23 13:30:00+00:00,124.9800033569336,130.00999450683594,124.30999755859375,129.86000061035156,6896100,2025-10-23
CRCL,2025-10-24 13:30:00+00:00,132.9600067138672,144.02999877929688,131.02000427246094,142.0500030517578,15678700,2025-10-24
CRCL,2025-10-27 13:30:00+00:00,146.92999267578125,147.44000244140625,138.10000610351562,143.2899932861328,9715600,2025-10-27
CRCL,2025-10-28 13:30:00+00:00,143.25,143.3800048828125,135.85000610351562,136.11000061035156,7857500,2025-10-28
CRCL,2025-10-29 13:30:00+00:00,136.0,136.0500030517578,129.67999267578125,131.74000549316406,7593600,2025-10-29
CRCL,2025-10-30 13:30:00+00:00,129.97000122070312,130.0,122.48999786376953,122.70999908447266,10751300,2025-10-30
CRCL,2025-10-31 13:30:00+00:00,126.30999755859375,129.39999389648438,124.87999725341797,126.9800033569336,6616900,2025-10-31
CRCL,2025-11-03 14:30:00+00:00,125.75,125.75,117.82599639892578,117.86000061035156,9050500,2025-11-03
CRCL,2025-11-04 14:30:00+00:00,113.79000091552734,117.19999694824219,108.9000015258789,111.25,10279100,2025-11-04
CRCL,2025-11-05 14:30:00+00:00,113.0999984741211,114.8499984741211,111.94000244140625,113.02999877929688,6050000,2025-11-05
CRCL,2025-11-06 14:30:00+00:00,113.05000305175781,113.36000061035156,100.0,100.01000213623047,11702600,2025-11-06
CRCL,2025-11-07 14:30:00+00:00,99.0,103.33000183105469,96.0999984741211,103.13999938964844,9524300,2025-11-07
CRCL,2025-11-10 14:30:00+00:00,107.80000305175781,110.53500366210938,102.58000183105469,104.0999984741211,8568000,2025-11-10
CRCL,2025-11-11 14:30:00+00:00,102.05000305175781,102.48999786376953,97.94999694824219,98.30000305175781,8745300,2025-11-11
CRCL,2025-11-12 14:30:00+00:00,93.8499984741211,95.5199966430664,85.86000061035156,86.30000305175781,39011300,2025-11-12
CRCL,2025-11-13 14:30:00+00:00,86.0199966430664,88.41999816894531,81.37999725341797,82.33999633789062,52219400,2025-11-13
CRCL,2025-11-14 14:30:00+00:00,83.5,85.05000305175781,81.5,81.88999938964844,37549600,2025-11-14
CRCL,2025-11-17 14:30:00+00:00,81.79000091552734,81.9000015258789,75.0999984741211,76.58999633789062,23753300,2025-11-17
CRCL,2025-11-18 14:30:00+00:00,75.62000274658203,78.1500015258789,75.04299926757812,76.5999984741211,16437600,2025-11-18
CRCL,2025-11-19 14:30:00+00:00,76.48999786376953,76.5999984741211,67.55000305175781,69.72000122070312,28886500,2025-11-19
CRCL,2025-11-20 14:30:00+00:00,71.29000091552734,71.40499877929688,64.91999816894531,66.93000030517578,20369400,2025-11-20
CRCL,2025-11-21 14:30:00+00:00,66.92500305175781,72.33000183105469,66.13999938964844,71.33000183105469,19456200,2025-11-21
CRCL,2025-11-24 14:30:00+00:00,72.0,73.43000030517578,69.61000061035156,72.73999786376953,15679700,2025-11-24
CRCL,2025-11-25 14:30:00+00:00,69.13999938964844,70.11000061035156,68.052001953125,70.11000061035156,12630900,2025-11-25
CRCL,2025-11-26 14:30:00+00:00,71.1500015258789,73.29000091552734,68.86000061035156,72.63999938964844,15840800,2025-11-26
CRCL,2025-11-28 14:30:00+00:00,75.30999755859375,81.4800033569336,74.0199966430664,79.93000030517578,22254900,2025-11-28
CRCL,2025-12-01 14:30:00+00:00,77.48999786376953,79.83999633789062,75.2300033569336,75.94000244140625,18852700,2025-12-01
CRCL,2025-12-02 14:30:00+00:00,78.4000015258789,80.7300033569336,77.18000030517578,77.44000244140625,16567100,2025-12-02
CRCL,2025-12-03 14:30:00+00:00,78.38999938964844,86.58999633789062,75.97000122070312,86.29000091552734,21053700,2025-12-03
CRCL,2025-12-04 14:30:00+00:00,83.9800033569336,88.2699966430664,83.19999694824219,87.45999908447266,14235400,2025-12-04
CRCL,2025-12-05 14:30:00+00:00,86.08999633789062,86.66000366210938,83.13999938964844,85.62000274658203,10474100,2025-12-05
CRCL,2025-12-08 14:30:00+00:00,86.94499969482422,87.41000366210938,81.33999633789062,83.95999908447266,10024600,2025-12-08
CRCL,2025-12-09 14:30:00+00:00,83.2300033569336,89.9800033569336,81.76000213623047,88.87999725341797,14570000,2025-12-09
CRCL,2025-12-10 14:30:00+00:00,87.33999633789062,89.55000305175781,85.05000305175781,88.41000366210938,9329300,2025-12-10
CRCL,2025-12-11 14:30:00+00:00,85.8499984741211,89.26000213623047,83.33000183105469,88.56999969482422,11154500,2025-12-11
CRCL,2025-12-12 14:30:00+00:00,89.52999877929688,91.30000305175781,82.02999877929688,83.47000122070312,13858000,2025-12-12
CRCL,2025-12-15 14:30:00+00:00,83.8499984741211,84.18000030517578,74.73400115966797,75.45999908447266,15025000,2025-12-15
CRCL,2025-12-16 14:30:00+00:00,77.86000061035156,83.5,77.33000183105469,83.0,15029100,2025-12-16
CRCL,2025-12-17 14:30:00+00:00,82.87999725341797,85.73999786376953,79.08000183105469,79.19999694824219,10977800,2025-12-17
CRCL,2025-12-18 14:30:00+00:00,82.73999786376953,84.47000122070312,80.08000183105469,80.98999786376953,10406200,2025-12-18
CRCL,2025-12-19 14:30:00+00:00,82.43499755859375,86.30000305175781,82.43000030517578,86.12999725341797,13856900,2025-12-19
CRCL,2025-12-22 14:30:00+00:00,87.73999786376953,91.19999694824219,86.43000030517578,87.0,10721200,2025-12-22
CRCL,2025-12-23 14:30:00+00:00,84.80000305175781,85.56999969482422,81.0199966430664,82.7300033569336,9394700,2025-12-23
CRCL,2025-12-24 14:30:00+00:00,82.72000122070312,83.04499816894531,79.86000061035156,82.63999938964844,6401500,2025-12-24
CRCL,2025-12-26 14:30:00+00:00,82.38999938964844,82.5,79.70999908447266,81.2699966430664,6140600,2025-12-26
CRCL,2025-12-29 14:30:00+00:00,79.24500274658203,83.03600311279297,79.12300109863281,80.51000213623047,7400500,2025-12-29
CRCL,2025-12-30 14:30:00+00:00,80.18000030517578,82.88999938964844,79.6500015258789,79.88999938964844,7561700,2025-12-30
CRCL,2025-12-31 14:30:00+00:00,79.95999908447266,80.38999938964844,78.7699966430664,79.30000305175781,5754000,2025-12-31
CRCL,2026-01-02 14:30:00+00:00,80.83999633789062,84.58000183105469,79.62000274658203,83.47000122070312,8382500,2026-01-02
CRCL,2026-01-05 14:30:00+00:00,84.57499694824219,88.05999755859375,84.0999984741211,84.80000305175781,9112400,2026-01-05
CRCL,2026-01-06 14:30:00+00:00,86.0,86.19999694824219,81.947998046875,84.8499984741211,7456700,2026-01-06
CRCL,2026-01-07 14:30:00+00:00,83.19000244140625,83.5999984741211,80.52999877929688,80.58999633789062,6610400,2026-01-07
CRCL,2026-01-08 14:30:00+00:00,79.9000015258789,82.72000122070312,78.8499984741211,81.79000091552734,5375000,2026-01-08
CRCL,2026-01-09 14:30:00+00:00,82.19999694824219,84.33000183105469,79.44999694824219,82.9000015258789,7686400,2026-01-09
CRCL,2026-01-12 14:30:00+00:00,81.13999938964844,83.12000274658203,79.8499984741211,82.9000015258789,6863200,2026-01-12
CRCL,2026-01-13 14:30:00+00:00,83.23500061035156,84.27999877929688,80.29000091552734,83.45999908447266,8436100,2026-01-13
CRCL,2026-01-14 14:30:00+00:00,84.98999786376953,88.45999908447266,81.75,84.80000305175781,14373600,2026-01-14
CRCL,2026-01-15 14:30:00+00:00,83.47000122070312,83.79000091552734,76.11000061035156,76.5999984741211,16933700,2026-01-15
CRCL,2026-01-16 14:30:00+00:00,76.73999786376953,80.0199966430664,75.58000183105469,78.61000061035156,9931600,2026-01-16
CRCL,2026-01-20 14:30:00+00:00,75.69999694824219,77.47000122070312,72.62000274658203,72.69999694824219,12061500,2026-01-20
CRCL,2026-01-21 14:30:00+00:00,72.9000015258789,74.58999633789062,70.41999816894531,72.63999938964844,8343200,2026-01-21
CRCL,2026-01-22 14:30:00+00:00,73.55000305175781,73.80999755859375,70.76000213623047,71.3499984741211,7345900,2026-01-22
CRCL,2026-01-23 14:30:00+00:00,70.86000061035156,72.55000305175781,69.87999725341797,71.33000183105469,7506200,2026-01-23
CRCL,2026-01-26 14:30:00+00:00,70.01000213623047,72.43000030517578,69.8499984741211,70.9000015258789,7238000,2026-01-26
CRCL,2026-01-27 14:30:00+00:00,70.37999725341797,70.53800201416016,67.5,69.95999908447266,10213400,2026-01-27
CRCL,2026-01-28 14:30:00+00:00,72.86000061035156,77.0,71.91000366210938,72.83999633789062,16300600,2026-01-28
CRCL,2026-01-29 14:30:00+00:00,70.30500030517578,70.5999984741211,65.75,67.55000305175781,16968100,2026-01-29
CRCL,2026-01-30 14:30:00+00:00,66.5999984741211,66.91000366210938,61.8849983215332,63.93000030517578,15737900,2026-01-30
CRCL,2026-02-02 14:30:00+00:00,61.5,61.869998931884766,58.40999984741211,58.86000061035156,14468200,2026-02-02
CRCL,2026-02-03 14:30:00+00:00,60.16600036621094,60.16600036621094,53.7599983215332,56.15999984741211,16819300,2026-02-03
CRCL,2026-02-04 14:30:00+00:00,56.185001373291016,56.290000915527344,51.52000045776367,55.04999923706055,14496000,2026-02-04
CRCL,2026-02-05 14:30:00+00:00,53.630001068115234,54.47800064086914,49.900001525878906,50.22999954223633,15489000,2026-02-05
CRCL,2026-02-06 14:30:00+00:00,53.80500030517578,57.79999923706055,53.619998931884766,57.040000915527344,17508700,2026-02-06
CRCL,2026-02-09 14:30:00+00:00,56.33000183105469,60.880001068115234,55.7599983215332,60.099998474121094,10755400,2026-02-09
CRCL,2026-02-10 14:30:00+00:00,58.540000915527344,62.0,58.29999923706055,59.75,7515500,2026-02-10
CRCL,2026-02-11 14:30:00+00:00,59.11000061035156,59.16999816894531,55.88999938964844,57.86000061035156,8585500,2026-02-11
CRCL,2026-02-12 14:30:00+00:00,58.75,58.75,55.310001373291016,56.630001068115234,8567200,2026-02-12
CRCL,2026-02-13 14:30:00+00:00,58.439998626708984,62.20000076293945,57.22999954223633,60.040000915527344,12023900,2026-02-13
CRCL,2026-02-17 14:30:00+00:00,59.27000045776367,62.900001525878906,57.02000045776367,61.619998931884766,9686900,2026-02-17
CRCL,2026-02-18 14:30:00+00:00,62.125,64.69999694824219,61.20000076293945,63.150001525878906,7462500,2026-02-18
CRCL,2026-02-19 14:30:00+00:00,62.26499938964844,62.849998474121094,59.79999923706055,61.91999816894531,6951600,2026-02-19
CRCL,2026-02-20 14:30:00+00:00,62.25,65.5,61.5,63.02000045776367,9415100,2026-02-20
CRCL,2026-02-23 14:30:00+00:00,62.095001220703125,63.130001068115234,59.83000183105469,61.16999816894531,8797200,2026-02-23
CRCL,2026-02-24 14:30:00+00:00,60.38999938964844,62.95000076293945,59.459999084472656,61.369998931884766,8283500,2026-02-24
CRCL,2026-02-25 14:30:00+00:00,73.7699966430664,83.3499984741211,71.19000244140625,83.13999938964844,63849900,2026-02-25
CRCL,2026-02-26 14:30:00+00:00,81.56500244140625,90.5999984741211,81.2300033569336,87.20999908447266,41836500,2026-02-26
CRCL,2026-02-27 14:30:00+00:00,83.62000274658203,84.9800033569336,80.97000122070312,83.44000244140625,19295200,2026-02-27
CRCL,2026-03-02 14:30:00+00:00,80.80000305175781,96.61000061035156,80.2300033569336,96.13999938964844,32855500,2026-03-02
CRCL,2026-03-03 14:30:00+00:00,91.5,104.30000305175781,91.12999725341797,99.62999725341797,33367000,2026-03-03
CRCL,2026-03-04 14:30:00+00:00,102.80000305175781,106.3499984741211,101.4000015258789,105.2699966430664,24171000,2026-03-04
CRCL,2026-03-05 14:30:00+00:00,105.2699966430664,110.12000274658203,103.30000305175781,105.73999786376953,20902200,2026-03-05
CRCL,2026-03-06 14:30:00+00:00,102.81999969482422,106.29000091552734,100.06999969482422,101.91000366210938,19662200,2026-03-06
CRCL,2026-03-09 13:30:00+00:00,105.20999908447266,112.66000366210938,104.9000015258789,111.83999633789062,21509600,2026-03-09
CRCL,2026-03-10 13:30:00+00:00,113.44000244140625,121.80000305175781,112.80000305175781,118.08999633789062,24161100,2026-03-10
CRCL,2026-03-11 13:30:00+00:00,119.80000305175781,123.3949966430664,111.72000122070312,112.80999755859375,19437400,2026-03-11
CRCL,2026-03-12 13:30:00+00:00,113.04499816894531,117.77999877929688,112.1500015258789,114.18000030517578,12296200,2026-03-12
CRCL,2026-03-13 13:30:00+00:00,118.33499908447266,119.30000305175781,113.16000366210938,115.37999725341797,11354300,2026-03-13
CRCL,2026-03-16 13:30:00+00:00,120.1500015258789,126.5,119.7699966430664,125.83000183105469,18613500,2026-03-16
CRCL,2026-03-17 13:30:00+00:00,124.01000213623047,136.64999389648438,122.73999786376953,132.30999755859375,23078300,2026-03-17
CRCL,2026-03-18 13:30:00+00:00,131.49000549316406,135.48599243164062,128.0,132.83999633789062,16909300,2026-03-18
CRCL,2026-03-19 13:30:00+00:00,126.32499694824219,129.74000549316406,121.41000366210938,128.3300018310547,19498400,2026-03-19
CRCL,2026-03-20 13:30:00+00:00,127.9749984741211,132.3800048828125,122.91000366210938,126.02999877929688,22700800,2026-03-20
CRCL,2026-03-23 13:30:00+00:00,124.1500015258789,127.4800033569336,121.31999969482422,126.63999938964844,15857900,2026-03-23
CRCL,2026-03-24 13:30:00+00:00,126.3499984741211,127.08000183105469,98.30999755859375,101.16999816894531,57254200,2026-03-24
CRCL,2026-03-25 13:30:00+00:00,106.7699966430664,110.25,101.5999984741211,103.86000061035156,22176500,2026-03-25
CRCL,2026-03-26 13:30:00+00:00,101.91000366210938,103.55000305175781,97.30999755859375,98.2699966430664,15672000,2026-03-26
CRCL,2026-03-27 13:30:00+00:00,97.73999786376953,97.77999877929688,90.8499984741211,93.66000366210938,14551600,2026-03-27
CRCL,2026-03-30 13:30:00+00:00,96.26000213623047,96.5,88.26799774169922,89.91000366210938,12851300,2026-03-30
CRCL,2026-03-31 13:30:00+00:00,91.25,97.80000305175781,89.4000015258789,95.41000366210938,13703100,2026-03-31
CRCL,2026-04-01 13:30:00+00:00,98.41500091552734,99.45899963378906,90.26000213623047,90.73999786376953,13882800,2026-04-01
CRCL,2026-04-02 13:30:00+00:00,87.44999694824219,90.38999938964844,84.2699966430664,90.26000213623047,12668000,2026-04-02
CRCL,2026-04-06 13:30:00+00:00,93.08999633789062,94.697998046875,91.0199966430664,92.1500015258789,7658200,2026-04-06
CRCL,2026-04-07 13:30:00+00:00,90.97000122070312,95.2750015258789,88.0,94.12000274658203,8346900,2026-04-07
CRCL,2026-04-08 13:30:00+00:00,101.29000091552734,101.81999969482422,93.0,94.44000244140625,10572700,2026-04-08
CRCL,2026-04-09 13:30:00+00:00,93.05999755859375,93.94999694824219,84.5999984741211,85.0999984741211,14780700,2026-04-09
CRCL,2026-04-10 13:30:00+00:00,88.05000305175781,90.33000183105469,84.91000366210938,88.04000091552734,9369400,2026-04-10
CRCL,2026-04-13 13:30:00+00:00,86.33999633789062,98.68000030517578,86.2699966430664,98.68000030517578,13915400,2026-04-13
CRCL,2026-04-14 13:30:00+00:00,102.26000213623047,110.51000213623047,101.41000366210938,105.48999786376953,17543400,2026-04-14
CRCL,2026-04-15 13:30:00+00:00,107.58000183105469,108.69999694824219,102.93000030517578,105.5199966430664,10641600,2026-04-15
CRCL,2026-04-16 13:30:00+00:00,107.0,108.04000091552734,101.69999694824219,107.45999908447266,9258300,2026-04-16
CRCL,2026-04-17 13:30:00+00:00,110.36499786376953,111.1989974975586,102.69999694824219,105.91000366210938,14543400,2026-04-17
CRCL,2026-04-20 13:30:00+00:00,102.4800033569336,106.5,98.5,106.36000061035156,11403800,2026-04-20
CRCL,2026-04-21 13:30:00+00:00,104.7300033569336,105.0999984741211,95.79000091552734,96.0199966430664,12539200,2026-04-21
CRCL,2026-04-22 13:30:00+00:00,99.94999694824219,105.79000091552734,99.375,104.36000061035156,13863200,2026-04-22
CRCL,2026-04-23 13:30:00+00:00,101.22000122070312,103.6500015258789,97.9000015258789,100.01000213623047,7325400,2026-04-23
CRCL,2026-04-24 13:30:00+00:00,102.26499938964844,103.0,97.55999755859375,99.66000366210938,6621400,2026-04-24
CRCL,2026-04-27 13:30:00+00:00,98.55999755859375,98.80000305175781,94.29000091552734,95.44000244140625,9583200,2026-04-27
CRCL,2026-04-28 13:30:00+00:00,92.5,95.38600158691406,92.26200103759766,94.3499984741211,6305300,2026-04-28
CRCL,2026-04-29 13:30:00+00:00,93.55000305175781,96.2699966430664,90.19000244140625,95.55999755859375,8599700,2026-04-29
CRCL,2026-04-30 13:30:00+00:00,95.29000091552734,95.29000091552734,89.9000015258789,90.87999725341797,9231900,2026-04-30
CRCL,2026-05-01 13:30:00+00:00,92.7699966430664,100.01000213623047,92.20999908447266,99.69999694824219,10127600,2026-05-01
CRCL,2026-05-04 13:30:00+00:00,107.12999725341797,119.98999786376953,106.9000015258789,119.52999877929688,32606500,2026-05-04
CRCL,2026-05-05 13:30:00+00:00,121.4000015258789,121.4000015258789,112.44999694824219,114.19000244140625,22578400,2026-05-05
CRCL,2026-05-06 13:30:00+00:00,115.0,122.86000061035156,113.19999694824219,121.80000305175781,19293000,2026-05-06
CRCL,2026-05-07 13:30:00+00:00,118.26000213623047,120.4800033569336,109.5999984741211,113.25,21476800,2026-05-07
CRCL,2026-05-08 13:30:00+00:00,114.26000213623047,115.0,108.91000366210938,113.66999816894531,16763700,2026-05-08
CRCL,2026-05-11 13:30:00+00:00,118.8499984741211,134.8000030517578,105.36000061035156,131.75999450683594,49793000,2026-05-11
CRCL,2026-05-12 13:30:00+00:00,129.99000549316406,140.0,120.5,123.6500015258789,29501800,2026-05-12
CRCL,2026-05-13 13:30:00+00:00,125.7300033569336,130.72999572753906,118.19999694824219,126.56999969482422,19433400,2026-05-13
CRCL,2026-05-14 13:30:00+00:00,123.5999984741211,132.44000244140625,118.36499786376953,123.87999725341797,23592000,2026-05-14
CRCL,2026-05-15 13:30:00+00:00,117.47000122070312,118.26000213623047,111.38999938964844,114.0,17958200,2026-05-15
CRCL,2026-05-18 13:30:00+00:00,112.0999984741211,114.77999877929688,107.20999908447266,111.38999938964844,12562900,2026-05-18
CRCL,2026-05-19 13:30:00+00:00,109.19999694824219,115.36000061035156,108.6719970703125,111.02999877929688,10704700,2026-05-19
CRCL,2026-05-20 13:30:00+00:00,111.37000274658203,113.4800033569336,109.05999755859375,111.62000274658203,7009800,2026-05-20
CRCL,2026-05-21 13:30:00+00:00,111.0,117.93499755859375,110.43000030517578,114.87999725341797,10864700,2026-05-21
CRCL,2026-05-22 13:30:00+00:00,116.12000274658203,118.8499984741211,112.19999694824219,113.12000274658203,9796000,2026-05-22
CRCL,2026-05-26 13:30:00+00:00,112.22000122070312,113.04000091552734,104.13999938964844,104.16999816894531,15862300,2026-05-26
CRCL,2026-05-27 13:30:00+00:00,103.0,106.5999984741211,102.33000183105469,102.63999938964844,8300700,2026-05-27
CRCL,2026-05-28 13:30:00+00:00,101.44000244140625,108.37999725341797,97.69000244140625,108.23999786376953,11835300,2026-05-28
CRCL,2026-05-29 13:30:00+00:00,108.02999877929688,114.44000244140625,106.75,113.0,24738900,2026-05-29
CRCL,2026-06-01 13:30:00+00:00,108.72000122070312,109.5,104.26000213623047,104.97000122070312,14307300,2026-06-01
CRCL,2026-06-02 13:30:00+00:00,101.87999725341797,103.7699966430664,98.55000305175781,100.8499984741211,14601300,2026-06-02
CRCL,2026-06-03 13:30:00+00:00,99.17500305175781,99.17500305175781,90.12999725341797,90.12999725341797,16370800,2026-06-03
CRCL,2026-06-04 13:30:00+00:00,90.88999938964844,95.18000030517578,89.19999694824219,90.54000091552734,12226800,2026-06-04
CRCL,2026-06-05 13:30:00+00:00,88.11000061035156,88.11000061035156,78.41000366210938,80.27999877929688,24729300,2026-06-05
CRCL,2026-06-08 13:30:00+00:00,84.01000213623047,84.12999725341797,81.4000015258789,82.52999877929688,10609400,2026-06-08
CRCL,2026-06-09 13:30:00+00:00,81.16500091552734,87.37999725341797,77.87000274658203,81.0999984741211,13527300,2026-06-09
CRCL,2026-06-10 13:30:00+00:00,78.93000030517578,84.30000305175781,78.5999984741211,78.93000030517578,8420800,2026-06-10
CRCL,2026-06-11 13:30:00+00:00,79.5,83.91000366210938,78.61000061035156,82.62999725341797,8856800,2026-06-11
CRCL,2026-06-12 13:30:00+00:00,82.01000213623047,82.05000305175781,77.61000061035156,77.83999633789062,12394300,2026-06-12
CRCL,2026-06-15 13:30:00+00:00,82.88999938964844,87.30000305175781,82.41000366210938,83.37000274658203,15479000,2026-06-15
CRCL,2026-06-16 13:30:00+00:00,82.5,82.91999816894531,78.71099853515625,79.72000122070312,9859900,2026-06-16
CRCL,2026-06-17 13:30:00+00:00,79.0999984741211,85.23999786376953,78.5,80.58999633789062,9891100,2026-06-17
CRCL,2026-06-18 13:30:00+00:00,80.27999877929688,81.4000015258789,76.83999633789062,80.2300033569336,14863000,2026-06-18
CRCL,2026-06-22 13:30:00+00:00,81.25,84.86000061035156,78.97000122070312,79.94999694824219,9694500,2026-06-22
CRCL,2026-06-23 13:30:00+00:00,76.11000061035156,78.21900177001953,74.69999694824219,75.68000030517578,8875100,2026-06-23
CRCL,2026-06-24 13:30:00+00:00,75.5999984741211,75.5999984741211,70.06999969482422,70.9800033569336,11283600,2026-06-24
CRCL,2026-06-25 13:30:00+00:00,71.30000305175781,71.56999969482422,67.51000213623047,68.80999755859375,10894700,2026-06-25
CRCL,2026-06-26 13:30:00+00:00,67.91999816894531,74.44999694824219,67.36499786376953,73.56999969482422,14419000,2026-06-26
CRCL,2026-06-29 13:30:00+00:00,75.18000030517578,76.1500015258789,72.38999938964844,75.95999908447266,9184700,2026-06-29
CRCL,2026-06-30 13:30:00+00:00,72.25,73.19999694824219,62.52000045776367,62.630001068115234,38127200,2026-06-30
CRCL,2026-07-01 13:30:00+00:00,63.709999084472656,66.25,61.77299880981445,61.95000076293945,24659200,2026-07-01
CRCL,2026-07-02 13:30:00+00:00,63.810001373291016,69.2490005493164,63.65999984741211,64.62000274658203,17683500,2026-07-02
CRCL,2026-07-06 13:30:00+00:00,64.55999755859375,69.9800033569336,62.95000076293945,68.6500015258789,13085900,2026-07-06
CRCL,2026-07-07 13:30:00+00:00,67.75,69.05000305175781,64.5780029296875,65.1500015258789,8443800,2026-07-07
CRCL,2026-07-08 13:30:00+00:00,64.19000244140625,64.4800033569336,61.875,64.06999969482422,8525600,2026-07-08
CRCL,2026-07-09 13:30:00+00:00,62.95000076293945,64.80000305175781,61.66600036621094,63.0099983215332,9366300,2026-07-09
CRCL,2026-07-10 13:30:00+00:00,70.66000366210938,72.8550033569336,65.06999969482422,66.13999938964844,36802100,2026-07-10
CRCL,2026-07-13 13:30:00+00:00,64.41999816894531,66.0999984741211,62.36000061035156,63.0,12888800,2026-07-13
CRCL,2026-07-14 13:30:00+00:00,61.654998779296875,63.4900016784668,59.290000915527344,63.220001220703125,15796900,2026-07-14
CRCL,2026-07-15 13:30:00+00:00,64.45999908447266,66.84500122070312,63.25,65.69000244140625,12928300,2026-07-15
CRCL,2026-07-16 13:30:00+00:00,64.43000030517578,64.9000015258789,60.36000061035156,60.63999938964844,9798100,2026-07-16
CRCL,2026-07-17 13:30:00+00:00,59.18000030517578,62.400001525878906,58.68000030517578,60.459999084472656,8758000,2026-07-17
CRCL,2026-07-20 13:30:00+00:00,60.95000076293945,66.9800033569336,60.869998931884766,65.44999694824219,13867100,2026-07-20
CRCL,2026-07-21 13:30:00+00:00,68.94000244140625,72.67500305175781,68.6449966430664,71.08000183105469,18181300,2026-07-21
CRCL,2026-07-22 13:30:00+00:00,67.94999694824219,70.2300033569336,65.3499984741211,66.16000366210938,10842600,2026-07-22
CRCL,2026-07-23 13:30:00+00:00,65.0,65.41000366210938,61.349998474121094,62.18000030517578,10409700,2026-07-23
CRCL,2026-07-24 13:30:00+00:00,61.619998931884766,63.18000030517578,59.959999084472656,62.36000061035156,8358500,2026-07-24
CRCL,2026-07-27 13:30:00+00:00,63.630001068115234,66.23999786376953,62.611000061035156,65.66999816894531,8661200,2026-07-27
CRCL,2026-07-28 13:30:00+00:00,62.029998779296875,65.87999725341797,61.22999954223633,64.31999969482422,8128200,2026-07-28
CRCL,2026-07-29 13:30:00+00:00,63.15999984741211,64.47000122070312,60.54999923706055,61.36000061035156,7734000,2026-07-29
CRCL,2026-07-30 13:30:00+00:00,61.47999954223633,64.63999938964844,61.0,64.23999786376953,8150300,2026-07-30
CRCL,2026-07-31 13:30:00+00:00,62.720001220703125,63.5099983215332,58.65999984741211,62.61000061035156,13726400,2026-07-31
CRCL,2026-08-03 13:30:00+00:00,58.97999954223633,61.380001068115234,57.84000015258789,60.349998474121094,15928800,2026-08-03
CRCL,2026-08-04 13:30:00+00:00,60.29999923706055,64.36499786376953,60.06999969482422,63.25,12757700,2026-08-04
CRCL,2026-08-05 13:30:00+00:00,61.959999084472656,64.19999694824219,59.119998931884766,63.279998779296875,20101200,2026-08-05
CRCL,2026-08-06 13:30:00+00:00,61.2400016784668,65.90499877929688,60.0099983215332,63.279998779296875,12340000,2026-08-06
CRCL,2026-08-07 13:30:00+00:00,65.6500015258789,68.4000015258789,64.78199768066406,66.66999816894531,12164500,2026-08-07
CRCL,2026-08-10 13:30:00+00:00,67.1500015258789,67.4800033569336,64.5,67.05000305175781,7901700,2026-08-10
CRCL,2026-08-11 13:30:00+00:00,69.01000213623047,73.3499984741211,67.69999694824219,71.16000366210938,14290900,2026-08-11
CRCL,2026-08-12 13:30:00+00:00,71.83999633789062,72.37999725341797,68.80999755859375,71.27999877929688,8679200,2026-08-12
CRCL,2026-08-13 13:30:00+00:00,70.11000061035156,75.88999938964844,70.01000213623047,75.37999725341797,10750400,2026-08-13
CRCL,2026-08-14 13:30:00+00:00,74.45999908447266,74.62000274658203,71.19999694824219,71.5999984741211,8581600,2026-08-14
CRCL,2026-08-17 13:30:00+00:00,71.20500183105469,75.66999816894531,70.72699737548828,74.58999633789062,9772500,2026-08-17
CRCL,2026-08-18 13:30:00+00:00,72.80999755859375,74.22000122070312,71.41000366210938,71.7300033569336,9000500,2026-08-18
CRCL,2026-08-19 13:30:00+00:00,73.76499938964844,81.22000122070312,73.69000244140625,78.58999633789062,23236800,2026-08-19
CRCL,2026-08-20 13:30:00+00:00,82.98999786376953,85.27999877929688,79.5,83.66000366210938,22190600,2026-08-20
CRCL,2026-08-21 13:30:00+00:00,87.9800033569336,92.97000122070312,86.36000061035156,87.9800033569336,26018000,2026-08-21
CRCL,2026-08-24 13:30:00+00:00,89.93000030517578,92.30699920654297,86.63999938964844,87.72000122070312,17470100,2026-08-24
CRCL,2026-08-25 13:30:00+00:00,84.7300033569336,93.44999694824219,84.25,92.0199966430664,18132200,2026-08-25
CRCL,2026-08-26 13:30:00+00:00,89.70999908447266,92.95600128173828,87.0199966430664,89.91000366210938,15275100,2026-08-26
CRCL,2026-08-27 13:30:00+00:00,92.1500015258789,96.23899841308594,90.3499984741211,94.23999786376953,14319000,2026-08-27
CRCL,2026-08-28 13:30:00+00:00,92.61000061035156,93.95800018310547,86.91000366210938,87.13999938964844,14725900,2026-08-28
CRCL,2026-08-31 13:30:00+00:00,87.04000091552734,96.4000015258789,86.41999816894531,95.55000305175781,19885800,2026-08-31
CRCL,2026-09-01 13:30:00+00:00,92.125,93.30000305175781,88.11000061035156,89.4800033569336,13697600,2026-09-01
CRCL,2026-09-02 13:30:00+00:00,87.75499725341797,89.68000030517578,85.87000274658203,88.63999938964844,8368600,2026-09-02
CRCL,2026-09-03 13:30:00+00:00,92.07499694824219,103.27999877929688,91.69999694824219,103.2300033569336,24733900,2026-09-03
CRCL,2026-09-04 13:30:00+00:00,97.9800033569336,102.78500366210938,97.0999984741211,102.05000305175781,14220000,2026-09-04
CRCL,2026-09-08 13:30:00+00:00,100.6500015258789,100.80000305175781,95.8499984741211,96.18000030517578,12927000,2026-09-08
CRCL,2026-09-09 13:30:00+00:00,98.90499877929688,98.90499877929688,92.80999755859375,92.98999786376953,9368800,2026-09-09
CRCL,2026-09-10 13:30:00+00:00,90.0,92.95999908447266,89.5,90.31999969482422,8343300,2026-09-10
CRCL,2026-09-11 13:30:00+00:00,92.0,95.80000305175781,90.13999938964844,90.5999984741211,10404700,2026-09-11
CRCL,2026-09-14 13:30:00+00:00,92.1050033569336,97.75,92.0,97.41999816894531,16955600,2026-09-14
CRCL,2026-09-15 13:30:00+00:00,92.30000305175781,93.29000091552734,84.80000305175781,86.30000305175781,23093100,2026-09-15
CRCL,2026-09-16 13:30:00+00:00,85.71499633789062,85.95999908447266,78.26000213623047,80.44999694824219,25812600,2026-09-16
CRCL,2026-09-17 13:30:00+00:00,83.0,85.94999694824219,81.51000213623047,85.08999633789062,14259300,2026-09-17
CRCL,2026-09-18 13:30:00+00:00,87.40499877929688,92.5530014038086,87.0199966430664,91.77999877929688,30537000,2026-09-18
CRCL,2026-09-21 13:30:00+00:00,98.08999633789062,99.97000122070312,93.12000274658203,94.48999786376953,16512400,2026-09-21
CRCL,2026-09-22 13:30:00+00:00,96.9800033569336,97.55999755859375,93.05000305175781,94.58999633789062,12448000,2026-09-22
CRCL,2026-09-23 13:30:00+00:00,93.0199966430664,97.44999694824219,91.52999877929688,91.72000122070312,10945800,2026-09-23
CRCL,2026-09-24 13:30:00+00:00,91.40499877929688,95.38999938964844,90.33000183105469,93.0,12422900,2026-09-24
CRCL,2026-09-25 13:30:00+00:00,92.0,92.20999908447266,87.58999633789062,89.0,11210900,2026-09-25
CRCL,2026-09-28 13:30:00+00:00,86.99500274658203,88.33999633789062,84.81999969482422,85.80000305175781,9837800,2026-09-28
CRCL,2026-09-29 13:30:00+00:00,87.72000122070312,87.81999969482422,82.98999786376953,83.69999694824219,7538600,2026-09-29
CRCL,2026-09-30 13:30:00+00:00,85.72000122070312,86.94999694824219,82.11000061035156,82.16999816894531,8712900,2026-09-30
CRCL,2026-10-01 13:30:00+00:00,81.81999969482422,84.69999694824219,81.30000305175781,82.91000366210938,9312300,2026-10-01
CRCL,2026-10-02 13:30:00+00:00,85.77999877929688,88.4000015258789,80.13999938964844,81.25,14359300,2026-10-02
SPY,2024-10-03 13:30:00+00:00,567.3599853515625,569.7999877929688,565.489990234375,567.8200073242188,40846500,2024-10-03
SPY,2024-10-04 13:30:00+00:00,572.3499755859375,573.3599853515625,568.0999755859375,572.97998046875,42939100,2024-10-04
SPY,2024-10-07 13:30:00+00:00,571.2999877929688,571.9600219726562,566.6300048828125,567.7999877929688,49964700,2024-10-07
SPY,2024-10-08 13:30:00+00:00,570.4199829101562,573.780029296875,569.530029296875,573.1699829101562,37398700,2024-10-08
SPY,2024-10-09 13:30:00+00:00,573.1599731445312,577.7100219726562,572.5499877929688,577.1400146484375,37912200,2024-10-09
SPY,2024-10-10 13:30:00+00:00,575.77001953125,577.5800170898438,574.489990234375,576.1300048828125,44138100,2024-10-10
SPY,2024-10-11 13:30:00+00:00,576.0499877929688,580.3300170898438,575.9099731445312,579.5800170898438,42268000,2024-10-11
SPY,2024-10-14 13:30:00+00:00,581.219970703125,585.27001953125,580.72998046875,584.3200073242188,36217200,2024-10-14
SPY,2024-10-15 13:30:00+00:00,584.5900268554688,584.9000244140625,578.5399780273438,579.780029296875,54203600,2024-10-15
SPY,2024-10-16 13:30:00+00:00,579.780029296875,582.8300170898438,578.9600219726562,582.2999877929688,30725400,2024-10-16
SPY,2024-10-17 13:30:00+00:00,585.9099731445312,586.1199951171875,582.1599731445312,582.3499755859375,34393700,2024-10-17
SPY,2024-10-18 13:30:00+00:00,584.0700073242188,585.3900146484375,582.5800170898438,584.5900268554688,37416800,2024-10-18
SPY,2024-10-21 13:30:00+00:00,583.8499755859375,584.8499755859375,580.5999755859375,583.6300048828125,36439000,2024-10-21
SPY,2024-10-22 13:30:00+00:00,581.0499877929688,584.5,580.3800048828125,583.3200073242188,34183800,2024-10-22
SPY,2024-10-23 13:30:00+00:00,581.260009765625,581.7100219726562,574.4199829101562,577.989990234375,49314600,2024-10-23
SPY,2024-10-24 13:30:00+00:00,579.97998046875,580.0599975585938,576.5700073242188,579.239990234375,34979900,2024-10-24
SPY,2024-10-25 13:30:00+00:00,581.510009765625,584.4600219726562,578.0800170898438,579.0399780273438,47268200,2024-10-25
SPY,2024-10-28 13:30:00+00:00,582.5800170898438,582.7100219726562,580.52001953125,580.8300170898438,30174700,2024-10-28
SPY,2024-10-29 13:30:00+00:00,579.8499755859375,582.9099731445312,578.4299926757812,581.77001953125,42899700,2024-10-29
SPY,2024-10-30 13:30:00+00:00,581.2899780273438,583.3200073242188,579.2899780273438,580.010009765625,41435800,2024-10-30
SPY,2024-10-31 13:30:00+00:00,575.5599975585938,575.6300048828125,568.4400024414062,568.6400146484375,60182500,2024-10-31
SPY,2024-11-01 13:30:00+00:00,571.3200073242188,575.5499877929688,570.6199951171875,571.0399780273438,45667500,2024-11-01
SPY,2024-11-04 14:30:00+00:00,571.1799926757812,572.5,567.8900146484375,569.8099975585938,38217000,2024-11-04
SPY,2024-11-05 14:30:00+00:00,570.739990234375,576.739990234375,570.52001953125,576.7000122070312,39478300,2024-11-05
SPY,2024-11-06 14:30:00+00:00,589.2000122070312,591.9299926757812,585.3900146484375,591.0399780273438,68182000,2024-11-06
SPY,2024-11-07 14:30:00+00:00,593.0800170898438,596.6500244140625,593.0,595.6099853515625,47233200,2024-11-07
SPY,2024-11-08 14:30:00+00:00,596.1699829101562,599.6400146484375,596.1699829101562,598.1900024414062,46444900,2024-11-08
SPY,2024-11-11 14:30:00+00:00,599.8099975585938,600.1699829101562,597.0,598.760009765625,37586800,2024-11-11
SPY,2024-11-12 14:30:00+00:00,598.6799926757812,599.2899780273438,594.3699951171875,596.9000244140625,43006100,2024-11-12
SPY,2024-11-13 14:30:00+00:00,597.3699951171875,599.22998046875,594.9600219726562,597.1900024414062,47388600,2024-11-13
SPY,2024-11-14 14:30:00+00:00,597.3200073242188,597.8099975585938,592.6500244140625,593.3499755859375,38904100,2024-11-14
SPY,2024-11-15 14:30:00+00:00,589.719970703125,590.2000122070312,583.8599853515625,585.75,75988800,2024-11-15
SPY,2024-11-18 14:30:00+00:00,586.219970703125,589.489990234375,585.3400268554688,588.1500244140625,37001700,2024-11-18
SPY,2024-11-19 14:30:00+00:00,584.7100219726562,591.0399780273438,584.030029296875,590.2999877929688,49412000,2024-11-19
SPY,2024-11-20 14:30:00+00:00,590.3800048828125,590.7899780273438,584.6300048828125,590.5,50032600,2024-11-20
SPY,2024-11-21 14:30:00+00:00,593.4000244140625,595.1199951171875,587.4500122070312,593.6699829101562,46750300,2024-11-21
SPY,2024-11-22 14:30:00+00:00,593.6599731445312,596.1500244140625,593.1500244140625,595.510009765625,38226400,2024-11-22
SPY,2024-11-25 14:30:00+00:00,599.52001953125,600.8599853515625,595.2000122070312,597.530029296875,42441400,2024-11-25
SPY,2024-11-26 14:30:00+00:00,598.7999877929688,601.3300170898438,598.0700073242188,600.6500244140625,45621300,2024-11-26
SPY,2024-11-27 14:30:00+00:00,600.4600219726562,600.8499755859375,597.280029296875,598.8300170898438,34000200,2024-11-27
SPY,2024-11-29 14:30:00+00:00,599.6599731445312,603.3499755859375,599.3800048828125,602.5499877929688,30177400,2024-11-29
SPY,2024-12-02 14:30:00+00:00,602.969970703125,604.3200073242188,602.469970703125,603.6300048828125,31746000,2024-12-02
SPY,2024-12-03 14:30:00+00:00,603.3900146484375,604.1599731445312,602.3400268554688,603.9099731445312,26906600,2024-12-03
SPY,2024-12-04 14:30:00+00:00,605.6300048828125,607.9099731445312,604.9500122070312,607.6599731445312,42787600,2024-12-04
SPY,2024-12-05 14:30:00+00:00,607.6599731445312,608.47998046875,606.2999877929688,606.6599731445312,28762200,2024-12-05
SPY,2024-12-06 14:30:00+00:00,607.4400024414062,609.0700073242188,607.02001953125,607.8099975585938,31241500,2024-12-06
SPY,2024-12-09 14:30:00+00:00,607.6900024414062,607.8599853515625,604.0800170898438,604.6799926757812,34742700,2024-12-09
SPY,2024-12-10 14:30:00+00:00,605.3699951171875,605.7999877929688,602.1300048828125,602.7999877929688,37234500,2024-12-10
SPY,2024-12-11 14:30:00+00:00,605.780029296875,608.4299926757812,605.5,607.4600219726562,28677700,2024-12-11
SPY,2024-12-12 14:30:00+00:00,606.5800170898438,607.1599731445312,604.3300170898438,604.3300170898438,31543800,2024-12-12
SPY,2024-12-13 14:30:00+00:00,606.4000244140625,607.1300048828125,602.8099975585938,604.2100219726562,35904700,2024-12-13
SPY,2024-12-16 14:30:00+00:00,606.0,607.780029296875,605.2100219726562,606.7899780273438,43695200,2024-12-16
SPY,2024-12-17 14:30:00+00:00,604.1900024414062,605.1699829101562,602.8900146484375,604.2899780273438,55773500,2024-12-17
SPY,2024-12-18 14:30:00+00:00,603.97998046875,606.4099731445312,585.8900146484375,586.280029296875,108248700,2024-12-18
SPY,2024-12-19 14:30:00+00:00,591.3599853515625,593.0,585.8499755859375,586.0999755859375,85919500,2024-12-19
SPY,2024-12-20 14:30:00+00:00,581.77001953125,595.75,580.9099731445312,591.1500244140625,125716700,2024-12-20
SPY,2024-12-23 14:30:00+00:00,590.8900146484375,595.2999877929688,587.6599731445312,594.6900024414062,57635800,2024-12-23
SPY,2024-12-24 14:30:00+00:00,596.0599975585938,601.3400268554688,595.469970703125,601.2999877929688,33160100,2024-12-24
SPY,2024-12-26 14:30:00+00:00,599.5,602.47998046875,598.0800170898438,601.3400268554688,41219100,2024-12-26
SPY,2024-12-27 14:30:00+00:00,597.5399780273438,597.780029296875,590.760009765625,595.010009765625,64969300,2024-12-27
SPY,2024-12-30 14:30:00+00:00,587.8900146484375,591.739990234375,584.4099731445312,588.219970703125,56578800,2024-12-30
SPY,2024-12-31 14:30:00+00:00,589.9099731445312,590.6400146484375,584.4199829101562,586.0800170898438,57052700,2024-12-31
SPY,2025-01-02 14:30:00+00:00,589.3900146484375,591.1300048828125,580.5,584.6400146484375,50204000,2025-01-02
SPY,2025-01-03 14:30:00+00:00,587.530029296875,592.5999755859375,586.4299926757812,591.9500122070312,37888500,2025-01-03
SPY,2025-01-06 14:30:00+00:00,596.27001953125,599.7000122070312,593.5999755859375,595.3599853515625,47679400,2025-01-06
SPY,2025-01-07 14:30:00+00:00,597.4199829101562,597.75,586.780029296875,588.6300048828125,60393100,2025-01-07
SPY,2025-01-08 14:30:00+00:00,588.7000122070312,590.5800170898438,585.2000122070312,589.489990234375,47304700,2025-01-08
SPY,2025-01-10 14:30:00+00:00,585.8800048828125,585.9500122070312,578.5499877929688,580.489990234375,73105000,2025-01-10
SPY,2025-01-13 14:30:00+00:00,575.77001953125,581.75,575.3499755859375,581.3900146484375,47910100,2025-01-13
SPY,2025-01-14 14:30:00+00:00,584.3599853515625,585.0,578.3499755859375,582.1900024414062,48420600,2025-01-14
SPY,2025-01-15 14:30:00+00:00,590.3300170898438,593.9400024414062,589.2000122070312,592.780029296875,56900200,2025-01-15
SPY,2025-01-16 14:30:00+00:00,594.1699829101562,594.3499755859375,590.9299926757812,591.6400146484375,43319700,2025-01-16
SPY,2025-01-17 14:30:00+00:00,596.9600219726562,599.3599853515625,595.6099853515625,597.5800170898438,58070600,2025-01-17
SPY,2025-01-21 14:30:00+00:00,600.6699829101562,603.0599975585938,598.6699829101562,603.0499877929688,42532900,2025-01-21
SPY,2025-01-22 14:30:00+00:00,605.9199829101562,607.8200073242188,605.3599853515625,606.4400024414062,48196000,2025-01-22
SPY,2025-01-23 14:30:00+00:00,605.7999877929688,609.75,605.52001953125,609.75,41152100,2025-01-23
SPY,2025-01-24 14:30:00+00:00,609.8099975585938,610.780029296875,606.7999877929688,607.969970703125,34604700,2025-01-24
SPY,2025-01-27 14:30:00+00:00,594.8099975585938,599.6900024414062,594.6400146484375,599.3699951171875,70361100,2025-01-27
SPY,2025-01-28 14:30:00+00:00,600.6199951171875,605.3699951171875,597.25,604.52001953125,44433300,2025-01-28
SPY,2025-01-29 14:30:00+00:00,603.719970703125,604.1300048828125,599.219970703125,601.8099975585938,37177400,2025-01-29
SPY,2025-01-30 14:30:00+00:00,603.9600219726562,606.5999755859375,600.719970703125,605.0399780273438,39281300,2025-01-30
SPY,2025-01-31 14:30:00+00:00,607.5,609.9600219726562,601.0499877929688,601.8200073242188,66566900,2025-01-31
SPY,2025-02-03 14:30:00+00:00,592.6699829101562,600.2899780273438,590.489990234375,597.77001953125,65857200,2025-02-03
SPY,2025-02-04 14:30:00+00:00,597.8300170898438,602.2999877929688,597.280029296875,601.780029296875,33457800,2025-02-04
SPY,2025-02-05 14:30:00+00:00,600.6400146484375,604.3699951171875,598.5800170898438,604.219970703125,30653100,2025-02-05
SPY,2025-02-06 14:30:00+00:00,605.989990234375,606.4500122070312,602.6300048828125,606.3200073242188,35771500,2025-02-06
SPY,2025-02-07 14:30:00+00:00,606.8900146484375,608.1300048828125,600.0499877929688,600.77001953125,50788500,2025-02-07
SPY,2025-02-10 14:30:00+00:00,604.030029296875,605.5,602.739990234375,604.8499755859375,26048700,2025-02-10
SPY,2025-02-11 14:30:00+00:00,602.5499877929688,605.8599853515625,602.4299926757812,605.3099975585938,30056700,2025-02-11
SPY,2025-02-12 14:30:00+00:00,599.2000122070312,604.5499877929688,598.510009765625,603.3599853515625,45076100,2025-02-12
SPY,2025-02-13 14:30:00+00:00,604.47998046875,609.9400024414062,603.2000122070312,609.72998046875,40921300,2025-02-13
SPY,2025-02-14 14:30:00+00:00,609.9400024414062,610.989990234375,609.0700073242188,609.7000122070312,26910400,2025-02-14
SPY,2025-02-18 14:30:00+00:00,610.8800048828125,611.489990234375,608.3800048828125,611.489990234375,26749000,2025-02-18
SPY,2025-02-19 14:30:00+00:00,610.0800170898438,613.22998046875,609.5599975585938,612.9299926757812,31011100,2025-02-19
SPY,2025-02-20 14:30:00+00:00,611.5399780273438,611.6799926757812,607.02001953125,610.3800048828125,36554000,2025-02-20
SPY,2025-02-21 14:30:00+00:00,610.1599731445312,610.2999877929688,599.469970703125,599.9400024414062,76519800,2025-02-21
SPY,2025-02-24 14:30:00+00:00,602.02001953125,603.030029296875,596.489990234375,597.2100219726562,50737200,2025-02-24
SPY,2025-02-25 14:30:00+00:00,597.1500244140625,597.8900146484375,589.5599975585938,594.239990234375,58266500,2025-02-25
SPY,2025-02-26 14:30:00+00:00,595.9299926757812,599.5800170898438,591.8599853515625,594.5399780273438,43321600,2025-02-26
SPY,2025-02-27 14:30:00+00:00,596.8499755859375,598.02001953125,584.6500244140625,585.0499877929688,74196700,2025-02-27
SPY,2025-02-28 14:30:00+00:00,585.5599975585938,594.719970703125,582.4400024414062,594.1799926757812,88744100,2025-02-28
SPY,2025-03-03 14:30:00+00:00,596.1799926757812,597.3400268554688,579.9000244140625,583.77001953125,74249200,2025-03-03
SPY,2025-03-04 14:30:00+00:00,579.7100219726562,585.3900146484375,572.25,576.8599853515625,109648200,2025-03-04
SPY,2025-03-05 14:30:00+00:00,576.6900024414062,584.8800048828125,573.0800170898438,583.0599975585938,71230500,2025-03-05
SPY,2025-03-06 14:30:00+00:00,575.47998046875,580.1699829101562,570.1199951171875,572.7100219726562,80094900,2025-03-06
SPY,2025-03-07 14:30:00+00:00,570.9000244140625,577.3900146484375,565.6300048828125,575.9199829101562,81158800,2025-03-07
SPY,2025-03-10 13:30:00+00:00,567.5900268554688,569.5399780273438,555.5900268554688,560.5800170898438,99326600,2025-03-10
SPY,2025-03-11 13:30:00+00:00,559.4000244140625,564.02001953125,552.02001953125,555.9199829101562,88102100,2025-03-11
SPY,2025-03-12 13:30:00+00:00,562.1699829101562,563.1099853515625,553.6900024414062,558.8699951171875,69588200,2025-03-12
SPY,2025-03-13 13:30:00+00:00,558.489990234375,559.1099853515625,549.6799926757812,551.4199829101562,74079400,2025-03-13
SPY,2025-03-14 13:30:00+00:00,556.1099853515625,563.8300170898438,551.489990234375,562.8099975585938,62660300,2025-03-14
SPY,2025-03-17 13:30:00+00:00,562.7899780273438,569.7100219726562,562.3499755859375,567.1500244140625,49008700,2025-03-17
SPY,2025-03-18 13:30:00+00:00,564.7999877929688,565.02001953125,559.0599975585938,561.02001953125,66041400,2025-03-18
SPY,2025-03-19 13:30:00+00:00,562.8300170898438,570.9500122070312,561.6300048828125,567.1300048828125,66556000,2025-03-19
SPY,2025-03-20 13:30:00+00:00,563.3300170898438,570.5700073242188,562.5999755859375,565.489990234375,62958200,2025-03-20
SPY,2025-03-21 13:30:00+00:00,559.280029296875,564.8900146484375,558.030029296875,563.97998046875,83763000,2025-03-21
SPY,2025-03-24 13:30:00+00:00,570.7999877929688,575.1500244140625,570.2000122070312,574.0800170898438,58766800,2025-03-24
SPY,2025-03-25 13:30:00+00:00,575.2999877929688,576.4099731445312,573.6900024414062,575.4600219726562,38355700,2025-03-25
SPY,2025-03-26 13:30:00+00:00,575.1900024414062,576.3300170898438,567.1900024414062,568.5900268554688,51848300,2025-03-26
SPY,2025-03-27 13:30:00+00:00,567.1799926757812,570.9000244140625,564.9400024414062,567.0800170898438,42164200,2025-03-27
SPY,2025-03-28 13:30:00+00:00,565.530029296875,566.27001953125,555.0700073242188,555.6599731445312,71662700,2025-03-28
SPY,2025-03-31 13:30:00+00:00,549.8300170898438,560.7100219726562,546.8699951171875,559.3900146484375,95328200,2025-03-31
SPY,2025-04-01 13:30:00+00:00,557.4500122070312,562.9400024414062,553.6799926757812,560.969970703125,54609600,2025-04-01
SPY,2025-04-02 13:30:00+00:00,555.0499877929688,567.4199829101562,554.8099975585938,564.52001953125,76014500,2025-04-02
SPY,2025-04-03 13:30:00+00:00,545.1099853515625,547.969970703125,536.7000122070312,536.7000122070312,125986000,2025-04-03
SPY,2025-04-04 13:30:00+00:00,523.6699829101562,525.8699951171875,505.05999755859375,505.2799987792969,217965100,2025-04-04
SPY,2025-04-07 13:30:00+00:00,489.19000244140625,523.1699829101562,481.79998779296875,504.3800048828125,256611400,2025-04-07
SPY,2025-04-08 13:30:00+00:00,521.8599853515625,524.97998046875,489.1600036621094,496.4800109863281,165816600,2025-04-08
SPY,2025-04-09 13:30:00+00:00,493.44000244140625,548.6199951171875,493.04998779296875,548.6199951171875,241867300,2025-04-09
SPY,2025-04-10 13:30:00+00:00,532.1699829101562,533.5,509.32000732421875,524.5800170898438,162331200,2025-04-10
SPY,2025-04-11 13:30:00+00:00,523.010009765625,536.4299926757812,520.0700073242188,533.9400024414062,97866300,2025-04-11
SPY,2025-04-14 13:30:00+00:00,544.0499877929688,544.280029296875,533.8599853515625,539.1199951171875,68034000,2025-04-14
SPY,2025-04-15 13:30:00+00:00,539.6699829101562,543.22998046875,536.8099975585938,537.6099853515625,56892900,2025-04-15
SPY,2025-04-16 13:30:00+00:00,531.6799926757812,537.8900146484375,520.2899780273438,525.6599731445312,83484800,2025-04-16
SPY,2025-04-17 13:30:00+00:00,527.6400146484375,531.1699829101562,523.9099731445312,526.4099731445312,79868100,2025-04-17
SPY,2025-04-21 13:30:00+00:00,521.1599731445312,521.7000122070312,508.4599914550781,513.8800048828125,69368100,2025-04-21
SPY,2025-04-22 13:30:00+00:00,520.1400146484375,529.2999877929688,519.1900024414062,527.25,75948100,2025-04-22
SPY,2025-04-23 13:30:00+00:00,540.4299926757812,545.4299926757812,533.8800048828125,535.4199829101562,90590700,2025-04-23
SPY,2025-04-24 13:30:00+00:00,536.719970703125,547.4299926757812,535.4500122070312,546.6900024414062,64150400,2025-04-24
SPY,2025-04-25 13:30:00+00:00,546.6500244140625,551.0499877929688,543.6900024414062,550.6400146484375,61119600,2025-04-25
SPY,2025-04-28 13:30:00+00:00,551.3900146484375,553.5499877929688,545.02001953125,550.8499755859375,47613800,2025-04-28
SPY,2025-04-29 13:30:00+00:00,548.9099731445312,555.4500122070312,548.5499877929688,554.3200073242188,47775100,2025-04-29
SPY,2025-04-30 13:30:00+00:00,547.5700073242188,556.52001953125,541.52001953125,554.5399780273438,93101500,2025-04-30
SPY,2025-05-01 13:30:00+00:00,560.3699951171875,564.0700073242188,557.8599853515625,558.469970703125,63186100,2025-05-01
SPY,2025-05-02 13:30:00+00:00,564.72998046875,568.3800048828125,562.3800048828125,566.760009765625,60717300,2025-05-02
SPY,2025-05-05 13:30:00+00:00,562.5700073242188,566.6500244140625,561.7000122070312,563.510009765625,38659200,2025-05-05
SPY,2025-05-06 13:30:00+00:00,557.9299926757812,563.3499755859375,556.9600219726562,558.7999877929688,48264700,2025-05-06
SPY,2025-05-07 13:30:00+00:00,560.1500244140625,563.8200073242188,556.0399780273438,561.1500244140625,55588000,2025-05-07
SPY,2025-05-08 13:30:00+00:00,565.239990234375,570.3099975585938,561.7000122070312,565.0599975585938,65130800,2025-05-08
SPY,2025-05-09 13:30:00+00:00,566.47998046875,567.5,562.760009765625,564.3400268554688,37603400,2025-05-09
SPY,2025-05-12 13:30:00+00:00,581.469970703125,583.0,577.0399780273438,582.989990234375,78993600,2025-05-12
SPY,2025-05-13 13:30:00+00:00,583.4099731445312,589.0800170898438,582.8400268554688,586.8400268554688,67947200,2025-05-13
SPY,2025-05-14 13:30:00+00:00,587.8099975585938,588.97998046875,585.5399780273438,587.5900268554688,66283500,2025-05-14
SPY,2025-05-15 13:30:00+00:00,585.5599975585938,590.969970703125,585.0999755859375,590.4600219726562,71268100,2025-05-15
SPY,2025-05-16 13:30:00+00:00,591.25,594.5,589.280029296875,594.2000122070312,76052100,2025-05-16
SPY,2025-05-19 13:30:00+00:00,588.0999755859375,595.5399780273438,588.0999755859375,594.8499755859375,68168500,2025-05-19
SPY,2025-05-20 13:30:00+00:00,593.0900268554688,594.0499877929688,589.5999755859375,592.8499755859375,60614500,2025-05-20
SPY,2025-05-21 13:30:00+00:00,588.4400024414062,592.5800170898438,581.8200073242188,582.8599853515625,95197700,2025-05-21
SPY,2025-05-22 13:30:00+00:00,582.6599731445312,586.6199951171875,581.4099731445312,583.0900268554688,70860400,2025-05-22
SPY,2025-05-23 13:30:00+00:00,575.97998046875,581.8099975585938,575.5999755859375,579.1099853515625,76029000,2025-05-23
SPY,2025-05-27 13:30:00+00:00,586.0700073242188,591.3099975585938,578.4299926757812,591.1500244140625,72588500,2025-05-27
SPY,2025-05-28 13:30:00+00:00,591.5599975585938,592.77001953125,586.989990234375,587.72998046875,68445500,2025-05-28
SPY,2025-05-29 13:30:00+00:00,593.0599975585938,593.2000122070312,586.0700073242188,590.0499877929688,69973300,2025-05-29
SPY,2025-05-30 13:30:00+00:00,588.9299926757812,591.1300048828125,583.239990234375,589.3900146484375,90601200,2025-05-30
SPY,2025-06-02 13:30:00+00:00,587.760009765625,592.7899780273438,585.0599975585938,592.7100219726562,61630500,2025-06-02
SPY,2025-06-03 13:30:00+00:00,592.3400268554688,597.0800170898438,591.8499755859375,596.0900268554688,63606200,2025-06-03
SPY,2025-06-04 13:30:00+00:00,596.9600219726562,597.9500122070312,595.489990234375,595.9299926757812,57314200,2025-06-04
SPY,2025-06-05 13:30:00+00:00,597.6300048828125,599.0,591.0499877929688,593.0499877929688,92278700,2025-06-05
SPY,2025-06-06 13:30:00+00:00,598.6599731445312,600.8300170898438,596.8599853515625,599.1400146484375,66588700,2025-06-06
SPY,2025-06-09 13:30:00+00:00,599.719970703125,601.25,598.489990234375,599.6799926757812,53016400,2025-06-09
SPY,2025-06-10 13:30:00+00:00,600.219970703125,603.469970703125,599.0900268554688,603.0800170898438,66247000,2025-06-10
SPY,2025-06-11 13:30:00+00:00,604.1900024414062,605.0599975585938,599.27001953125,601.3599853515625,73658200,2025-06-11
SPY,2025-06-12 13:30:00+00:00,600.010009765625,603.75,599.52001953125,603.75,64129000,2025-06-12
SPY,2025-06-13 13:30:00+00:00,598.5,601.8499755859375,595.47998046875,597.0,89506000,2025-06-13
SPY,2025-06-16 13:30:00+00:00,600.4000244140625,604.4500122070312,600.219970703125,602.6799926757812,79984100,2025-06-16
SPY,2025-06-17 13:30:00+00:00,600.2100219726562,601.75,596.760009765625,597.530029296875,82209400,2025-06-17
SPY,2025-06-18 13:30:00+00:00,598.4400024414062,601.219970703125,596.469970703125,597.4400024414062,76605000,2025-06-18
SPY,2025-06-20 13:30:00+00:00,598.3800048828125,599.4600219726562,592.8599853515625,594.280029296875,94051400,2025-06-20
SPY,2025-06-23 13:30:00+00:00,595.0399780273438,600.5399780273438,591.8900146484375,600.1500244140625,87426000,2025-06-23
SPY,2025-06-24 13:30:00+00:00,604.3300170898438,607.8499755859375,603.4099731445312,606.780029296875,67735300,2025-06-24
SPY,2025-06-25 13:30:00+00:00,607.9099731445312,608.6099853515625,605.5399780273438,607.1199951171875,62114800,2025-06-25
SPY,2025-06-26 13:30:00+00:00,608.989990234375,612.3099975585938,608.3699951171875,611.8699951171875,78548400,2025-06-26
SPY,2025-06-27 13:30:00+00:00,612.8800048828125,616.3900146484375,610.8300170898438,614.9099731445312,86258400,2025-06-27
SPY,2025-06-30 13:30:00+00:00,617.3800048828125,619.219970703125,615.0399780273438,617.8499755859375,92502500,2025-06-30
SPY,2025-07-01 13:30:00+00:00,616.3599853515625,618.8300170898438,615.52001953125,617.6500244140625,70030100,2025-07-01
SPY,2025-07-02 13:30:00+00:00,617.239990234375,620.489990234375,616.6099853515625,620.4500122070312,66510400,2025-07-02
SPY,2025-07-03 13:30:00+00:00,622.4500122070312,626.280029296875,622.4299926757812,625.3400268554688,51065800,2025-07-03
SPY,2025-07-07 13:30:00+00:00,623.3599853515625,624.030029296875,617.8699951171875,620.6799926757812,74814500,2025-07-07
SPY,2025-07-08 13:30:00+00:00,621.3499755859375,622.1099853515625,619.52001953125,620.3400268554688,59024600,2025-07-08
SPY,2025-07-09 13:30:00+00:00,622.77001953125,624.719970703125,620.9099731445312,624.0599975585938,66113300,2025-07-09
SPY,2025-07-10 13:30:00+00:00,624.2000122070312,626.8699951171875,623.010009765625,625.8200073242188,57529000,2025-07-10
SPY,2025-07-11 13:30:00+00:00,622.739990234375,624.8599853515625,621.530029296875,623.6199951171875,63670200,2025-07-11
SPY,2025-07-14 13:30:00+00:00,623.1599731445312,625.1599731445312,621.7999877929688,624.8099975585938,51898500,2025-07-14
SPY,2025-07-15 13:30:00+00:00,627.52001953125,627.8599853515625,622.0599975585938,622.1400146484375,74317300,2025-07-15
SPY,2025-07-16 13:30:00+00:00,623.739990234375,624.72998046875,618.0499877929688,624.219970703125,88987500,2025-07-16
SPY,2025-07-17 13:30:00+00:00,624.4000244140625,628.4000244140625,624.1799926757812,628.0399780273438,68885700,2025-07-17
SPY,2025-07-18 13:30:00+00:00,629.2999877929688,629.469970703125,626.4600219726562,627.5800170898438,65621600,2025-07-18
SPY,2025-07-21 13:30:00+00:00,628.77001953125,631.5399780273438,628.3400268554688,628.77001953125,63375000,2025-07-21
SPY,2025-07-22 13:30:00+00:00,629.0999755859375,629.72998046875,626.1900024414062,628.8599853515625,60046300,2025-07-22
SPY,2025-07-23 13:30:00+00:00,631.5499877929688,634.2100219726562,629.72998046875,634.2100219726562,70511000,2025-07-23
SPY,2025-07-24 13:30:00+00:00,634.5999755859375,636.1500244140625,633.989990234375,634.4199829101562,71307100,2025-07-24
SPY,2025-07-25 13:30:00+00:00,635.0900268554688,637.5800170898438,634.8400268554688,637.0999755859375,56865400,2025-07-25
SPY,2025-07-28 13:30:00+00:00,637.47998046875,638.0399780273438,635.5399780273438,636.9400024414062,54917100,2025-07-28
SPY,2025-07-29 13:30:00+00:00,638.3499755859375,638.6699829101562,634.3400268554688,635.260009765625,60556300,2025-07-29
SPY,2025-07-30 13:30:00+00:00,635.9199829101562,637.6799926757812,631.5399780273438,634.4600219726562,80418900,2025-07-30
SPY,2025-07-31 13:30:00+00:00,639.4600219726562,639.8499755859375,630.77001953125,632.0800170898438,103385200,2025-07-31
SPY,2025-08-01 13:30:00+00:00,626.2999877929688,626.3400268554688,619.2899780273438,621.719970703125,140103600,2025-08-01
SPY,2025-08-04 13:30:00+00:00,625.6699829101562,631.219970703125,625.5800170898438,631.1699829101562,73218000,2025-08-04
SPY,2025-08-05 13:30:00+00:00,631.7899780273438,632.6099853515625,627.0399780273438,627.969970703125,68051400,2025-08-05
SPY,2025-08-06 13:30:00+00:00,629.0499877929688,633.4400024414062,628.1300048828125,632.780029296875,64357500,2025-08-06
SPY,2025-08-07 13:30:00+00:00,636.239990234375,636.97998046875,629.1099853515625,632.25,74205800,2025-08-07
SPY,2025-08-08 13:30:00+00:00,634.0599975585938,637.6500244140625,633.739990234375,637.1799926757812,64051600,2025-08-08
SPY,2025-08-11 13:30:00+00:00,637.4600219726562,638.9500122070312,634.6599731445312,635.9199829101562,58742300,2025-08-11
SPY,2025-08-12 13:30:00+00:00,638.2899780273438,642.8499755859375,636.7899780273438,642.6900024414062,64730800,2025-08-12
SPY,2025-08-13 13:30:00+00:00,644.9099731445312,646.1900024414062,642.6799926757812,644.8900146484375,60092800,2025-08-13
SPY,2025-08-14 13:30:00+00:00,642.7899780273438,645.6199951171875,642.3400268554688,644.9500122070312,59327500,2025-08-14
SPY,2025-08-15 13:30:00+00:00,645.989990234375,646.0900268554688,642.52001953125,643.4400024414062,68592500,2025-08-15
SPY,2025-08-18 13:30:00+00:00,642.8599853515625,644.0,642.1799926757812,643.2999877929688,43804900,2025-08-18
SPY,2025-08-19 13:30:00+00:00,643.1199951171875,644.1099853515625,638.47998046875,639.8099975585938,69750700,2025-08-19
SPY,2025-08-20 13:30:00+00:00,639.4000244140625,639.6599731445312,632.9500122070312,638.1099853515625,88890300,2025-08-20
SPY,2025-08-21 13:30:00+00:00,636.280029296875,637.969970703125,633.8099975585938,635.5499877929688,54805800,2025-08-21
SPY,2025-08-22 13:30:00+00:00,637.760009765625,646.5,637.25,645.3099975585938,84083200,2025-08-22
SPY,2025-08-25 13:30:00+00:00,644.0399780273438,645.2899780273438,642.3499755859375,642.469970703125,51274300,2025-08-25
SPY,2025-08-26 13:30:00+00:00,642.2000122070312,645.510009765625,641.5700073242188,645.1599731445312,51581600,2025-08-26
SPY,2025-08-27 13:30:00+00:00,644.5700073242188,647.3699951171875,644.4199829101562,646.6300048828125,48341100,2025-08-27
SPY,2025-08-28 13:30:00+00:00,647.239990234375,649.47998046875,645.3400268554688,648.9199829101562,61519500,2025-08-28
SPY,2025-08-29 13:30:00+00:00,647.469970703125,647.8400268554688,643.1400146484375,645.0499877929688,74522200,2025-08-29
SPY,2025-09-02 13:30:00+00:00,637.5,640.489990234375,634.9199829101562,640.27001953125,81983500,2025-09-02
SPY,2025-09-03 13:30:00+00:00,642.6699829101562,644.2100219726562,640.4600219726562,643.739990234375,70820900,2025-09-03
SPY,2025-09-04 13:30:00+00:00,644.4199829101562,649.1500244140625,643.510009765625,649.1199951171875,65219200,2025-09-04
SPY,2025-09-05 13:30:00+00:00,651.47998046875,652.2100219726562,643.3300170898438,647.239990234375,85178900,2025-09-05
SPY,2025-09-08 13:30:00+00:00,648.6199951171875,649.8400268554688,647.22998046875,648.8300170898438,63133100,2025-09-08
SPY,2025-09-09 13:30:00+00:00,648.969970703125,650.8599853515625,647.219970703125,650.3300170898438,66133900,2025-09-09
SPY,2025-09-10 13:30:00+00:00,653.6199951171875,654.5499877929688,650.6300048828125,652.2100219726562,78034500,2025-09-10
SPY,2025-09-11 13:30:00+00:00,654.1799926757812,658.3300170898438,653.5900268554688,657.6300048828125,69934400,2025-09-11
SPY,2025-09-12 13:30:00+00:00,657.5999755859375,659.1099853515625,656.9000244140625,657.4099731445312,72780100,2025-09-12
SPY,2025-09-15 13:30:00+00:00,659.6400146484375,661.0399780273438,659.3400268554688,660.9099731445312,63772400,2025-09-15
SPY,2025-09-16 13:30:00+00:00,661.469970703125,661.780029296875,659.2100219726562,660.0,61169000,2025-09-16
SPY,2025-09-17 13:30:00+00:00,660.010009765625,661.719970703125,654.2999877929688,659.1799926757812,101952200,2025-09-17
SPY,2025-09-18 13:30:00+00:00,661.8900146484375,664.8900146484375,660.27001953125,662.260009765625,90459200,2025-09-18
SPY,2025-09-19 13:30:00+00:00,662.3300170898438,664.5499877929688,660.3699951171875,663.7000122070312,97945600,2025-09-19
SPY,2025-09-22 13:30:00+00:00,662.2000122070312,667.2899780273438,662.1699829101562,666.8400268554688,69452200,2025-09-22
SPY,2025-09-23 13:30:00+00:00,666.719970703125,667.3400268554688,661.97998046875,663.2100219726562,81708900,2025-09-23
SPY,2025-09-24 13:30:00+00:00,664.510009765625,664.6099853515625,659.6699829101562,661.0999755859375,68082200,2025-09-24
SPY,2025-09-25 13:30:00+00:00,657.9400024414062,659.4099731445312,654.4099731445312,658.0499877929688,89622100,2025-09-25
SPY,2025-09-26 13:30:00+00:00,659.510009765625,662.3699951171875,657.8800048828125,661.8200073242188,69179200,2025-09-26
SPY,2025-09-29 13:30:00+00:00,664.3599853515625,665.280029296875,661.8599853515625,663.6799926757812,73499000,2025-09-29
SPY,2025-09-30 13:30:00+00:00,662.9299926757812,666.6500244140625,661.6099853515625,666.1799926757812,86288000,2025-09-30
SPY,2025-10-01 13:30:00+00:00,663.1699829101562,669.3699951171875,663.0599975585938,668.4500122070312,72545400,2025-10-01
SPY,2025-10-02 13:30:00+00:00,670.4500122070312,670.5700073242188,666.780029296875,669.219970703125,56896000,2025-10-02
SPY,2025-10-03 13:30:00+00:00,669.989990234375,672.6799926757812,668.1599731445312,669.2100219726562,70494400,2025-10-03
SPY,2025-10-06 13:30:00+00:00,671.6199951171875,672.510009765625,669.4600219726562,671.6099853515625,54623300,2025-10-06
SPY,2025-10-07 13:30:00+00:00,672.5399780273438,672.989990234375,667.6699829101562,669.1199951171875,72020100,2025-10-07
SPY,2025-10-08 13:30:00+00:00,670.25,673.2100219726562,669.4199829101562,673.1099853515625,60702200,2025-10-08
SPY,2025-10-09 13:30:00+00:00,673.530029296875,673.9400024414062,669.2100219726562,671.1599731445312,66501900,2025-10-09
SPY,2025-10-10 13:30:00+00:00,672.1300048828125,673.9500122070312,652.8400268554688,653.02001953125,159422600,2025-10-10
SPY,2025-10-13 13:30:00+00:00,660.6500244140625,665.1300048828125,659.77001953125,663.0399780273438,79560500,2025-10-13
SPY,2025-10-14 13:30:00+00:00,657.1699829101562,665.8300170898438,653.1699829101562,662.22998046875,88779600,2025-10-14
SPY,2025-10-15 13:30:00+00:00,666.8200073242188,670.22998046875,658.9299926757812,665.1699829101562,81702600,2025-10-15
SPY,2025-10-16 13:30:00+00:00,666.8200073242188,668.7100219726562,657.1099853515625,660.6400146484375,110563300,2025-10-16
SPY,2025-10-17 13:30:00+00:00,659.5,665.760009765625,658.1400146484375,664.3900146484375,96500900,2025-10-17
SPY,2025-10-20 13:30:00+00:00,667.3200073242188,672.2100219726562,667.27001953125,671.2999877929688,60493400,2025-10-20
SPY,2025-10-21 13:30:00+00:00,671.4400024414062,672.989990234375,669.97998046875,671.2899780273438,56249000,2025-10-21
SPY,2025-10-22 13:30:00+00:00,672.0,672.0,663.2999877929688,667.7999877929688,80564000,2025-10-22
SPY,2025-10-23 13:30:00+00:00,668.1199951171875,672.7100219726562,667.7999877929688,671.760009765625,65604500,2025-10-23
SPY,2025-10-24 13:30:00+00:00,676.4600219726562,678.469970703125,675.6500244140625,677.25,74356500,2025-10-24
SPY,2025-10-27 13:30:00+00:00,682.72998046875,685.5399780273438,682.1199951171875,685.239990234375,63339800,2025-10-27
SPY,2025-10-28 13:30:00+00:00,687.0499877929688,688.9099731445312,684.8300170898438,687.0599975585938,61738100,2025-10-28
SPY,2025-10-29 13:30:00+00:00,688.719970703125,689.7000122070312,682.8699951171875,687.3900146484375,85657100,2025-10-29
SPY,2025-10-30 13:30:00+00:00,683.9000244140625,685.9400024414062,679.8300170898438,679.8300170898438,76335800,2025-10-30
SPY,2025-10-31 13:30:00+00:00,685.0399780273438,685.0800170898438,679.239990234375,682.0599975585938,87164100,2025-10-31
SPY,2025-11-03 14:30:00+00:00,685.6699829101562,685.7999877929688,679.9400024414062,683.3400268554688,57315000,2025-11-03
SPY,2025-11-04 14:30:00+00:00,676.1099853515625,679.9600219726562,674.5800170898438,675.239990234375,78427000,2025-11-04
SPY,2025-11-05 14:30:00+00:00,674.97998046875,680.8599853515625,674.1699829101562,677.5800170898438,74402400,2025-11-05
SPY,2025-11-06 14:30:00+00:00,676.469970703125,677.3800048828125,668.719970703125,670.3099975585938,85035300,2025-11-06
SPY,2025-11-07 14:30:00+00:00,667.9099731445312,671.0800170898438,661.2100219726562,670.969970703125,100592400,2025-11-07
SPY,2025-11-10 14:30:00+00:00,677.239990234375,682.1799926757812,675.030029296875,681.4400024414062,75842900,2025-11-10
SPY,2025-11-11 14:30:00+00:00,679.9500122070312,683.5700073242188,678.72998046875,683.0,58953400,2025-11-11
SPY,2025-11-12 14:30:00+00:00,684.7899780273438,684.9600219726562,680.9500122070312,683.3800048828125,62312500,2025-11-12
SPY,2025-11-13 14:30:00+00:00,680.5,680.8599853515625,670.52001953125,672.0399780273438,103457800,2025-11-13
SPY,2025-11-14 14:30:00+00:00,665.3800048828125,675.6599731445312,663.27001953125,671.9299926757812,96846700,2025-11-14
SPY,2025-11-17 14:30:00+00:00,669.7000122070312,673.7100219726562,662.1699829101562,665.6699829101562,90456100,2025-11-17
SPY,2025-11-18 14:30:00+00:00,662.0999755859375,665.1199951171875,655.8599853515625,660.0800170898438,114467500,2025-11-18
SPY,2025-11-19 14:30:00+00:00,660.780029296875,667.3400268554688,658.75,662.6300048828125,94703000,2025-11-19
SPY,2025-11-20 14:30:00+00:00,672.9099731445312,675.5599975585938,651.8900146484375,652.530029296875,165293500,2025-11-20
SPY,2025-11-21 14:30:00+00:00,655.0499877929688,664.5499877929688,650.8499755859375,659.030029296875,123956200,2025-11-21
SPY,2025-11-24 14:30:00+00:00,662.6900024414062,670.0599975585938,661.5900268554688,668.72998046875,80437900,2025-11-24
SPY,2025-11-25 14:30:00+00:00,668.6300048828125,676.2100219726562,664.47998046875,675.02001953125,81077100,2025-11-25
SPY,2025-11-26 14:30:00+00:00,677.6300048828125,681.7000122070312,676.719970703125,679.6799926757812,71879600,2025-11-26
SPY,2025-11-28 14:30:00+00:00,680.8599853515625,683.6699829101562,680.5,683.3900146484375,49212000,2025-11-28
SPY,2025-12-01 14:30:00+00:00,678.8099975585938,682.989990234375,678.739990234375,680.27001953125,61201200,2025-12-01
SPY,2025-12-02 14:30:00+00:00,681.9199829101562,683.8200073242188,679.3300170898438,681.530029296875,62953800,2025-12-02
SPY,2025-12-03 14:30:00+00:00,680.5700073242188,684.9099731445312,679.6900024414062,683.8900146484375,57238500,2025-12-03
SPY,2025-12-04 14:30:00+00:00,685.2999877929688,685.3699951171875,681.3400268554688,684.3900146484375,61970300,2025-12-04
SPY,2025-12-05 14:30:00+00:00,685.469970703125,688.3900146484375,684.5800170898438,685.6900024414062,79241000,2025-12-05
SPY,2025-12-08 14:30:00+00:00,686.5900268554688,686.6400146484375,681.5700073242188,683.6300048828125,55231500,2025-12-08
SPY,2025-12-09 14:30:00+00:00,683.1500244140625,685.3900146484375,682.5900268554688,683.0399780273438,58310100,2025-12-09
SPY,2025-12-10 14:30:00+00:00,682.5599975585938,688.969970703125,681.3099975585938,687.5700073242188,85671300,2025-12-10
SPY,2025-12-11 14:30:00+00:00,685.1400146484375,689.25,682.1699829101562,689.1699829101562,86173700,2025-12-11
SPY,2025-12-12 14:30:00+00:00,688.1699829101562,688.8800048828125,679.1699829101562,681.760009765625,113160300,2025-12-12
SPY,2025-12-15 14:30:00+00:00,685.739990234375,685.760009765625,679.25,680.72998046875,90811000,2025-12-15
SPY,2025-12-16 14:30:00+00:00,679.22998046875,681.0800170898438,674.97998046875,678.8699951171875,122030600,2025-12-16
SPY,2025-12-17 14:30:00+00:00,679.8900146484375,680.4400024414062,671.2000122070312,671.4000244140625,110625200,2025-12-17
SPY,2025-12-18 14:30:00+00:00,677.5999755859375,680.739990234375,674.9000244140625,676.469970703125,108650100,2025-12-18
SPY,2025-12-19 14:30:00+00:00,676.5900268554688,681.0900268554688,676.469970703125,680.5900268554688,103599500,2025-12-19
SPY,2025-12-22 14:30:00+00:00,683.9400024414062,685.3599853515625,680.5900268554688,684.8300170898438,69556700,2025-12-22
SPY,2025-12-23 14:30:00+00:00,683.9199829101562,688.2000122070312,683.8699951171875,687.9600219726562,64840000,2025-12-23
SPY,2025-12-24 14:30:00+00:00,687.9500122070312,690.8300170898438,687.7999877929688,690.3800048828125,39445600,2025-12-24
SPY,2025-12-26 14:30:00+00:00,690.6400146484375,691.6599731445312,689.27001953125,690.3099975585938,41613300,2025-12-26
SPY,2025-12-29 14:30:00+00:00,687.5399780273438,689.2000122070312,686.0700073242188,687.8499755859375,62559500,2025-12-29
SPY,2025-12-30 14:30:00+00:00,687.4500122070312,688.5599975585938,686.5800170898438,687.010009765625,47160700,2025-12-30
SPY,2025-12-31 14:30:00+00:00,687.1400146484375,687.3599853515625,681.7100219726562,681.9199829101562,74144800,2025-12-31
SPY,2026-01-02 14:30:00+00:00,685.7100219726562,686.8699951171875,679.8200073242188,683.1699829101562,89377200,2026-01-02
SPY,2026-01-05 14:30:00+00:00,686.5399780273438,689.4299926757812,686.3800048828125,687.719970703125,71927200,2026-01-05
SPY,2026-01-06 14:30:00+00:00,687.9299926757812,692.3200073242188,687.780029296875,691.8099975585938,69273800,2026-01-06
SPY,2026-01-07 14:30:00+00:00,692.1900024414062,693.9600219726562,689.3200073242188,689.5800170898438,75588300,2026-01-07
SPY,2026-01-08 14:30:00+00:00,688.8200073242188,690.6199951171875,687.489990234375,689.510009765625,64019200,2026-01-08
SPY,2026-01-09 14:30:00+00:00,690.6300048828125,695.3099975585938,689.1799926757812,694.0700073242188,80125500,2026-01-09
SPY,2026-01-12 14:30:00+00:00,690.6799926757812,696.0900268554688,690.6300048828125,695.1599731445312,63976000,2026-01-12
SPY,2026-01-13 14:30:00+00:00,695.489990234375,696.0900268554688,691.3499755859375,693.77001953125,78309700,2026-01-13
SPY,2026-01-14 14:30:00+00:00,691.0,691.719970703125,686.0399780273438,690.3599853515625,94676700,2026-01-14
SPY,2026-01-15 14:30:00+00:00,694.5700073242188,695.4500122070312,691.25,692.239990234375,77862000,2026-01-15
SPY,2026-01-16 14:30:00+00:00,693.6599731445312,694.25,690.0999755859375,691.6599731445312,79289200,2026-01-16
SPY,2026-01-20 14:30:00+00:00,681.489990234375,684.77001953125,676.5700073242188,677.5800170898438,111623300,2026-01-20
SPY,2026-01-21 14:30:00+00:00,679.6500244140625,688.739990234375,678.1300048828125,685.4000244140625,127844500,2026-01-21
SPY,2026-01-22 14:30:00+00:00,689.8499755859375,691.1300048828125,686.9199829101562,688.97998046875,77112200,2026-01-22
SPY,2026-01-23 14:30:00+00:00,688.1500244140625,690.9600219726562,687.1599731445312,689.22998046875,63059600,2026-01-23
SPY,2026-01-26 14:30:00+00:00,690.489990234375,694.1300048828125,689.9199829101562,692.72998046875,60473800,2026-01-26
SPY,2026-01-27 14:30:00+00:00,694.1799926757812,696.530029296875,693.5700073242188,695.489990234375,55506100,2026-01-27
SPY,2026-01-28 14:30:00+00:00,697.0499877929688,697.8400268554688,693.9400024414062,695.4199829101562,61172200,2026-01-28
SPY,2026-01-29 14:30:00+00:00,696.3900146484375,697.0599975585938,684.8300170898438,694.0399780273438,97486200,2026-01-29
SPY,2026-01-30 14:30:00+00:00,691.7899780273438,694.2100219726562,687.1199951171875,691.969970703125,101835100,2026-01-30
SPY,2026-02-02 14:30:00+00:00,689.5800170898438,696.9299926757812,689.4199829101562,695.4099731445312,79286500,2026-02-02
SPY,2026-02-03 14:30:00+00:00,696.2100219726562,696.9600219726562,684.030029296875,689.530029296875,107904600,2026-02-03
SPY,2026-02-04 14:30:00+00:00,690.3499755859375,691.4500122070312,681.760009765625,686.1900024414062,105204600,2026-02-04
SPY,2026-02-05 14:30:00+00:00,680.9400024414062,683.6900024414062,675.7899780273438,677.6199951171875,113610800,2026-02-05
SPY,2026-02-06 14:30:00+00:00,681.4600219726562,692.3099975585938,680.8499755859375,690.6199951171875,89127600,2026-02-06
SPY,2026-02-09 14:30:00+00:00,689.4199829101562,695.8699951171875,688.3400268554688,693.9500122070312,73885200,2026-02-09
SPY,2026-02-10 14:30:00+00:00,694.9500122070312,696.5399780273438,691.6599731445312,692.1199951171875,65185700,2026-02-10
SPY,2026-02-11 14:30:00+00:00,696.3900146484375,697.1400146484375,689.1799926757812,691.9600219726562,76353900,2026-02-11
SPY,2026-02-12 14:30:00+00:00,694.239990234375,695.3499755859375,680.3699951171875,681.27001953125,118829000,2026-02-12
SPY,2026-02-13 14:30:00+00:00,681.6900024414062,686.280029296875,677.52001953125,681.75,96267500,2026-02-13
SPY,2026-02-17 14:30:00+00:00,680.1400146484375,684.9400024414062,675.780029296875,682.8499755859375,81354700,2026-02-17
SPY,2026-02-18 14:30:00+00:00,684.02001953125,689.1500244140625,682.8300170898438,686.2899780273438,73570300,2026-02-18
SPY,2026-02-19 14:30:00+00:00,683.8400268554688,686.1799926757812,681.5499877929688,684.47998046875,58649400,2026-02-19
SPY,2026-02-20 14:30:00+00:00,682.3200073242188,690.0599975585938,681.72998046875,689.4299926757812,100034000,2026-02-20
SPY,2026-02-23 14:30:00+00:00,687.8300170898438,690.0,680.3699951171875,682.3900146484375,90558100,2026-02-23
SPY,2026-02-24 14:30:00+00:00,681.9000244140625,688.3499755859375,680.0,687.3499755859375,73798700,2026-02-24
SPY,2026-02-25 14:30:00+00:00,690.1799926757812,693.6799926757812,690.0999755859375,693.1500244140625,56369500,2026-02-25
SPY,2026-02-26 14:30:00+00:00,693.280029296875,693.2999877929688,684.3499755859375,689.2999877929688,71671000,2026-02-26
SPY,2026-02-27 14:30:00+00:00,683.0900268554688,686.8599853515625,681.6400146484375,685.989990234375,83308900,2026-02-27
SPY,2026-03-02 14:30:00+00:00,678.7000122070312,688.6199951171875,678.02001953125,686.3800048828125,87477200,2026-03-02
SPY,2026-03-03 14:30:00+00:00,675.0599975585938,682.6099853515625,669.6599731445312,680.3300170898438,105003100,2026-03-03
SPY,2026-03-04 14:30:00+00:00,681.6300048828125,687.0900268554688,679.6199951171875,685.1300048828125,79182200,2026-03-04
SPY,2026-03-05 14:30:00+00:00,682.0800170898438,685.530029296875,675.6099853515625,681.3099975585938,106606500,2026-03-05
SPY,2026-03-06 14:30:00+00:00,673.4099731445312,676.1099853515625,669.760009765625,672.3800048828125,100687000,2026-03-06
SPY,2026-03-09 13:30:00+00:00,666.3900146484375,679.9199829101562,662.3900146484375,678.27001953125,102667700,2026-03-09
SPY,2026-03-10 13:30:00+00:00,677.719970703125,683.3599853515625,674.760009765625,677.1799926757812,81505300,2026-03-10
SPY,2026-03-11 13:30:00+00:00,677.5800170898438,680.0800170898438,673.3400268554688,676.3300170898438,68441700,2026-03-11
SPY,2026-03-12 13:30:00+00:00,671.1599731445312,671.6500244140625,665.8699951171875,666.0599975585938,108882200,2026-03-12
SPY,2026-03-13 13:30:00+00:00,669.27001953125,672.3400268554688,661.3599853515625,662.2899780273438,97200200,2026-03-13
SPY,2026-03-16 13:30:00+00:00,668.3800048828125,672.0700073242188,667.1199951171875,669.030029296875,82023100,2026-03-16
SPY,2026-03-17 13:30:00+00:00,672.3900146484375,674.4400024414062,669.7000122070312,670.7899780273438,87128000,2026-03-17
SPY,2026-03-18 13:30:00+00:00,668.3599853515625,669.719970703125,661.1900024414062,661.4299926757812,82062600,2026-03-18
SPY,2026-03-19 13:30:00+00:00,656.969970703125,662.97998046875,655.1699829101562,659.7999877929688,111272500,2026-03-19
SPY,2026-03-20 13:30:00+00:00,656.510009765625,656.6900024414062,644.719970703125,648.5700073242188,163617500,2026-03-20
SPY,2026-03-23 13:30:00+00:00,658.0700073242188,662.6199951171875,653.9400024414062,655.3800048828125,134802700,2026-03-23
SPY,2026-03-24 13:30:00+00:00,651.3200073242188,657.030029296875,649.8800048828125,653.1799926757812,96457500,2026-03-24
SPY,2026-03-25 13:30:00+00:00,658.6699829101562,660.8900146484375,654.239990234375,656.8200073242188,90653800,2026-03-25
SPY,2026-03-26 13:30:00+00:00,652.0599975585938,654.8499755859375,644.8200073242188,645.0900268554688,96494400,2026-03-26
SPY,2026-03-27 13:30:00+00:00,642.5,642.6599731445312,633.1099853515625,634.0900268554688,103649400,2026-03-27
SPY,2026-03-30 13:30:00+00:00,640.1099853515625,640.3699951171875,629.280029296875,631.969970703125,99275900,2026-03-30
SPY,2026-03-31 13:30:00+00:00,638.9400024414062,651.5399780273438,637.97998046875,650.3400268554688,152534100,2026-03-31
SPY,2026-04-01 13:30:00+00:00,653.9000244140625,658.52001953125,653.0,655.239990234375,97841500,2026-04-01
SPY,2026-04-02 13:30:00+00:00,646.4199829101562,658.2000122070312,645.1099853515625,655.8300170898438,68358700,2026-04-02
SPY,2026-04-06 13:30:00+00:00,655.8599853515625,659.719970703125,655.52001953125,658.9299926757812,39105800,2026-04-06
SPY,2026-04-07 13:30:00+00:00,656.6500244140625,659.6099853515625,651.0599975585938,659.219970703125,69980400,2026-04-07
SPY,2026-04-08 13:30:00+00:00,676.3900146484375,677.0800170898438,671.4600219726562,676.010009765625,93606100,2026-04-08
SPY,2026-04-09 13:30:00+00:00,674.8400268554688,681.1599731445312,673.77001953125,679.9099731445312,57134400,2026-04-09
SPY,2026-04-10 13:30:00+00:00,681.3200073242188,682.030029296875,678.4500122070312,679.4600219726562,42253500,2026-04-10
SPY,2026-04-13 13:30:00+00:00,677.4099731445312,686.2999877929688,676.5800170898438,686.0999755859375,54185800,2026-04-13
SPY,2026-04-14 13:30:00+00:00,687.6900024414062,694.5800170898438,687.6599731445312,694.4600219726562,63480500,2026-04-14
SPY,2026-04-15 13:30:00+00:00,695.260009765625,700.280029296875,694.2000122070312,699.9400024414062,58240400,2026-04-15
SPY,2026-04-16 13:30:00+00:00,701.0599975585938,702.780029296875,698.530029296875,701.6599731445312,49972400,2026-04-16
SPY,2026-04-17 13:30:00+00:00,706.1400146484375,712.3900146484375,705.760009765625,710.1400146484375,70661900,2026-04-17
SPY,2026-04-20 13:30:00+00:00,708.780029296875,709.9099731445312,706.1400146484375,708.719970703125,43546800,2026-04-20
SPY,2026-04-21 13:30:00+00:00,710.280029296875,711.280029296875,702.6400146484375,704.0800170898438,58941400,2026-04-21
SPY,2026-04-22 13:30:00+00:00,709.1500244140625,711.4500122070312,708.219970703125,711.2100219726562,42518500,2026-04-22
SPY,2026-04-23 13:30:00+00:00,709.5,712.3599853515625,702.280029296875,708.4500122070312,56174000,2026-04-23
SPY,2026-04-24 13:30:00+00:00,710.75,714.469970703125,709.010009765625,713.9400024414062,45182000,2026-04-24
SPY,2026-04-27 13:30:00+00:00,713.1699829101562,715.6300048828125,712.2999877929688,715.1699829101562,33135900,2026-04-27
SPY,2026-04-28 13:30:00+00:00,711.8200073242188,712.8800048828125,709.25,711.6900024414062,43117400,2026-04-28
SPY,2026-04-29 13:30:00+00:00,711.0,712.2000122070312,708.3699951171875,711.5800170898438,41859200,2026-04-29
SPY,2026-04-30 13:30:00+00:00,714.6300048828125,719.7899780273438,710.4500122070312,718.6599731445312,67240900,2026-04-30
SPY,2026-05-01 13:30:00+00:00,721.25,724.8699951171875,720.469970703125,720.6500244140625,43049800,2026-05-01
SPY,2026-05-04 13:30:00+00:00,720.0700073242188,722.1199951171875,714.989990234375,718.010009765625,51950600,2026-05-04
SPY,2026-05-05 13:30:00+00:00,721.77001953125,725.0399780273438,721.489990234375,723.77001953125,36933200,2026-05-05
SPY,2026-05-06 13:30:00+00:00,728.1599731445312,734.5900268554688,727.8200073242188,733.8300170898438,53288900,2026-05-06
SPY,2026-05-07 13:30:00+00:00,735.0499877929688,736.1300048828125,729.75,731.5800170898438,51724600,2026-05-07
SPY,2026-05-08 13:30:00+00:00,734.9299926757812,738.0800170898438,734.5700073242188,737.6199951171875,47227100,2026-05-08
SPY,2026-05-11 13:30:00+00:00,736.4500122070312,740.7899780273438,736.4500122070312,739.2999877929688,44024000,2026-05-11
SPY,2026-05-12 13:30:00+00:00,736.8900146484375,738.8400268554688,731.8300170898438,738.1799926757812,54185300,2026-05-12
SPY,2026-05-13 13:30:00+00:00,738.469970703125,743.9099731445312,735.469970703125,742.3099975585938,44200200,2026-05-13
SPY,2026-05-14 13:30:00+00:00,743.6500244140625,749.530029296875,743.5599975585938,748.1699829101562,45307600,2026-05-14
SPY,2026-05-15 13:30:00+00:00,741.7899780273438,743.4600219726562,737.9600219726562,739.1699829101562,60410800,2026-05-15
SPY,2026-05-18 13:30:00+00:00,739.8300170898438,741.4199829101562,733.3900146484375,738.6500244140625,47843900,2026-05-18
SPY,2026-05-19 13:30:00+00:00,734.780029296875,737.6500244140625,731.530029296875,733.72998046875,54255900,2026-05-19
SPY,2026-05-20 13:30:00+00:00,735.7100219726562,741.8699951171875,733.8900146484375,741.25,45768000,2026-05-20
SPY,2026-05-21 13:30:00+00:00,738.6400146484375,744.8699951171875,737.030029296875,742.719970703125,43332200,2026-05-21
SPY,2026-05-22 13:30:00+00:00,746.239990234375,748.9400024414062,744.47998046875,745.6400146484375,41762000,2026-05-22
SPY,2026-05-26 13:30:00+00:00,750.010009765625,752.1300048828125,748.3699951171875,750.5900268554688,41123600,2026-05-26
SPY,2026-05-27 13:30:00+00:00,750.8800048828125,751.3800048828125,748.219970703125,750.4600219726562,42106300,2026-05-27
SPY,2026-05-28 13:30:00+00:00,750.25,755.1500244140625,749.22998046875,754.5999755859375,41562600,2026-05-28
SPY,2026-05-29 13:30:00+00:00,755.9000244140625,758.0800170898438,754.6900024414062,756.47998046875,55075700,2026-05-29
SPY,2026-06-01 13:30:00+00:00,755.3599853515625,760.280029296875,754.6900024414062,758.5399780273438,43634900,2026-06-01
SPY,2026-06-02 13:30:00+00:00,757.030029296875,760.4000244140625,756.75,759.5700073242188,31581900,2026-06-02
SPY,2026-06-03 13:30:00+00:00,758.1500244140625,758.7999877929688,753.5700073242188,754.239990234375,51402500,2026-06-03
SPY,2026-06-04 13:30:00+00:00,752.0999755859375,758.3099975585938,751.469970703125,757.0900268554688,49923000,2026-06-04
SPY,2026-06-05 13:30:00+00:00,752.3099975585938,752.8200073242188,735.530029296875,737.5499877929688,93989400,2026-06-05
SPY,2026-06-08 13:30:00+00:00,743.3599853515625,745.3400268554688,738.1900024414062,739.219970703125,49319100,2026-06-08
SPY,2026-06-09 13:30:00+00:00,743.6300048828125,746.9000244140625,722.5900268554688,737.0499877929688,87683500,2026-06-09
SPY,2026-06-10 13:30:00+00:00,733.3900146484375,738.3800048828125,725.3300170898438,725.4299926757812,60341300,2026-06-10
SPY,2026-06-11 13:30:00+00:00,728.760009765625,740.0,724.4099731445312,737.760009765625,86330500,2026-06-11
SPY,2026-06-12 13:30:00+00:00,740.7100219726562,744.4400024414062,735.030029296875,741.75,57079500,2026-06-12
SPY,2026-06-15 13:30:00+00:00,751.8499755859375,756.6799926757812,751.760009765625,754.8300170898438,60176400,2026-06-15
SPY,2026-06-16 13:30:00+00:00,754.5499877929688,755.4400024414062,749.8800048828125,750.3300170898438,67093100,2026-06-16
SPY,2026-06-17 13:30:00+00:00,751.2899780273438,752.1500244140625,739.219970703125,740.9600219726562,85945200,2026-06-17
SPY,2026-06-18 13:30:00+00:00,747.760009765625,748.22998046875,743.8599853515625,746.739990234375,80875700,2026-06-18
SPY,2026-06-22 13:30:00+00:00,747.7000122070312,750.1799926757812,743.1300048828125,744.3900146484375,46628100,2026-06-22
SPY,2026-06-23 13:30:00+00:00,733.8099975585938,739.6300048828125,732.2999877929688,733.5800170898438,66846800,2026-06-23
SPY,2026-06-24 13:30:00+00:00,735.1699829101562,739.9500122070312,730.8400268554688,733.239990234375,57439500,2026-06-24
SPY,2026-06-25 13:30:00+00:00,738.9099731445312,739.3699951171875,729.5999755859375,734.2999877929688,53934400,2026-06-25
SPY,2026-06-26 13:30:00+00:00,728.9500122070312,736.530029296875,716.5800170898438,728.989990234375,71034000,2026-06-26
SPY,2026-06-29 13:30:00+00:00,736.530029296875,741.5599975585938,732.0900268554688,741.0,58035200,2026-06-29
SPY,2026-06-30 13:30:00+00:00,741.2899780273438,748.02001953125,740.8900146484375,746.77001953125,55626000,2026-06-30
SPY,2026-07-01 13:30:00+00:00,745.0,749.4400024414062,742.3800048828125,745.760009765625,47100900,2026-07-01
SPY,2026-07-02 13:30:00+00:00,747.4000244140625,751.3099975585938,740.030029296875,744.780029296875,57447800,2026-07-02
SPY,2026-07-06 13:30:00+00:00,748.739990234375,752.4099731445312,747.4099731445312,751.280029296875,50673300,2026-07-06
SPY,2026-07-07 13:30:00+00:00,750.219970703125,750.9600219726562,745.2100219726562,747.7100219726562,43721500,2026-07-07
SPY,2026-07-08 13:30:00+00:00,743.1599731445312,746.1500244140625,739.510009765625,745.4000244140625,43767400,2026-07-08
SPY,2026-07-09 13:30:00+00:00,747.3499755859375,751.969970703125,745.5900268554688,751.7100219726562,41441700,2026-07-09
SPY,2026-07-10 13:30:00+00:00,752.0499877929688,755.4199829101562,748.0999755859375,754.9500122070312,42191300,2026-07-10
SPY,2026-07-13 13:30:00+00:00,752.469970703125,753.9099731445312,748.0,749.1699829101562,44013600,2026-07-13
SPY,2026-07-14 13:30:00+00:00,750.9099731445312,753.3400268554688,748.6599731445312,751.8300170898438,35143100,2026-07-14
SPY,2026-07-15 13:30:00+00:00,754.239990234375,755.5800170898438,750.2000122070312,754.8099975585938,43844800,2026-07-15
SPY,2026-07-16 13:30:00+00:00,752.760009765625,754.5700073242188,747.8800048828125,750.719970703125,46409800,2026-07-16
SPY,2026-07-17 13:30:00+00:00,742.0800170898438,747.2899780273438,740.7999877929688,743.2899780273438,62651000,2026-07-17
SPY,2026-07-20 13:30:00+00:00,747.0599975585938,748.72998046875,741.510009765625,742.0900268554688,50422300,2026-07-20
SPY,2026-07-21 13:30:00+00:00,746.2899780273438,749.0399780273438,744.1799926757812,748.280029296875,34324300,2026-07-21
SPY,2026-07-22 13:30:00+00:00,746.6199951171875,750.02001953125,746.3699951171875,747.4099731445312,32836200,2026-07-22
SPY,2026-07-23 13:30:00+00:00,739.3699951171875,742.5599975585938,735.2100219726562,738.1799926757812,55437300,2026-07-23
SPY,2026-07-24 13:30:00+00:00,738.510009765625,743.719970703125,737.2899780273438,738.9299926757812,44782000,2026-07-24
SPY,2026-07-27 13:30:00+00:00,744.9099731445312,745.530029296875,735.8699951171875,739.0900268554688,41461200,2026-07-27
SPY,2026-07-28 13:30:00+00:00,739.1900024414062,742.7899780273438,735.97998046875,740.8599853515625,47322200,2026-07-28
SPY,2026-07-29 13:30:00+00:00,739.969970703125,742.6799926757812,729.0999755859375,729.4600219726562,70697200,2026-07-29
SPY,2026-07-30 13:30:00+00:00,736.0499877929688,742.4500122070312,734.5900268554688,741.6900024414062,66811300,2026-07-30
SPY,2026-07-31 13:30:00+00:00,744.6799926757812,748.9000244140625,737.6799926757812,747.030029296875,62445900,2026-07-31
SPY,2026-08-03 13:30:00+00:00,749.4400024414062,758.5800170898438,748.7999877929688,757.6699829101562,59927500,2026-08-03
SPY,2026-08-04 13:30:00+00:00,760.6300048828125,773.4099731445312,760.52001953125,771.3300170898438,69154800,2026-08-04
SPY,2026-08-05 13:30:00+00:00,775.8499755859375,776.8499755859375,769.510009765625,769.7899780273438,44689100,2026-08-05
SPY,2026-08-06 13:30:00+00:00,770.2100219726562,771.8200073242188,767.4600219726562,768.5599975585938,38416900,2026-08-06
SPY,2026-08-07 13:30:00+00:00,771.02001953125,773.9199829101562,769.6099853515625,773.260009765625,43586300,2026-08-07
SPY,2026-08-10 13:30:00+00:00,772.5999755859375,775.0499877929688,771.6199951171875,773.030029296875,39249500,2026-08-10
SPY,2026-08-11 13:30:00+00:00,774.530029296875,774.6099853515625,769.2000122070312,770.5599975585938,36740600,2026-08-11
SPY,2026-08-12 13:30:00+00:00,774.7100219726562,774.9000244140625,771.280029296875,772.489990234375,33179100,2026-08-12
SPY,2026-08-13 13:30:00+00:00,774.8699951171875,779.3699951171875,774.1099853515625,777.8800048828125,35634500,2026-08-13
SPY,2026-08-14 13:30:00+00:00,778.5399780273438,778.7999877929688,775.4299926757812,776.3400268554688,31367900,2026-08-14
SPY,2026-08-17 13:30:00+00:00,776.1799926757812,776.780029296875,772.510009765625,772.6699829101562,34356600,2026-08-17
SPY,2026-08-18 13:30:00+00:00,768.7000122070312,769.5,766.9199829101562,767.4500122070312,43920900,2026-08-18
SPY,2026-08-19 13:30:00+00:00,770.3599853515625,772.469970703125,768.0999755859375,769.0599975585938,40306000,2026-08-19
SPY,2026-08-20 13:30:00+00:00,765.9600219726562,768.1500244140625,762.0399780273438,762.5999755859375,45520300,2026-08-20
SPY,2026-08-21 13:30:00+00:00,766.0499877929688,767.8499755859375,764.1699829101562,765.719970703125,39188700,2026-08-21
SPY,2026-08-24 13:30:00+00:00,764.780029296875,765.219970703125,762.0800170898438,763.469970703125,32430900,2026-08-24
SPY,2026-08-25 13:30:00+00:00,766.1599731445312,766.780029296875,763.0499877929688,765.9099731445312,27422300,2026-08-25
SPY,2026-08-26 13:30:00+00:00,764.72998046875,767.3499755859375,763.9299926757812,766.0800170898438,28751600,2026-08-26
SPY,2026-08-27 13:30:00+00:00,768.5,772.3599853515625,767.1599731445312,771.0999755859375,34557100,2026-08-27
SPY,2026-08-28 13:30:00+00:00,771.760009765625,775.2999877929688,768.3099975585938,769.3499755859375,36744300,2026-08-28
SPY,2026-08-31 13:30:00+00:00,767.3300170898438,768.0,764.719970703125,767.0499877929688,38810800,2026-08-31
SPY,2026-09-01 13:30:00+00:00,762.010009765625,764.6699829101562,759.47998046875,761.780029296875,41126300,2026-09-01
SPY,2026-09-02 13:30:00+00:00,762.4500122070312,766.4299926757812,761.72998046875,765.1599731445312,29566200,2026-09-02
SPY,2026-09-03 13:30:00+00:00,767.9000244140625,774.030029296875,767.4500122070312,773.1699829101562,43531600,2026-09-03
SPY,2026-09-04 13:30:00+00:00,772.010009765625,772.8699951171875,769.0,770.1900024414062,34054200,2026-09-04
SPY,2026-09-08 13:30:00+00:00,769.0700073242188,769.7000122070312,765.1400146484375,765.9600219726562,44746100,2026-09-08
SPY,2026-09-09 13:30:00+00:00,764.0800170898438,764.469970703125,760.9400024414062,762.4000244140625,32812400,2026-09-09
SPY,2026-09-10 13:30:00+00:00,758.030029296875,760.1099853515625,756.6400146484375,757.8300170898438,42740400,2026-09-10
SPY,2026-09-11 13:30:00+00:00,764.719970703125,766.3800048828125,763.5999755859375,764.2899780273438,45512700,2026-09-11
SPY,2026-09-14 13:30:00+00:00,759.0,763.52001953125,757.9299926757812,760.8800048828125,43992400,2026-09-14
SPY,2026-09-15 13:30:00+00:00,760.1199951171875,760.3499755859375,756.1500244140625,757.3900146484375,46195000,2026-09-15
SPY,2026-09-16 13:30:00+00:00,759.5,761.6699829101562,749.5999755859375,754.0499877929688,59217700,2026-09-16
SPY,2026-09-17 13:30:00+00:00,763.1500244140625,763.5700073242188,759.9600219726562,762.5999755859375,49652800,2026-09-17
SPY,2026-09-18 13:30:00+00:00,761.3099975585938,762.0,757.969970703125,761.6900024414062,65395100,2026-09-18
SPY,2026-09-21 13:30:00+00:00,766.25,774.8900146484375,766.030029296875,773.5,50484700,2026-09-21
SPY,2026-09-22 13:30:00+00:00,774.030029296875,775.1400146484375,772.5700073242188,773.3800048828125,34802300,2026-09-22
SPY,2026-09-23 13:30:00+00:00,772.7899780273438,773.0499877929688,766.5,767.8099975585938,54931700,2026-09-23
SPY,2026-09-24 13:30:00+00:00,764.0700073242188,768.9500122070312,763.25,767.1799926757812,43983700,2026-09-24
SPY,2026-09-25 13:30:00+00:00,768.780029296875,772.280029296875,766.2899780273438,771.3499755859375,36666700,2026-09-25
SPY,2026-09-28 13:30:00+00:00,768.3499755859375,769.5399780273438,763.719970703125,765.6099853515625,42694500,2026-09-28
SPY,2026-09-29 13:30:00+00:00,766.8300170898438,766.97998046875,762.3499755859375,764.2000122070312,36910500,2026-09-29
SPY,2026-09-30 13:30:00+00:00,766.4500122070312,769.4099731445312,762.1799926757812,762.6300048828125,62110000,2026-09-30
SPY,2026-10-01 13:30:00+00:00,764.3599853515625,765.6500244140625,758.7899780273438,763.989990234375,47708100,2026-10-01
SPY,2026-10-02 13:30:00+00:00,770.5800170898438,772.6500244140625,767.1500244140625,769.6400146484375,46306400,2026-10-02
QQQ,2024-10-03 13:30:00+00:00,479.739990234375,484.54998779296875,478.989990234375,481.5899963378906,25337200,2024-10-03
QQQ,2024-10-04 13:30:00+00:00,487.45001220703125,487.8800048828125,482.3900146484375,487.32000732421875,30686600,2024-10-04
QQQ,2024-10-07 13:30:00+00:00,485.3900146484375,486.57000732421875,480.8699951171875,482.1000061035156,24975100,2024-10-07
QQQ,2024-10-08 13:30:00+00:00,484.6600036621094,489.989990234375,483.8500061035156,489.29998779296875,28272000,2024-10-08
QQQ,2024-10-09 13:30:00+00:00,489.0,493.7300109863281,487.95001220703125,493.1499938964844,24995000,2024-10-09
QQQ,2024-10-10 13:30:00+00:00,490.8500061035156,494.4700012207031,489.5299987792969,492.5899963378906,25750400,2024-10-10
QQQ,2024-10-11 13:30:00+00:00,490.739990234375,494.3900146484375,490.1700134277344,493.3599853515625,20644500,2024-10-11
QQQ,2024-10-14 13:30:00+00:00,495.7699890136719,498.8299865722656,495.260009765625,497.5,26060100,2024-10-14
QQQ,2024-10-15 13:30:00+00:00,497.8299865722656,498.5,488.67999267578125,490.8500061035156,34784500,2024-10-15
QQQ,2024-10-16 13:30:00+00:00,491.17999267578125,491.69000244140625,487.57000732421875,490.9100036621094,22996800,2024-10-16
QQQ,2024-10-17 13:30:00+00:00,496.44000244140625,496.489990234375,491.19000244140625,491.25,27210700,2024-10-17
QQQ,2024-10-18 13:30:00+00:00,494.05999755859375,495.57000732421875,493.29998779296875,494.4700012207031,25335000,2024-10-18
QQQ,2024-10-21 13:30:00+00:00,493.25,496.2300109863281,491.30999755859375,495.4200134277344,30336500,2024-10-21
QQQ,2024-10-22 13:30:00+00:00,492.7300109863281,497.45001220703125,491.9700012207031,495.9599914550781,26685800,2024-10-22
QQQ,2024-10-23 13:30:00+00:00,493.5899963378906,494.25,485.04998779296875,488.3599853515625,39346600,2024-10-23
QQQ,2024-10-24 13:30:00+00:00,492.1099853515625,493.0,489.44000244140625,492.32000732421875,22024900,2024-10-24
QQQ,2024-10-25 13:30:00+00:00,495.1400146484375,500.2799987792969,494.42999267578125,495.32000732421875,38762100,2024-10-25
QQQ,2024-10-28 13:30:00+00:00,498.4599914550781,498.5199890136719,495.1000061035156,495.3999938964844,20477800,2024-10-28
QQQ,2024-10-29 13:30:00+00:00,495.7200012207031,501.3500061035156,493.8500061035156,500.1600036621094,28014100,2024-10-29
QQQ,2024-10-30 13:30:00+00:00,499.3900146484375,500.3500061035156,495.8900146484375,496.3800048828125,29756000,2024-10-30
QQQ,2024-10-31 13:30:00+00:00,492.3800048828125,492.42999267578125,483.75,483.8500061035156,41245200,2024-10-31
QQQ,2024-11-01 13:30:00+00:00,485.5,490.75,485.20001220703125,487.42999267578125,33655800,2024-11-01
QQQ,2024-11-04 14:30:00+00:00,486.82000732421875,489.3800048828125,484.25,486.010009765625,23291600,2024-11-04
QQQ,2024-11-05 14:30:00+00:00,487.6099853515625,492.8800048828125,487.5199890136719,492.2099914550781,24353600,2024-11-05
QQQ,2024-11-06 14:30:00+00:00,500.55999755859375,506.4100036621094,499.6000061035156,505.5799865722656,43082200,2024-11-06
QQQ,2024-11-07 14:30:00+00:00,508.3999938964844,514.3300170898438,508.3399963378906,513.5399780273438,32853100,2024-11-07
QQQ,2024-11-08 14:30:00+00:00,513.0399780273438,514.9199829101562,512.4099731445312,514.1400146484375,22924500,2024-11-08
QQQ,2024-11-11 14:30:00+00:00,515.3699951171875,515.5800170898438,510.9200134277344,513.8400268554688,24167500,2024-11-11
QQQ,2024-11-12 14:30:00+00:00,513.77001953125,514.6599731445312,509.8299865722656,512.9099731445312,25835300,2024-11-12
QQQ,2024-11-13 14:30:00+00:00,512.4000244140625,514.97998046875,509.95001220703125,512.25,24567400,2024-11-13
QQQ,2024-11-14 14:30:00+00:00,511.9100036621094,512.7899780273438,507.7699890136719,508.69000244140625,28679500,2024-11-14
QQQ,2024-11-15 14:30:00+00:00,502.94000244140625,503.3299865722656,494.489990234375,496.57000732421875,51461100,2024-11-15
QQQ,2024-11-18 14:30:00+00:00,498.1300048828125,502.1400146484375,496.7300109863281,500.0199890136719,27080800,2024-11-18
QQQ,2024-11-19 14:30:00+00:00,497.4200134277344,503.95001220703125,497.0799865722656,503.4599914550781,24523000,2024-11-19
QQQ,2024-11-20 14:30:00+00:00,503.1600036621094,503.4800109863281,496.55999755859375,503.1700134277344,29565500,2024-11-20
QQQ,2024-11-21 14:30:00+00:00,506.239990234375,506.9599914550781,497.55999755859375,504.9800109863281,34526700,2024-11-21
QQQ,2024-11-22 14:30:00+00:00,504.4200134277344,506.5299987792969,502.7799987792969,505.7900085449219,23826600,2024-11-22
QQQ,2024-11-25 14:30:00+00:00,509.8999938964844,511.45001220703125,504.260009765625,506.5899963378906,26375200,2024-11-25
QQQ,2024-11-26 14:30:00+00:00,508.0799865722656,510.1400146484375,507.2300109863281,509.30999755859375,26557100,2024-11-26
QQQ,2024-11-27 14:30:00+00:00,508.1700134277344,508.239990234375,501.92999267578125,505.29998779296875,24957400,2024-11-27
QQQ,2024-11-29 14:30:00+00:00,505.92999267578125,510.3399963378906,505.30999755859375,509.739990234375,15334000,2024-11-29
QQQ,2024-12-02 14:30:00+00:00,511.010009765625,516.260009765625,510.6199951171875,515.2899780273438,25147200,2024-12-02
QQQ,2024-12-03 14:30:00+00:00,513.9500122070312,517.1500244140625,513.3699951171875,516.8699951171875,18597900,2024-12-03
QQQ,2024-12-04 14:30:00+00:00,520.3200073242188,523.52001953125,519.5999755859375,523.260009765625,26086200,2024-12-04
QQQ,2024-12-05 14:30:00+00:00,523.3099975585938,524.0399780273438,521.4199829101562,521.8099975585938,18169600,2024-12-05
QQQ,2024-12-06 14:30:00+00:00,522.47998046875,526.719970703125,522.3499755859375,526.47998046875,23762600,2024-12-06
QQQ,2024-12-09 14:30:00+00:00,525.5499877929688,526.3499755859375,521.219970703125,522.3800048828125,20674400,2024-12-09
QQQ,2024-12-10 14:30:00+00:00,523.6199951171875,525.3800048828125,519.1599731445312,520.5999755859375,24350000,2024-12-10
QQQ,2024-12-11 14:30:00+00:00,525.0,530.6099853515625,524.5900268554688,529.9199829101562,32168600,2024-12-11
QQQ,2024-12-12 14:30:00+00:00,527.6799926757812,528.9600219726562,526.02001953125,526.5,23577500,2024-12-12
QQQ,2024-12-13 14:30:00+00:00,530.4600219726562,533.1699829101562,527.2999877929688,530.530029296875,28780400,2024-12-13
QQQ,2024-12-16 14:30:00+00:00,533.0800170898438,539.1500244140625,533.0,538.1699829101562,31979900,2024-12-16
QQQ,2024-12-17 14:30:00+00:00,536.3599853515625,537.47998046875,534.1300048828125,535.7999877929688,28579100,2024-12-17
QQQ,2024-12-18 14:30:00+00:00,535.1500244140625,536.8800048828125,515.010009765625,516.469970703125,54703200,2024-12-18
QQQ,2024-12-19 14:30:00+00:00,521.1900024414062,521.760009765625,513.8300170898438,514.1699829101562,46441800,2024-12-19
QQQ,2024-12-20 14:30:00+00:00,510.44000244140625,524.8200073242188,509.2900085449219,518.6599731445312,60530000,2024-12-20
QQQ,2024-12-23 14:30:00+00:00,519.5499877929688,523.25,516.1300048828125,522.8699951171875,29672800,2024-12-23
QQQ,2024-12-24 14:30:00+00:00,524.8300170898438,530.0499877929688,524.1900024414062,529.9600219726562,17558200,2024-12-24
QQQ,2024-12-26 14:30:00+00:00,528.3200073242188,531.239990234375,526.3099975585938,529.5999755859375,19090500,2024-12-26
QQQ,2024-12-27 14:30:00+00:00,526.010009765625,526.4500122070312,517.8599853515625,522.5599975585938,33839600,2024-12-27
QQQ,2024-12-30 14:30:00+00:00,515.510009765625,519.3599853515625,511.8299865722656,515.6099853515625,34584000,2024-12-30
QQQ,2024-12-31 14:30:00+00:00,516.9000244140625,517.6599731445312,510.260009765625,511.2300109863281,29117000,2024-12-31
QQQ,2025-01-02 14:30:00+00:00,514.2999877929688,516.6400146484375,505.7099914550781,510.2300109863281,36389800,2025-01-02
QQQ,2025-01-03 14:30:00+00:00,513.3499755859375,519.6500244140625,512.530029296875,518.5800170898438,29059500,2025-01-03
QQQ,2025-01-06 14:30:00+00:00,524.02001953125,527.9199829101562,522.030029296875,524.5399780273438,36109700,2025-01-06
QQQ,2025-01-07 14:30:00+00:00,525.5900268554688,525.989990234375,513.280029296875,515.1799926757812,36690300,2025-01-07
QQQ,2025-01-08 14:30:00+00:00,515.0800170898438,516.9199829101562,510.57000732421875,515.27001953125,30777800,2025-01-08
QQQ,2025-01-10 14:30:00+00:00,511.4800109863281,511.5799865722656,503.9200134277344,507.19000244140625,40532500,2025-01-10
QQQ,2025-01-13 14:30:00+00:00,501.20001220703125,506.0199890136719,499.70001220703125,505.55999755859375,31694200,2025-01-13
QQQ,2025-01-14 14:30:00+00:00,508.739990234375,510.1600036621094,501.5899963378906,505.0799865722656,33737200,2025-01-14
QQQ,2025-01-15 14:30:00+00:00,513.030029296875,517.8499755859375,511.4599914550781,516.7000122070312,34957600,2025-01-15
QQQ,2025-01-16 14:30:00+00:00,518.97998046875,519.0599975585938,512.9500122070312,513.0800170898438,28229000,2025-01-16
QQQ,2025-01-17 14:30:00+00:00,522.8499755859375,524.0700073242188,513.1099853515625,521.739990234375,51837900,2025-01-17
QQQ,2025-01-21 14:30:00+00:00,524.47998046875,525.969970703125,520.0599975585938,524.7999877929688,23628000,2025-01-21
QQQ,2025-01-22 14:30:00+00:00,529.5700073242188,533.8200073242188,529.260009765625,531.510009765625,33593000,2025-01-22
QQQ,2025-01-23 14:30:00+00:00,529.0399780273438,532.760009765625,528.4500122070312,532.6400146484375,23096600,2025-01-23
QQQ,2025-01-24 14:30:00+00:00,533.02001953125,533.7899780273438,528.1500244140625,529.6300048828125,19878300,2025-01-24
QQQ,2025-01-27 14:30:00+00:00,511.0,517.989990234375,510.1499938964844,514.2100219726562,60771700,2025-01-27
QQQ,2025-01-28 14:30:00+00:00,515.219970703125,523.0,511.7799987792969,521.8099975585938,33194200,2025-01-28
QQQ,2025-01-29 14:30:00+00:00,522.4600219726562,522.5900268554688,516.9000244140625,520.8300170898438,26649000,2025-01-29
QQQ,2025-01-30 14:30:00+00:00,523.7100219726562,526.0999755859375,518.2100219726562,523.0499877929688,27431300,2025-01-30
QQQ,2025-01-31 14:30:00+00:00,526.9199829101562,531.52001953125,521.1900024414062,522.2899780273438,38755200,2025-01-31
QQQ,2025-02-03 14:30:00+00:00,513.469970703125,520.8499755859375,511.04998779296875,518.1099853515625,40580800,2025-02-03
QQQ,2025-02-04 14:30:00+00:00,518.6300048828125,525.1099853515625,518.22998046875,524.469970703125,26046800,2025-02-04
QQQ,2025-02-05 14:30:00+00:00,521.8200073242188,527.010009765625,520.6199951171875,526.8499755859375,21134100,2025-02-05
QQQ,2025-02-06 14:30:00+00:00,527.3599853515625,529.8099975585938,525.739990234375,529.5999755859375,19434500,2025-02-06
QQQ,2025-02-07 14:30:00+00:00,530.1400146484375,532.0999755859375,522.1900024414062,522.9199829101562,29605500,2025-02-07
QQQ,2025-02-10 14:30:00+00:00,527.219970703125,530.3599853515625,526.75,529.25,20852800,2025-02-10
QQQ,2025-02-11 14:30:00+00:00,525.9600219726562,529.9199829101562,525.8300170898438,527.989990234375,19325500,2025-02-11
QQQ,2025-02-12 14:30:00+00:00,522.2999877929688,529.1900024414062,521.9500122070312,528.2999877929688,25009400,2025-02-12
QQQ,2025-02-13 14:30:00+00:00,529.97998046875,536.219970703125,529.1900024414062,535.9000244140625,28714800,2025-02-13
QQQ,2025-02-14 14:30:00+00:00,536.010009765625,538.8400268554688,535.6699829101562,538.1500244140625,17862600,2025-02-14
QQQ,2025-02-18 14:30:00+00:00,539.72998046875,540.0,536.0399780273438,539.3699951171875,20565000,2025-02-18
QQQ,2025-02-19 14:30:00+00:00,538.5700073242188,540.8099975585938,536.4600219726562,539.52001953125,19666900,2025-02-19
QQQ,2025-02-20 14:30:00+00:00,538.72998046875,539.0999755859375,532.4600219726562,537.22998046875,26550800,2025-02-20
QQQ,2025-02-21 14:30:00+00:00,538.3800048828125,538.4000244140625,525.7100219726562,526.0800170898438,47093800,2025-02-21
QQQ,2025-02-24 14:30:00+00:00,527.8800048828125,529.0700073242188,519.530029296875,519.8699951171875,39268400,2025-02-24
QQQ,2025-02-25 14:30:00+00:00,519.239990234375,519.3200073242188,509.44000244140625,513.3200073242188,48940000,2025-02-25
QQQ,2025-02-26 14:30:00+00:00,515.530029296875,519.6599731445312,511.3699951171875,514.5599975585938,34457600,2025-02-26
QQQ,2025-02-27 14:30:00+00:00,518.1300048828125,519.0700073242188,500.04998779296875,500.2699890136719,52448000,2025-02-27
QQQ,2025-02-28 14:30:00+00:00,500.1300048828125,508.7799987792969,496.92999267578125,508.1700134277344,47654000,2025-02-28
QQQ,2025-03-03 14:30:00+00:00,511.5199890136719,513.0399780273438,493.5799865722656,497.04998779296875,44587200,2025-03-03
QQQ,2025-03-04 14:30:00+00:00,494.17999267578125,503.739990234375,487.739990234375,495.54998779296875,67875400,2025-03-04
QQQ,2025-03-05 14:30:00+00:00,496.20001220703125,503.6300048828125,491.260009765625,502.010009765625,46323700,2025-03-05
QQQ,2025-03-06 14:30:00+00:00,493.69000244140625,498.5799865722656,486.20001220703125,488.20001220703125,57574300,2025-03-06
QQQ,2025-03-07 14:30:00+00:00,487.1600036621094,493.2799987792969,480.5299987792969,491.7900085449219,54714700,2025-03-07
QQQ,2025-03-10 13:30:00+00:00,483.45001220703125,483.9700012207031,468.6600036621094,472.7300109863281,76668000,2025-03-10
QQQ,2025-03-11 13:30:00+00:00,472.3500061035156,478.80999755859375,467.010009765625,471.6000061035156,68760800,2025-03-11
QQQ,2025-03-12 13:30:00+00:00,479.1600036621094,481.05999755859375,471.7900085449219,476.9200134277344,46971100,2025-03-12
QQQ,2025-03-13 13:30:00+00:00,476.25,476.2799987792969,466.42999267578125,468.3399963378906,46563300,2025-03-13
QQQ,2025-03-14 13:30:00+00:00,473.7300109863281,480.55999755859375,473.1199951171875,479.6600036621094,43563000,2025-03-14
QQQ,2025-03-17 13:30:00+00:00,479.6099853515625,485.8399963378906,477.79998779296875,482.7699890136719,41744400,2025-03-17
QQQ,2025-03-18 13:30:00+00:00,479.4100036621094,479.6099853515625,472.4100036621094,474.5400085449219,39072300,2025-03-18
QQQ,2025-03-19 13:30:00+00:00,476.80999755859375,485.3299865722656,474.8699951171875,480.8900146484375,40430300,2025-03-19
QQQ,2025-03-20 13:30:00+00:00,476.8800048828125,484.54998779296875,476.17999267578125,479.260009765625,36780500,2025-03-20
QQQ,2025-03-21 13:30:00+00:00,474.0799865722656,481.6099853515625,472.9100036621094,480.8399963378906,42234900,2025-03-21
QQQ,2025-03-24 13:30:00+00:00,487.739990234375,491.510009765625,484.3999938964844,490.6600036621094,34567200,2025-03-24
QQQ,2025-03-25 13:30:00+00:00,491.3900146484375,493.6199951171875,490.4200134277344,493.4599914550781,26035200,2025-03-25
QQQ,2025-03-26 13:30:00+00:00,492.29998779296875,493.1600036621094,482.82000732421875,484.3800048828125,34627100,2025-03-26
QQQ,2025-03-27 13:30:00+00:00,482.4100036621094,486.5799865722656,480.25,481.6199951171875,33469800,2025-03-27
QQQ,2025-03-28 13:30:00+00:00,479.80999755859375,480.5199890136719,468.04998779296875,468.94000244140625,46363800,2025-03-28
QQQ,2025-03-31 13:30:00+00:00,461.9200134277344,469.8599853515625,457.3299865722656,468.9200134277344,53000300,2025-03-31
QQQ,2025-04-01 13:30:00+00:00,467.29998779296875,473.6300048828125,464.4200134277344,472.70001220703125,41156200,2025-04-01
QQQ,2025-04-02 13:30:00+00:00,466.1199951171875,479.55999755859375,465.8599853515625,476.1499938964844,49894500,2025-04-02
QQQ,2025-04-03 13:30:00+00:00,456.44000244140625,460.07000732421875,450.1400146484375,450.6600036621094,70456300,2025-04-03
QQQ,2025-04-04 13:30:00+00:00,438.1400146484375,440.3699951171875,422.6700134277344,422.6700134277344,117088400,2025-04-04
QQQ,2025-04-07 13:30:00+00:00,408.6600036621094,443.1400146484375,402.3900146484375,423.69000244140625,161557000,2025-04-07
QQQ,2025-04-08 13:30:00+00:00,438.1600036621094,443.1400146484375,409.7900085449219,416.05999755859375,101248100,2025-04-08
QQQ,2025-04-09 13:30:00+00:00,415.57000732421875,467.8299865722656,415.42999267578125,466.0,142876900,2025-04-09
QQQ,2025-04-10 13:30:00+00:00,453.55999755859375,455.5899963378906,432.6300048828125,446.17999267578125,108384100,2025-04-10
QQQ,2025-04-11 13:30:00+00:00,444.6499938964844,455.7900085449219,441.3299865722656,454.3999938964844,52483800,2025-04-11
QQQ,2025-04-14 13:30:00+00:00,464.4599914550781,465.04998779296875,452.6300048828125,457.4800109863281,43941200,2025-04-14
QQQ,2025-04-15 13:30:00+00:00,458.5400085449219,462.3800048828125,456.1499938964844,457.989990234375,35404200,2025-04-15
QQQ,2025-04-16 13:30:00+00:00,449.0299987792969,452.6199951171875,437.760009765625,444.17999267578125,48980600,2025-04-16
QQQ,2025-04-17 13:30:00+00:00,447.1700134277344,447.75,441.3599853515625,444.1000061035156,44837000,2025-04-17
QQQ,2025-04-21 13:30:00+00:00,438.2300109863281,439.0799865722656,427.92999267578125,433.1099853515625,44149300,2025-04-21
QQQ,2025-04-22 13:30:00+00:00,438.82000732421875,447.5799865722656,437.6199951171875,444.4800109863281,52304400,2025-04-22
QQQ,2025-04-23 13:30:00+00:00,458.1700134277344,463.3800048828125,452.8800048828125,454.55999755859375,55801100,2025-04-23
QQQ,2025-04-24 13:30:00+00:00,456.4800109863281,467.6600036621094,455.8299865722656,467.3500061035156,45956100,2025-04-24
QQQ,2025-04-25 13:30:00+00:00,466.9700012207031,473.0899963378906,465.3900146484375,472.55999755859375,38697100,2025-04-25
QQQ,2025-04-28 13:30:00+00:00,473.0299987792969,474.80999755859375,466.0299987792969,472.4100036621094,33550800,2025-04-28
QQQ,2025-04-29 13:30:00+00:00,470.1700134277344,476.4200134277344,469.5899963378906,475.5299987792969,30613100,2025-04-29
QQQ,2025-04-30 13:30:00+00:00,467.1300048828125,477.20001220703125,462.42999267578125,475.4700012207031,46810600,2025-04-30
QQQ,2025-05-01 13:30:00+00:00,483.4100036621094,487.17999267578125,480.739990234375,481.67999267578125,43316500,2025-05-01
QQQ,2025-05-02 13:30:00+00:00,486.5400085449219,490.9100036621094,484.8299865722656,488.8299865722656,39218100,2025-05-02
QQQ,2025-05-05 13:30:00+00:00,484.6000061035156,489.0299987792969,484.1000061035156,485.92999267578125,28309500,2025-05-05
QQQ,2025-05-06 13:30:00+00:00,479.55999755859375,485.04998779296875,478.19000244140625,481.4100036621094,32786300,2025-05-06
QQQ,2025-05-07 13:30:00+00:00,482.0799865722656,485.79998779296875,476.7799987792969,483.29998779296875,38006300,2025-05-07
QQQ,2025-05-08 13:30:00+00:00,488.5299987792969,492.70001220703125,484.1700134277344,488.2900085449219,39577600,2025-05-08
QQQ,2025-05-09 13:30:00+00:00,490.2099914550781,491.5400085449219,486.20001220703125,487.9700012207031,27767400,2025-05-09
QQQ,2025-05-12 13:30:00+00:00,506.989990234375,507.8900146484375,501.4800109863281,507.8500061035156,45090600,2025-05-12
QQQ,2025-05-13 13:30:00+00:00,509.1600036621094,517.3900146484375,508.4200134277344,515.5900268554688,53269600,2025-05-13
QQQ,2025-05-14 13:30:00+00:00,516.77001953125,519.22998046875,515.75,518.6799926757812,47014500,2025-05-14
QQQ,2025-05-15 13:30:00+00:00,516.52001953125,521.9299926757812,515.1699829101562,519.25,50153300,2025-05-15
QQQ,2025-05-16 13:30:00+00:00,520.6599731445312,521.7000122070312,517.0999755859375,521.510009765625,48394600,2025-05-16
QQQ,2025-05-19 13:30:00+00:00,514.239990234375,522.530029296875,514.239990234375,522.010009765625,52536200,2025-05-19
QQQ,2025-05-20 13:30:00+00:00,519.469970703125,520.9299926757812,516.6599731445312,520.27001953125,42517600,2025-05-20
QQQ,2025-05-21 13:30:00+00:00,516.27001953125,523.0,511.239990234375,513.0399780273438,71292800,2025-05-21
QQQ,2025-05-22 13:30:00+00:00,513.6599731445312,517.7100219726562,512.2999877929688,514.0,55607200,2025-05-22
QQQ,2025-05-23 13:30:00+00:00,506.17999267578125,511.8399963378906,505.5799865722656,509.239990234375,58368100,2025-05-23
QQQ,2025-05-27 13:30:00+00:00,516.1500244140625,521.7100219726562,514.5900268554688,521.219970703125,47226300,2025-05-27
QQQ,2025-05-28 13:30:00+00:00,522.1799926757812,523.6799926757812,518.3900146484375,518.9099731445312,46637200,2025-05-28
QQQ,2025-05-29 13:30:00+00:00,526.3300170898438,526.47998046875,517.3200073242188,519.9299926757812,58513300,2025-05-29
QQQ,2025-05-30 13:30:00+00:00,519.4400024414062,520.6799926757812,511.92999267578125,519.1099853515625,67662800,2025-05-30
QQQ,2025-06-02 13:30:00+00:00,517.239990234375,523.4500122070312,515.969970703125,523.2100219726562,44762800,2025-06-02
QQQ,2025-06-03 13:30:00+00:00,523.5599975585938,528.739990234375,522.6900024414062,527.2999877929688,44070300,2025-06-03
QQQ,2025-06-04 13:30:00+00:00,528.010009765625,529.8400268554688,525.969970703125,528.77001953125,41359300,2025-06-04
QQQ,2025-06-05 13:30:00+00:00,530.1799926757812,533.0499877929688,522.6599731445312,524.7899780273438,61031200,2025-06-05
QQQ,2025-06-06 13:30:00+00:00,530.0,531.7999877929688,528.2100219726562,529.9199829101562,42467000,2025-06-06
QQQ,2025-06-09 13:30:00+00:00,530.1400146484375,532.3499755859375,529.010009765625,530.7000122070312,33688700,2025-06-09
QQQ,2025-06-10 13:30:00+00:00,531.1699829101562,534.9000244140625,528.8900146484375,534.2100219726562,40664800,2025-06-10
QQQ,2025-06-11 13:30:00+00:00,535.6199951171875,536.780029296875,530.1099853515625,532.4099731445312,53701000,2025-06-11
QQQ,2025-06-12 13:30:00+00:00,531.0900268554688,534.6400146484375,530.8400268554688,533.6599731445312,34104900,2025-06-12
QQQ,2025-06-13 13:30:00+00:00,527.6799926757812,531.8699951171875,525.72998046875,526.9600219726562,55814400,2025-06-13
QQQ,2025-06-16 13:30:00+00:00,530.5,535.3699951171875,530.4500122070312,534.2899780273438,37622100,2025-06-16
QQQ,2025-06-17 13:30:00+00:00,531.7100219726562,533.3300170898438,527.9099731445312,529.0800170898438,42180900,2025-06-17
QQQ,2025-06-18 13:30:00+00:00,530.0999755859375,532.5499877929688,527.4000244140625,528.989990234375,43983500,2025-06-18
QQQ,2025-06-20 13:30:00+00:00,532.260009765625,533.5599975585938,524.8800048828125,526.8300170898438,61643500,2025-06-20
QQQ,2025-06-23 13:30:00+00:00,526.8099975585938,532.1699829101562,523.6500244140625,531.6500244140625,50666100,2025-06-23
QQQ,2025-06-24 13:30:00+00:00,536.8900146484375,540.7000122070312,536.27001953125,539.780029296875,45442000,2025-06-24
QQQ,2025-06-25 13:30:00+00:00,542.0599975585938,543.3099975585938,539.3800048828125,541.1599731445312,44804200,2025-06-25
QQQ,2025-06-26 13:30:00+00:00,543.3499755859375,546.6699829101562,541.52001953125,546.219970703125,43811400,2025-06-26
QQQ,2025-06-27 13:30:00+00:00,547.260009765625,549.989990234375,544.5399780273438,548.0900268554688,57577100,2025-06-27
QQQ,2025-06-30 13:30:00+00:00,551.260009765625,552.7999877929688,549.010009765625,551.6400146484375,45548700,2025-06-30
QQQ,2025-07-01 13:30:00+00:00,549.72998046875,550.7100219726562,544.6599731445312,546.989990234375,56166700,2025-07-01
QQQ,2025-07-02 13:30:00+00:00,546.1599731445312,551.0,546.1199951171875,550.7999877929688,36538300,2025-07-02
QQQ,2025-07-03 13:30:00+00:00,553.1799926757812,557.2000122070312,553.1799926757812,556.219970703125,26443500,2025-07-03
QQQ,2025-07-07 13:30:00+00:00,553.52001953125,554.3400268554688,549.5800170898438,552.030029296875,45349300,2025-07-07
QQQ,2025-07-08 13:30:00+00:00,553.3800048828125,554.010009765625,551.0999755859375,552.3400268554688,36153300,2025-07-08
QQQ,2025-07-09 13:30:00+00:00,554.47998046875,557.6300048828125,553.0999755859375,556.25,43045500,2025-07-09
QQQ,2025-07-10 13:30:00+00:00,556.8900146484375,557.2999877929688,552.75,555.4500122070312,34710900,2025-07-10
QQQ,2025-07-11 13:30:00+00:00,553.2999877929688,555.7899780273438,552.0499877929688,554.2000122070312,39618600,2025-07-11
QQQ,2025-07-14 13:30:00+00:00,553.989990234375,556.9500122070312,551.6300048828125,556.2100219726562,36453300,2025-07-14
QQQ,2025-07-15 13:30:00+00:00,560.25,560.7999877929688,556.6599731445312,556.719970703125,43277700,2025-07-15
QQQ,2025-07-16 13:30:00+00:00,557.280029296875,560.2100219726562,551.5599975585938,557.2899780273438,52314700,2025-07-16
QQQ,2025-07-17 13:30:00+00:00,558.02001953125,562.3099975585938,557.2100219726562,561.7999877929688,40423800,2025-07-17
QQQ,2025-07-18 13:30:00+00:00,563.1199951171875,564.72998046875,559.97998046875,561.260009765625,50484700,2025-07-18
QQQ,2025-07-21 13:30:00+00:00,562.0900268554688,566.0599975585938,562.0599975585938,564.1699829101562,39595200,2025-07-21
QQQ,2025-07-22 13:30:00+00:00,564.2999877929688,564.3499755859375,558.6099853515625,561.25,43270600,2025-07-22
QQQ,2025-07-23 13:30:00+00:00,562.3400268554688,563.8499755859375,559.5800170898438,563.8099975585938,40215300,2025-07-23
QQQ,2025-07-24 13:30:00+00:00,565.1300048828125,566.239990234375,563.2899780273438,565.010009765625,42275500,2025-07-24
QQQ,2025-07-25 13:30:00+00:00,564.9299926757812,567.7000122070312,564.27001953125,566.3699951171875,30630800,2025-07-25
QQQ,2025-07-28 13:30:00+00:00,567.739990234375,569.0399780273438,566.8699951171875,568.1400146484375,31498700,2025-07-28
QQQ,2025-07-29 13:30:00+00:00,570.760009765625,572.1099853515625,566.530029296875,567.260009765625,45463300,2025-07-29
QQQ,2025-07-30 13:30:00+00:00,568.1799926757812,570.6199951171875,565.0499877929688,568.02001953125,43433800,2025-07-30
QQQ,2025-07-31 13:30:00+00:00,574.5399780273438,574.6300048828125,563.8699951171875,565.010009765625,64613600,2025-07-31
QQQ,2025-08-01 13:30:00+00:00,558.8300170898438,559.02001953125,551.6799926757812,553.8800048828125,69400800,2025-08-01
QQQ,2025-08-04 13:30:00+00:00,559.0499877929688,564.3200073242188,558.9500122070312,564.0999755859375,47669800,2025-08-04
QQQ,2025-08-05 13:30:00+00:00,565.3900146484375,566.5599975585938,559.72998046875,560.27001953125,48666600,2025-08-05
QQQ,2025-08-06 13:30:00+00:00,561.1099853515625,567.760009765625,560.6300048828125,567.3200073242188,41823700,2025-08-06
QQQ,2025-08-07 13:30:00+00:00,571.6699829101562,573.3200073242188,565.1099853515625,569.239990234375,44463000,2025-08-07
QQQ,2025-08-08 13:30:00+00:00,570.4500122070312,574.77001953125,570.1500244140625,574.5499877929688,35255500,2025-08-08
QQQ,2025-08-11 13:30:00+00:00,574.6900024414062,576.7999877929688,571.5700073242188,572.8499755859375,33112900,2025-08-11
QQQ,2025-08-12 13:30:00+00:00,575.1599731445312,580.3499755859375,572.489990234375,580.0499877929688,42143300,2025-08-12
QQQ,2025-08-13 13:30:00+00:00,582.760009765625,583.3200073242188,578.9400024414062,580.3400268554688,41209300,2025-08-13
QQQ,2025-08-14 13:30:00+00:00,578.280029296875,581.8800048828125,577.9099731445312,579.8900146484375,45425000,2025-08-14
QQQ,2025-08-15 13:30:00+00:00,579.7999877929688,579.8400268554688,575.5700073242188,577.3400268554688,49480200,2025-08-15
QQQ,2025-08-18 13:30:00+00:00,576.4400024414062,577.77001953125,575.239990234375,577.1099853515625,29831000,2025-08-18
QQQ,2025-08-19 13:30:00+00:00,576.3900146484375,576.5599975585938,568.25,569.280029296875,53752600,2025-08-19
QQQ,2025-08-20 13:30:00+00:00,568.3300170898438,568.4500122070312,558.8400268554688,565.9000244140625,76781100,2025-08-20
QQQ,2025-08-21 13:30:00+00:00,564.3499755859375,566.489990234375,560.97998046875,563.280029296875,46436900,2025-08-21
QQQ,2025-08-22 13:30:00+00:00,564.6699829101562,573.989990234375,563.27001953125,571.969970703125,51502100,2025-08-22
QQQ,2025-08-25 13:30:00+00:00,570.4000244140625,573.2899780273438,569.1599731445312,570.3200073242188,34044700,2025-08-25
QQQ,2025-08-26 13:30:00+00:00,569.8300170898438,572.9199829101562,568.7999877929688,572.6099853515625,34103000,2025-08-26
QQQ,2025-08-27 13:30:00+00:00,571.5900268554688,574.4099731445312,570.3699951171875,573.489990234375,36927100,2025-08-27
QQQ,2025-08-28 13:30:00+00:00,574.1099853515625,578.0,572.4600219726562,577.0800170898438,46787900,2025-08-28
QQQ,2025-08-29 13:30:00+00:00,574.6599731445312,575.030029296875,568.5399780273438,570.4000244140625,56030400,2025-08-29
QQQ,2025-09-02 13:30:00+00:00,561.3099975585938,565.969970703125,559.5399780273438,565.6199951171875,65876800,2025-09-02
QQQ,2025-09-03 13:30:00+00:00,569.22998046875,571.7000122070312,566.72998046875,570.0700073242188,54230200,2025-09-03
QQQ,2025-09-04 13:30:00+00:00,570.739990234375,575.5999755859375,569.030029296875,575.22998046875,47526300,2025-09-04
QQQ,2025-09-05 13:30:00+00:00,580.489990234375,581.1199951171875,571.530029296875,576.0599975585938,68342500,2025-09-05
QQQ,2025-09-08 13:30:00+00:00,578.3699951171875,580.8400268554688,577.77001953125,578.8699951171875,46371400,2025-09-08
QQQ,2025-09-09 13:30:00+00:00,579.6699829101562,580.9400024414062,577.0399780273438,580.510009765625,44007600,2025-09-09
QQQ,2025-09-10 13:30:00+00:00,583.739990234375,583.77001953125,578.5499877929688,580.7000122070312,49308000,2025-09-10
QQQ,2025-09-11 13:30:00+00:00,583.239990234375,584.8800048828125,581.6199951171875,584.0800170898438,44745800,2025-09-11
QQQ,2025-09-12 13:30:00+00:00,585.0399780273438,587.8599853515625,584.0999755859375,586.6599731445312,50745900,2025-09-12
QQQ,2025-09-15 13:30:00+00:00,588.4400024414062,591.7899780273438,588.2899780273438,591.6799926757812,44360300,2025-09-15
QQQ,2025-09-16 13:30:00+00:00,592.6099853515625,592.8599853515625,590.489990234375,591.1799926757812,36942100,2025-09-16
QQQ,2025-09-17 13:30:00+00:00,591.0999755859375,591.75,584.3699951171875,590.0,69384800,2025-09-17
QQQ,2025-09-18 13:30:00+00:00,594.9099731445312,598.1400146484375,592.9600219726562,595.3200073242188,61069300,2025-09-18
QQQ,2025-09-19 13:30:00+00:00,597.3300170898438,600.0499877929688,595.8499755859375,599.3499755859375,58196100,2025-09-19
QQQ,2025-09-22 13:30:00+00:00,597.739990234375,602.8699951171875,597.719970703125,602.2000122070312,57154800,2025-09-22
QQQ,2025-09-23 13:30:00+00:00,602.3699951171875,602.5700073242188,596.97998046875,598.2000122070312,64635500,2025-09-23
QQQ,2025-09-24 13:30:00+00:00,599.5800170898438,599.9000244140625,593.3599853515625,596.0999755859375,49850300,2025-09-24
QQQ,2025-09-25 13:30:00+00:00,592.2000122070312,595.1199951171875,588.5,593.530029296875,70920200,2025-09-25
QQQ,2025-09-26 13:30:00+00:00,594.3499755859375,596.2999877929688,591.0599975585938,595.969970703125,54337400,2025-09-26
QQQ,2025-09-29 13:30:00+00:00,599.1099853515625,602.0499877929688,597.4099731445312,598.72998046875,48332900,2025-09-29
QQQ,2025-09-30 13:30:00+00:00,598.4299926757812,600.7100219726562,596.0999755859375,600.3699951171875,46533800,2025-09-30
QQQ,2025-10-01 13:30:00+00:00,597.1699829101562,603.7899780273438,596.3400268554688,603.25,46899600,2025-10-01
QQQ,2025-10-02 13:30:00+00:00,607.0599975585938,607.1599731445312,602.9299926757812,605.72998046875,43765400,2025-10-02
QQQ,2025-10-03 13:30:00+00:00,606.510009765625,607.3300170898438,601.3900146484375,603.1799926757812,46482100,2025-10-03
QQQ,2025-10-06 13:30:00+00:00,608.4500122070312,609.3599853515625,605.969970703125,607.7100219726562,41962100,2025-10-06
QQQ,2025-10-07 13:30:00+00:00,609.02001953125,609.7100219726562,603.030029296875,604.510009765625,58209500,2025-10-07
QQQ,2025-10-08 13:30:00+00:00,605.4099731445312,611.75,605.260009765625,611.4400024414062,50629800,2025-10-08
QQQ,2025-10-09 13:30:00+00:00,611.47998046875,611.6099853515625,607.47998046875,610.7000122070312,45551000,2025-10-09
QQQ,2025-10-10 13:30:00+00:00,611.4000244140625,613.1799926757812,589.0499877929688,589.5,97614800,2025-10-10
QQQ,2025-10-13 13:30:00+00:00,599.6799926757812,602.9500122070312,597.22998046875,602.010009765625,65872600,2025-10-13
QQQ,2025-10-14 13:30:00+00:00,595.3099975585938,602.6900024414062,590.1300048828125,598.0,69203200,2025-10-14
QQQ,2025-10-15 13:30:00+00:00,604.010009765625,606.7000122070312,595.9299926757812,602.219970703125,62805500,2025-10-15
QQQ,2025-10-16 13:30:00+00:00,605.1099853515625,608.3099975585938,595.5,599.989990234375,70982000,2025-10-16
QQQ,2025-10-17 13:30:00+00:00,597.9500122070312,605.510009765625,596.3699951171875,603.9299926757812,72024900,2025-10-17
QQQ,2025-10-20 13:30:00+00:00,607.1400146484375,612.7999877929688,607.0700073242188,611.5399780273438,45761700,2025-10-20
QQQ,2025-10-21 13:30:00+00:00,611.6400146484375,612.719970703125,609.3200073242188,611.3800048828125,44538200,2025-10-21
QQQ,2025-10-22 13:30:00+00:00,610.8200073242188,611.4099731445312,599.739990234375,605.489990234375,61478800,2025-10-22
QQQ,2025-10-23 13:30:00+00:00,604.9099731445312,611.3699951171875,604.52001953125,610.5800170898438,42844300,2025-10-23
QQQ,2025-10-24 13:30:00+00:00,615.989990234375,618.4199829101562,615.1300048828125,617.0999755859375,47632500,2025-10-24
QQQ,2025-10-27 13:30:00+00:00,624.52001953125,628.5499877929688,624.030029296875,628.0900268554688,54098600,2025-10-27
QQQ,2025-10-28 13:30:00+00:00,630.3599853515625,634.6799926757812,629.25,632.9199829101562,61195700,2025-10-28
QQQ,2025-10-29 13:30:00+00:00,635.5900268554688,637.010009765625,630.25,635.77001953125,67422800,2025-10-29
QQQ,2025-10-30 13:30:00+00:00,632.1699829101562,633.5,625.9400024414062,626.0499877929688,61628600,2025-10-30
QQQ,2025-10-31 13:30:00+00:00,634.1699829101562,634.2000122070312,626.6900024414062,629.0700073242188,66305100,2025-10-31
QQQ,2025-11-03 14:30:00+00:00,635.1099853515625,635.8200073242188,629.8499755859375,632.0800170898438,37154300,2025-11-03
QQQ,2025-11-04 14:30:00+00:00,623.280029296875,626.9500122070312,618.4600219726562,619.25,63830800,2025-11-04
QQQ,2025-11-05 14:30:00+00:00,618.489990234375,626.5999755859375,617.2100219726562,623.280029296875,48688500,2025-11-05
QQQ,2025-11-06 14:30:00+00:00,621.7899780273438,622.0399780273438,610.2999877929688,611.6699829101562,72115100,2025-11-06
QQQ,2025-11-07 14:30:00+00:00,608.3099975585938,609.9500122070312,598.6699829101562,609.739990234375,81835400,2025-11-07
QQQ,2025-11-10 14:30:00+00:00,618.9199829101562,624.3099975585938,616.8900146484375,623.22998046875,55919900,2025-11-10
QQQ,2025-11-11 14:30:00+00:00,620.5700073242188,622.719970703125,617.52001953125,621.5700073242188,44868800,2025-11-11
QQQ,2025-11-12 14:30:00+00:00,624.8400268554688,624.8599853515625,617.8099975585938,621.0800170898438,47444400,2025-11-12
QQQ,2025-11-13 14:30:00+00:00,617.5399780273438,618.1199951171875,606.0800170898438,608.4000244140625,71333600,2025-11-13
QQQ,2025-11-14 14:30:00+00:00,599.5499877929688,613.3499755859375,597.1699829101562,608.8599853515625,80087300,2025-11-14
QQQ,2025-11-17 14:30:00+00:00,606.2999877929688,612.47998046875,599.8699951171875,603.6599731445312,63850400,2025-11-17
QQQ,2025-11-18 14:30:00+00:00,599.6199951171875,602.3099975585938,591.3400268554688,596.3099975585938,83327300,2025-11-18
QQQ,2025-11-19 14:30:00+00:00,597.0700073242188,606.1599731445312,594.5900268554688,599.8699951171875,73111500,2025-11-19
QQQ,2025-11-20 14:30:00+00:00,611.6199951171875,614.030029296875,584.75,585.6699829101562,117743200,2025-11-20
QQQ,2025-11-21 14:30:00+00:00,587.469970703125,596.97998046875,580.739990234375,590.0700073242188,103344200,2025-11-21
QQQ,2025-11-24 14:30:00+00:00,595.280029296875,606.6799926757812,595.1599731445312,605.1599731445312,60168100,2025-11-24
QQQ,2025-11-25 14:30:00+00:00,603.510009765625,610.260009765625,597.3200073242188,608.8900146484375,57560900,2025-11-25
QQQ,2025-11-26 14:30:00+00:00,612.510009765625,616.1900024414062,610.3900146484375,614.27001953125,42393600,2025-11-26
QQQ,2025-11-28 14:30:00+00:00,616.1099853515625,619.3200073242188,615.4199829101562,619.25,23034400,2025-11-28
QQQ,2025-12-01 14:30:00+00:00,613.6300048828125,619.4400024414062,612.52001953125,617.1699829101562,40957600,2025-12-01
QQQ,2025-12-02 14:30:00+00:00,619.4600219726562,623.75,617.5900268554688,622.0,54541800,2025-12-02
QQQ,2025-12-03 14:30:00+00:00,619.6199951171875,624.219970703125,618.030029296875,623.52001953125,47841600,2025-12-03
QQQ,2025-12-04 14:30:00+00:00,624.9299926757812,624.9400024414062,619.5399780273438,622.9400024414062,47067800,2025-12-04
QQQ,2025-12-05 14:30:00+00:00,624.3800048828125,628.9199829101562,623.7100219726562,625.47998046875,53614200,2025-12-05
QQQ,2025-12-08 14:30:00+00:00,627.2100219726562,628.8400268554688,621.6900024414062,624.280029296875,43462400,2025-12-08
QQQ,2025-12-09 14:30:00+00:00,623.010009765625,625.8699951171875,621.0,625.0499877929688,37156000,2025-12-09
QQQ,2025-12-10 14:30:00+00:00,623.8499755859375,629.2100219726562,620.989990234375,627.6099853515625,55031400,2025-12-10
QQQ,2025-12-11 14:30:00+00:00,623.8200073242188,625.780029296875,617.719970703125,625.5800170898438,58272800,2025-12-11
QQQ,2025-12-12 14:30:00+00:00,622.0800170898438,623.5399780273438,611.3599853515625,613.6199951171875,75158700,2025-12-12
QQQ,2025-12-15 14:30:00+00:00,618.3699951171875,618.4199829101562,609.3200073242188,610.5399780273438,49538200,2025-12-15
QQQ,2025-12-16 14:30:00+00:00,608.260009765625,613.510009765625,606.9099731445312,611.75,55152800,2025-12-16
QQQ,2025-12-17 14:30:00+00:00,613.0599975585938,613.6500244140625,600.280029296875,600.4099731445312,70654300,2025-12-17
QQQ,2025-12-18 14:30:00+00:00,609.7999877929688,612.9299926757812,606.9199829101562,609.1099853515625,78875800,2025-12-18
QQQ,2025-12-19 14:30:00+00:00,611.9500122070312,617.6199951171875,611.8699951171875,617.0499877929688,60369800,2025-12-19
QQQ,2025-12-22 14:30:00+00:00,621.3499755859375,621.6500244140625,617.77001953125,619.2100219726562,43703100,2025-12-22
QQQ,2025-12-23 14:30:00+00:00,618.2000122070312,622.4099731445312,617.780029296875,622.1099853515625,41120400,2025-12-23
QQQ,2025-12-24 14:30:00+00:00,621.989990234375,624.280029296875,621.719970703125,623.9299926757812,18468700,2025-12-24
QQQ,2025-12-26 14:30:00+00:00,624.6599731445312,625.52001953125,623.1400146484375,623.8900146484375,28959800,2025-12-26
QQQ,2025-12-29 14:30:00+00:00,620.0999755859375,622.780029296875,618.72998046875,620.8699951171875,32458300,2025-12-29
QQQ,2025-12-30 14:30:00+00:00,619.8400268554688,622.1799926757812,619.219970703125,619.4299926757812,31226800,2025-12-30
QQQ,2025-12-31 14:30:00+00:00,619.6500244140625,619.9600219726562,614.0499877929688,614.3099975585938,40746500,2025-12-31
QQQ,2026-01-02 14:30:00+00:00,620.0599975585938,622.8499755859375,610.1500244140625,613.1199951171875,61859200,2026-01-02
QQQ,2026-01-05 14:30:00+00:00,619.3200073242188,620.8099975585938,616.719970703125,617.989990234375,46828400,2026-01-05
QQQ,2026-01-06 14:30:00+00:00,619.22998046875,624.02001953125,618.5399780273438,623.4199829101562,43137500,2026-01-06
QQQ,2026-01-07 14:30:00+00:00,623.0399780273438,627.9400024414062,622.5599975585938,624.02001953125,44880300,2026-01-07
QQQ,2026-01-08 14:30:00+00:00,623.030029296875,623.4199829101562,617.7999877929688,620.469970703125,50435900,2026-01-08
QQQ,2026-01-09 14:30:00+00:00,621.4099731445312,627.8900146484375,619.0599975585938,626.6500244140625,49688700,2026-01-09
QQQ,2026-01-12 14:30:00+00:00,622.3099975585938,628.8499755859375,622.260009765625,627.1699829101562,37388700,2026-01-12
QQQ,2026-01-13 14:30:00+00:00,627.27001953125,629.469970703125,623.7000122070312,626.239990234375,44481400,2026-01-13
QQQ,2026-01-14 14:30:00+00:00,622.239990234375,623.4500122070312,614.5599975585938,619.5499877929688,72598700,2026-01-14
QQQ,2026-01-15 14:30:00+00:00,626.5999755859375,630.0,620.75,621.780029296875,53934900,2026-01-15
QQQ,2026-01-16 14:30:00+00:00,625.5,626.0800170898438,618.8800048828125,621.260009765625,61058100,2026-01-16
QQQ,2026-01-20 14:30:00+00:00,610.530029296875,615.0599975585938,607.0499877929688,608.0599975585938,81988900,2026-01-20
QQQ,2026-01-21 14:30:00+00:00,609.469970703125,620.4199829101562,607.8599853515625,616.280029296875,79837900,2026-01-21
QQQ,2026-01-22 14:30:00+00:00,622.3499755859375,622.4600219726562,617.780029296875,620.760009765625,42254800,2026-01-22
QQQ,2026-01-23 14:30:00+00:00,619.72998046875,625.4000244140625,618.6500244140625,622.719970703125,43645800,2026-01-23
QQQ,2026-01-26 14:30:00+00:00,623.2100219726562,627.6099853515625,622.1199951171875,625.4600219726562,35983000,2026-01-26
QQQ,2026-01-27 14:30:00+00:00,628.9099731445312,632.0399780273438,627.3400268554688,631.1300048828125,38997200,2026-01-27
QQQ,2026-01-28 14:30:00+00:00,635.4600219726562,636.5999755859375,631.8099975585938,633.219970703125,50691700,2026-01-28
QQQ,2026-01-29 14:30:00+00:00,632.6500244140625,633.6699829101562,618.27001953125,629.4299926757812,79944000,2026-01-29
QQQ,2026-01-30 14:30:00+00:00,625.7100219726562,628.260009765625,619.2999877929688,621.8699951171875,65650700,2026-01-30
QQQ,2026-02-02 14:30:00+00:00,618.7000122070312,628.489990234375,618.6599731445312,626.1400146484375,49020300,2026-02-02
QQQ,2026-02-03 14:30:00+00:00,628.2999877929688,629.97998046875,610.9600219726562,616.52001953125,81234000,2026-02-03
QQQ,2026-02-04 14:30:00+00:00,615.02001953125,615.0999755859375,600.469970703125,605.75,81850700,2026-02-04
QQQ,2026-02-05 14:30:00+00:00,600.2100219726562,604.8099975585938,594.760009765625,597.030029296875,89354500,2026-02-05
QQQ,2026-02-06 14:30:00+00:00,600.1900024414062,611.4099731445312,598.77001953125,609.6500244140625,78019300,2026-02-06
QQQ,2026-02-09 14:30:00+00:00,607.5399780273438,616.4600219726562,605.0700073242188,614.3200073242188,56797600,2026-02-09
QQQ,2026-02-10 14:30:00+00:00,615.3099975585938,617.02001953125,611.010009765625,611.469970703125,53938900,2026-02-10
QQQ,2026-02-11 14:30:00+00:00,616.3800048828125,617.52001953125,607.6900024414062,613.1099853515625,58575100,2026-02-11
QQQ,2026-02-12 14:30:00+00:00,614.7100219726562,615.8099975585938,599.5700073242188,600.6400146484375,81378900,2026-02-12
QQQ,2026-02-13 14:30:00+00:00,600.4299926757812,606.47998046875,596.4199829101562,601.9199829101562,69237500,2026-02-13
QQQ,2026-02-17 14:30:00+00:00,598.3800048828125,603.9500122070312,593.3400268554688,601.2999877929688,69013800,2026-02-17
QQQ,2026-02-18 14:30:00+00:00,602.1099853515625,609.77001953125,600.719970703125,605.7899780273438,64250700,2026-02-18
QQQ,2026-02-19 14:30:00+00:00,602.8099975585938,605.8200073242188,600.75,603.469970703125,60960800,2026-02-19
QQQ,2026-02-20 14:30:00+00:00,600.1199951171875,610.3499755859375,599.22998046875,608.8099975585938,74127300,2026-02-20
QQQ,2026-02-23 14:30:00+00:00,606.6099853515625,608.010009765625,599.0499877929688,601.4099731445312,63859100,2026-02-23
QQQ,2026-02-24 14:30:00+00:00,602.4000244140625,608.989990234375,599.72998046875,607.8699951171875,55023700,2026-02-24
QQQ,2026-02-25 14:30:00+00:00,611.0700073242188,616.8300170898438,611.0,616.6799926757812,55710700,2026-02-25
QQQ,2026-02-26 14:30:00+00:00,615.5900268554688,615.5900268554688,603.97998046875,609.239990234375,96178900,2026-02-26
QQQ,2026-02-27 14:30:00+00:00,602.97998046875,608.3200073242188,602.1900024414062,607.2899780273438,68125200,2026-02-27
QQQ,2026-03-02 14:30:00+00:00,598.8599853515625,609.9199829101562,597.989990234375,608.0900268554688,75264600,2026-03-02
QQQ,2026-03-03 14:30:00+00:00,596.3300170898438,603.9600219726562,591.8699951171875,601.5800170898438,97015500,2026-03-03
QQQ,2026-03-04 14:30:00+00:00,604.1599731445312,612.8800048828125,603.4299926757812,610.75,70943900,2026-03-04
QQQ,2026-03-05 14:30:00+00:00,607.4000244140625,612.760009765625,602.260009765625,608.9099731445312,89602400,2026-03-05
QQQ,2026-03-06 14:30:00+00:00,600.3099975585938,606.0,598.3300170898438,599.75,86302300,2026-03-06
QQQ,2026-03-09 13:30:00+00:00,594.22998046875,609.27001953125,591.3300170898438,607.760009765625,93068200,2026-03-09
QQQ,2026-03-10 13:30:00+00:00,607.780029296875,613.2899780273438,605.4199829101562,607.77001953125,64078900,2026-03-10
QQQ,2026-03-11 13:30:00+00:00,608.9500122070312,612.4299926757812,605.030029296875,607.6900024414062,60114800,2026-03-11
QQQ,2026-03-12 13:30:00+00:00,602.760009765625,604.1400146484375,597.0499877929688,597.260009765625,71836600,2026-03-12
QQQ,2026-03-13 13:30:00+00:00,599.72998046875,603.5999755859375,592.5700073242188,593.719970703125,63145500,2026-03-13
QQQ,2026-03-16 13:30:00+00:00,600.0399780273438,603.8599853515625,599.1099853515625,600.3800048828125,49077200,2026-03-16
QQQ,2026-03-17 13:30:00+00:00,603.1400146484375,605.9000244140625,601.8699951171875,603.3099975585938,47106600,2026-03-17
QQQ,2026-03-18 13:30:00+00:00,601.489990234375,603.1599731445312,594.5599975585938,594.9000244140625,56128000,2026-03-18
QQQ,2026-03-19 13:30:00+00:00,589.510009765625,595.7999877929688,587.0800170898438,593.02001953125,75597600,2026-03-19
QQQ,2026-03-20 13:30:00+00:00,591.0599975585938,591.1699829101562,578.5399780273438,582.0599975585938,91964700,2026-03-20
QQQ,2026-03-23 13:30:00+00:00,590.52001953125,595.0800170898438,585.9600219726562,588.0,89936100,2026-03-23
QQQ,2026-03-24 13:30:00+00:00,584.8099975585938,587.9299926757812,581.9299926757812,583.97998046875,57750900,2026-03-24
QQQ,2026-03-25 13:30:00+00:00,589.1400146484375,591.3699951171875,585.6900024414062,587.8200073242188,60475500,2026-03-25
QQQ,2026-03-26 13:30:00+00:00,582.5999755859375,584.6300048828125,573.4299926757812,573.7899780273438,81492100,2026-03-26
QQQ,2026-03-27 13:30:00+00:00,570.8099975585938,571.02001953125,561.5700073242188,562.5800170898438,82702200,2026-03-27
QQQ,2026-03-30 13:30:00+00:00,567.3800048828125,568.0499877929688,555.5999755859375,558.280029296875,70602600,2026-03-30
QQQ,2026-03-31 13:30:00+00:00,564.2899780273438,578.6400146484375,564.2100219726562,577.1799926757812,95878000,2026-03-31
QQQ,2026-04-01 13:30:00+00:00,581.47998046875,587.739990234375,580.4199829101562,584.3099975585938,79435100,2026-04-01
QQQ,2026-04-02 13:30:00+00:00,573.969970703125,586.0499877929688,571.9199829101562,584.97998046875,50941700,2026-04-02
QQQ,2026-04-06 13:30:00+00:00,586.22998046875,590.6099853515625,584.6900024414062,588.5,35108500,2026-04-06
QQQ,2026-04-07 13:30:00+00:00,585.6400146484375,588.97998046875,578.4000244140625,588.5900268554688,49948200,2026-04-07
QQQ,2026-04-08 13:30:00+00:00,608.7100219726562,609.9000244140625,602.1199951171875,606.0900268554688,63086000,2026-04-08
QQQ,2026-04-09 13:30:00+00:00,605.9299926757812,610.5,603.030029296875,610.1900024414062,37837500,2026-04-09
QQQ,2026-04-10 13:30:00+00:00,611.8400268554688,613.6699829101562,609.5800170898438,611.0700073242188,34038500,2026-04-10
QQQ,2026-04-13 13:30:00+00:00,609.47998046875,626.739990234375,608.1099853515625,617.3900146484375,32972100,2026-04-13
QQQ,2026-04-14 13:30:00+00:00,620.219970703125,628.5999755859375,620.0999755859375,628.5999755859375,49921100,2026-04-14
QQQ,2026-04-15 13:30:00+00:00,629.0800170898438,637.8300170898438,628.2000122070312,637.4000244140625,50102400,2026-04-15
QQQ,2026-04-16 13:30:00+00:00,639.2100219726562,642.1799926757812,635.260009765625,640.469970703125,42320600,2026-04-16
QQQ,2026-04-17 13:30:00+00:00,645.5900268554688,650.0,644.0700073242188,648.8499755859375,53488900,2026-04-17
QQQ,2026-04-20 13:30:00+00:00,648.0399780273438,648.760009765625,642.52001953125,646.7899780273438,37138500,2026-04-20
QQQ,2026-04-21 13:30:00+00:00,648.4099731445312,650.2000122070312,642.2100219726562,644.3300170898438,39580500,2026-04-21
QQQ,2026-04-22 13:30:00+00:00,650.1500244140625,655.3300170898438,648.52001953125,655.1099853515625,37368400,2026-04-22
QQQ,2026-04-23 13:30:00+00:00,653.5499877929688,656.9199829101562,645.52001953125,651.4199829101562,40099800,2026-04-23
QQQ,2026-04-24 13:30:00+00:00,658.510009765625,664.510009765625,656.530029296875,663.8800048828125,45563100,2026-04-24
QQQ,2026-04-27 13:30:00+00:00,663.4000244140625,664.4299926757812,660.6900024414062,664.22998046875,32717000,2026-04-27
QQQ,2026-04-28 13:30:00+00:00,657.4099731445312,659.6400146484375,653.8099975585938,657.5499877929688,34147900,2026-04-28
QQQ,2026-04-29 13:30:00+00:00,658.6300048828125,661.719970703125,656.5900268554688,661.5700073242188,31724900,2026-04-29
QQQ,2026-04-30 13:30:00+00:00,665.3499755859375,668.9000244140625,657.5599975585938,667.739990234375,40622200,2026-04-30
QQQ,2026-05-01 13:30:00+00:00,669.1599731445312,675.969970703125,668.7999877929688,674.1500244140625,39172600,2026-05-01
QQQ,2026-05-04 13:30:00+00:00,674.6599731445312,676.72998046875,668.9000244140625,672.8800048828125,34542000,2026-05-04
QQQ,2026-05-05 13:30:00+00:00,677.9600219726562,682.77001953125,677.510009765625,681.6099853515625,37101100,2026-05-05
QQQ,2026-05-06 13:30:00+00:00,687.780029296875,695.9299926757812,686.47998046875,695.77001953125,38778500,2026-05-06
QQQ,2026-05-07 13:30:00+00:00,696.5800170898438,701.239990234375,691.77001953125,694.9400024414062,43779100,2026-05-07
QQQ,2026-05-08 13:30:00+00:00,699.9199829101562,711.22998046875,699.5,711.22998046875,44320400,2026-05-08
QQQ,2026-05-11 13:30:00+00:00,710.3599853515625,714.5900268554688,708.9099731445312,713.2899780273438,36019100,2026-05-11
QQQ,2026-05-12 13:30:00+00:00,708.219970703125,710.1799926757812,696.6400146484375,707.239990234375,45873000,2026-05-12
QQQ,2026-05-13 13:30:00+00:00,709.9600219726562,716.6500244140625,704.8300170898438,714.7100219726562,40012500,2026-05-13
QQQ,2026-05-14 13:30:00+00:00,714.6199951171875,722.030029296875,714.219970703125,719.7899780273438,33327500,2026-05-14
QQQ,2026-05-15 13:30:00+00:00,710.1400146484375,715.1300048828125,705.5499877929688,708.9299926757812,51792700,2026-05-15
QQQ,2026-05-18 13:30:00+00:00,711.5399780273438,712.0700073242188,698.8499755859375,705.8800048828125,49834500,2026-05-18
QQQ,2026-05-19 13:30:00+00:00,699.8099975585938,706.489990234375,695.25,701.530029296875,46827500,2026-05-19
QQQ,2026-05-20 13:30:00+00:00,705.2899780273438,713.1500244140625,703.7899780273438,713.1500244140625,36779200,2026-05-20
QQQ,2026-05-21 13:30:00+00:00,708.989990234375,717.1199951171875,706.77001953125,714.510009765625,36415400,2026-05-21
QQQ,2026-05-22 13:30:00+00:00,718.0700073242188,722.1199951171875,715.9500122070312,717.5399780273438,33118600,2026-05-22
QQQ,2026-05-26 13:30:00+00:00,725.9600219726562,731.1699829101562,724.1599731445312,730.280029296875,34254700,2026-05-26
QQQ,2026-05-27 13:30:00+00:00,732.9600219726562,733.3200073242188,725.4400024414062,729.4500122070312,35148700,2026-05-27
QQQ,2026-05-28 13:30:00+00:00,729.72998046875,736.5999755859375,726.4099731445312,735.5999755859375,32840000,2026-05-28
QQQ,2026-05-29 13:30:00+00:00,737.8400268554688,741.6300048828125,735.25,738.3099975585938,37541700,2026-05-29
QQQ,2026-06-01 13:30:00+00:00,737.0399780273438,745.6500244140625,735.989990234375,742.739990234375,33890600,2026-06-01
QQQ,2026-06-02 13:30:00+00:00,742.4000244140625,746.4400024414062,739.22998046875,746.1599731445312,30085200,2026-06-02
QQQ,2026-06-03 13:30:00+00:00,747.3099975585938,748.6500244140625,741.010009765625,744.2100219726562,40270200,2026-06-03
QQQ,2026-06-04 13:30:00+00:00,735.47998046875,743.5,732.6199951171875,740.6099853515625,40782600,2026-06-04
QQQ,2026-06-05 13:30:00+00:00,730.0599975585938,731.6900024414062,704.3200073242188,705.0599975585938,99606600,2026-06-05
QQQ,2026-06-08 13:30:00+00:00,717.8099975585938,723.030029296875,713.0700073242188,716.0700073242188,47401500,2026-06-08
QQQ,2026-06-09 13:30:00+00:00,722.97998046875,725.6599731445312,686.3699951171875,707.8300170898438,91932200,2026-06-09
QQQ,2026-06-10 13:30:00+00:00,701.6599731445312,711.280029296875,692.9299926757812,693.6900024414062,65334300,2026-06-10
QQQ,2026-06-11 13:30:00+00:00,699.2899780273438,718.3699951171875,695.0,717.1199951171875,71798900,2026-06-11
QQQ,2026-06-12 13:30:00+00:00,717.6099853515625,724.010009765625,711.280029296875,721.3400268554688,51168400,2026-06-12
QQQ,2026-06-15 13:30:00+00:00,738.0999755859375,744.760009765625,737.3800048828125,744.0,46710200,2026-06-15
QQQ,2026-06-16 13:30:00+00:00,742.25,744.219970703125,729.6400146484375,729.8599853515625,45348700,2026-06-16
QQQ,2026-06-17 13:30:00+00:00,735.1900024414062,735.6799926757812,720.8499755859375,722.510009765625,51669300,2026-06-17
QQQ,2026-06-18 13:30:00+00:00,737.2000122070312,741.8200073242188,732.510009765625,740.6199951171875,50154600,2026-06-18
QQQ,2026-06-22 13:30:00+00:00,742.02001953125,745.4500122070312,734.3900146484375,737.9500122070312,43518600,2026-06-22
QQQ,2026-06-23 13:30:00+00:00,715.739990234375,723.6099853515625,712.1099853515625,713.6500244140625,53354200,2026-06-23
QQQ,2026-06-24 13:30:00+00:00,715.3699951171875,719.9299926757812,704.4500122070312,710.6199951171875,52480400,2026-06-24
QQQ,2026-06-25 13:30:00+00:00,725.9000244140625,726.8300170898438,705.2999877929688,716.3800048828125,49668000,2026-06-25
QQQ,2026-06-26 13:30:00+00:00,707.1300048828125,715.5599975585938,702.8099975585938,706.52001953125,47081800,2026-06-26
QQQ,2026-06-29 13:30:00+00:00,713.989990234375,724.5800170898438,705.1699829101562,724.0800170898438,44939100,2026-06-29
QQQ,2026-06-30 13:30:00+00:00,724.1799926757812,737.6199951171875,723.9099731445312,736.4000244140625,42121800,2026-06-30
QQQ,2026-07-01 13:30:00+00:00,729.1900024414062,731.9199829101562,724.5999755859375,725.1699829101562,40803800,2026-07-01
QQQ,2026-07-02 13:30:00+00:00,725.5800170898438,730.8300170898438,707.5599975585938,712.5999755859375,50959800,2026-07-02
QQQ,2026-07-06 13:30:00+00:00,719.9299926757812,726.0800170898438,718.4500122070312,722.8200073242188,30220400,2026-07-06
QQQ,2026-07-07 13:30:00+00:00,714.1699829101562,716.3499755859375,704.9000244140625,709.4299926757812,42483100,2026-07-07
QQQ,2026-07-08 13:30:00+00:00,704.9500122070312,712.260009765625,700.9099731445312,711.4400024414062,35603200,2026-07-08
QQQ,2026-07-09 13:30:00+00:00,718.3300170898438,724.22998046875,715.1300048828125,723.280029296875,33654700,2026-07-09
QQQ,2026-07-10 13:30:00+00:00,720.7000122070312,726.3900146484375,717.0,725.510009765625,26415900,2026-07-10
QQQ,2026-07-13 13:30:00+00:00,717.719970703125,718.739990234375,710.0800170898438,711.739990234375,36552400,2026-07-13
QQQ,2026-07-14 13:30:00+00:00,720.219970703125,722.2899780273438,714.3400268554688,719.6900024414062,29448100,2026-07-14
QQQ,2026-07-15 13:30:00+00:00,723.8499755859375,724.3599853515625,710.22998046875,717.739990234375,32627600,2026-07-15
QQQ,2026-07-16 13:30:00+00:00,712.010009765625,713.5999755859375,702.6099853515625,705.9400024414062,39402000,2026-07-16
QQQ,2026-07-17 13:30:00+00:00,691.6500244140625,702.2999877929688,686.760009765625,695.3300170898438,54109300,2026-07-17
QQQ,2026-07-20 13:30:00+00:00,702.1599731445312,705.7999877929688,695.510009765625,696.0599975585938,29687600,2026-07-20
QQQ,2026-07-21 13:30:00+00:00,706.5700073242188,710.0499877929688,702.7999877929688,708.969970703125,33728300,2026-07-21
QQQ,2026-07-22 13:30:00+00:00,703.6199951171875,709.6500244140625,703.6199951171875,705.3499755859375,23692200,2026-07-22
QQQ,2026-07-23 13:30:00+00:00,694.6699829101562,698.6599731445312,687.7899780273438,691.9600219726562,44028600,2026-07-23
QQQ,2026-07-24 13:30:00+00:00,690.4099731445312,692.6300048828125,682.47998046875,684.22998046875,42876700,2026-07-24
QQQ,2026-07-27 13:30:00+00:00,691.6799926757812,692.2999877929688,675.9500122070312,682.1199951171875,42681500,2026-07-27
QQQ,2026-07-28 13:30:00+00:00,676.22998046875,679.4000244140625,667.8800048828125,675.489990234375,51398700,2026-07-28
QQQ,2026-07-29 13:30:00+00:00,675.510009765625,680.0499877929688,661.1400146484375,661.72998046875,57233300,2026-07-29
QQQ,2026-07-30 13:30:00+00:00,674.760009765625,685.1199951171875,673.2999877929688,683.5499877929688,66753700,2026-07-30
QQQ,2026-07-31 13:30:00+00:00,692.1099853515625,695.77001953125,680.0499877929688,687.989990234375,50540500,2026-07-31
QQQ,2026-08-03 13:30:00+00:00,688.2999877929688,701.5900268554688,685.8200073242188,700.0700073242188,44965100,2026-08-03
QQQ,2026-08-04 13:30:00+00:00,708.1599731445312,725.6599731445312,707.530029296875,723.8499755859375,59778600,2026-08-04
QQQ,2026-08-05 13:30:00+00:00,726.25,728.5399780273438,716.9199829101562,717.2999877929688,33540200,2026-08-05
QQQ,2026-08-06 13:30:00+00:00,710.8200073242188,719.3200073242188,708.5,714.6500244140625,33035900,2026-08-06
QQQ,2026-08-07 13:30:00+00:00,720.1500244140625,723.6300048828125,716.510009765625,723.030029296875,31070400,2026-08-07
QQQ,2026-08-10 13:30:00+00:00,722.3900146484375,724.6699829101562,720.3300170898438,720.8699951171875,26243200,2026-08-10
QQQ,2026-08-11 13:30:00+00:00,723.2899780273438,723.3499755859375,715.5,718.4500122070312,29286100,2026-08-11
QQQ,2026-08-12 13:30:00+00:00,727.0800170898438,727.25,722.9199829101562,723.7000122070312,29066000,2026-08-12
QQQ,2026-08-13 13:30:00+00:00,725.1500244140625,733.9600219726562,724.030029296875,732.0700073242188,31599700,2026-08-13
QQQ,2026-08-14 13:30:00+00:00,733.4099731445312,734.3900146484375,728.3200073242188,731.0700073242188,23790600,2026-08-14
QQQ,2026-08-17 13:30:00+00:00,732.9500122070312,734.5800170898438,729.27001953125,729.8699951171875,26452600,2026-08-17
QQQ,2026-08-18 13:30:00+00:00,720.2100219726562,722.1300048828125,715.9199829101562,717.510009765625,48997200,2026-08-18
QQQ,2026-08-19 13:30:00+00:00,720.3900146484375,721.5,712.6099853515625,716.0800170898438,35801700,2026-08-19
QQQ,2026-08-20 13:30:00+00:00,712.0900268554688,714.9400024414062,708.52001953125,710.9299926757812,33396400,2026-08-20
QQQ,2026-08-21 13:30:00+00:00,715.22998046875,715.6699829101562,709.2000122070312,713.4400024414062,33399400,2026-08-21
QQQ,2026-08-24 13:30:00+00:00,709.6599731445312,709.7899780273438,702.7000122070312,706.3200073242188,37443100,2026-08-24
QQQ,2026-08-25 13:30:00+00:00,711.219970703125,714.0399780273438,707.4500122070312,710.719970703125,23869600,2026-08-25
QQQ,2026-08-26 13:30:00+00:00,708.4099731445312,713.02001953125,707.969970703125,711.3699951171875,20392400,2026-08-26
QQQ,2026-08-27 13:30:00+00:00,716.9299926757812,721.3499755859375,714.530029296875,721.1099853515625,28723500,2026-08-27
QQQ,2026-08-28 13:30:00+00:00,719.739990234375,724.1300048828125,715.0900268554688,716.4299926757812,34105400,2026-08-28
QQQ,2026-08-31 13:30:00+00:00,715.1699829101562,717.5800170898438,713.1599731445312,716.760009765625,32237200,2026-08-31
QQQ,2026-09-01 13:30:00+00:00,707.3900146484375,712.2999877929688,704.6599731445312,707.6400146484375,35236100,2026-09-01
QQQ,2026-09-02 13:30:00+00:00,707.0999755859375,709.7999877929688,705.0999755859375,709.239990234375,23476200,2026-09-02
QQQ,2026-09-03 13:30:00+00:00,710.8499755859375,718.9199829101562,709.6900024414062,717.6699829101562,29449800,2026-09-03
QQQ,2026-09-04 13:30:00+00:00,719.3499755859375,721.8599853515625,716.5599975585938,718.9600219726562,32871100,2026-09-04
QQQ,2026-09-08 13:30:00+00:00,720.9099731445312,721.8900146484375,715.5700073242188,718.3599853515625,28341400,2026-09-08
QQQ,2026-09-09 13:30:00+00:00,716.4000244140625,719.7000122070312,714.02001953125,716.3099975585938,26763400,2026-09-09
QQQ,2026-09-10 13:30:00+00:00,707.5499877929688,712.0599975585938,706.8599853515625,708.6900024414062,31414400,2026-09-10
QQQ,2026-09-11 13:30:00+00:00,715.6799926757812,717.6300048828125,713.6300048828125,714.8800048828125,26649100,2026-09-11
QQQ,2026-09-14 13:30:00+00:00,703.3300170898438,712.9500122070312,702.739990234375,709.1799926757812,35219000,2026-09-14
QQQ,2026-09-15 13:30:00+00:00,708.7999877929688,709.530029296875,703.6400146484375,704.5399780273438,26631700,2026-09-15
QQQ,2026-09-16 13:30:00+00:00,708.0,711.8800048828125,700.0,704.719970703125,35688000,2026-09-16
QQQ,2026-09-17 13:30:00+00:00,715.9500122070312,718.0399780273438,713.3200073242188,716.9199829101562,37270300,2026-09-17
QQQ,2026-09-18 13:30:00+00:00,718.8300170898438,721.72998046875,715.0800170898438,721.4500122070312,48478700,2026-09-18
QQQ,2026-09-21 13:30:00+00:00,727.8900146484375,743.219970703125,727.8099975585938,741.469970703125,46730600,2026-09-21
QQQ,2026-09-22 13:30:00+00:00,740.97998046875,748.3499755859375,740.9299926757812,747.4600219726562,40128800,2026-09-22
QQQ,2026-09-23 13:30:00+00:00,746.969970703125,747.1300048828125,738.1900024414062,741.2100219726562,33191800,2026-09-23
QQQ,2026-09-24 13:30:00+00:00,735.2899780273438,742.6599731445312,734.6199951171875,741.0999755859375,29000900,2026-09-24
QQQ,2026-09-25 13:30:00+00:00,742.8300170898438,745.9199829101562,739.6400146484375,744.5,30283800,2026-09-25
QQQ,2026-09-28 13:30:00+00:00,740.4600219726562,741.4199829101562,731.6300048828125,736.530029296875,41775000,2026-09-28
QQQ,2026-09-29 13:30:00+00:00,740.1500244140625,740.5800170898438,735.3400268554688,737.9299926757812,27052300,2026-09-29
QQQ,2026-09-30 13:30:00+00:00,740.1900024414062,745.0999755859375,739.4600219726562,739.77001953125,29820400,2026-09-30
QQQ,2026-10-01 13:30:00+00:00,742.510009765625,744.6699829101562,736.25,742.030029296875,35728900,2026-10-01
QQQ,2026-10-02 13:30:00+00:00,751.3099975585938,754.5399780273438,747.530029296875,749.5800170898438,34467100,2026-10-02
