ts_utc,ticker,token,issuer,chain,dex,quote,pair_address,price_usd,ref_price,ref_time_utc,market_state,premium_pct,liquidity_usd,volume_h24,txns_h24,trusted_quote,anomaly
2026-10-04T00:00:03Z,TSLA,TSLAx,xStocks (Backed),solana,raydium,USDC,8aDaBQkTrS6HVMjyc6EZebgdiaXhLYGriDWKWWp1NpFF,370.79,370.59,2026-10-02T20:00:00Z,CLOSED,0.054,2291979.95,280253.58,4344,1,0
2026-10-04T00:00:03Z,TSLA,TSLAx,xStocks (Backed),solana,orca,USDC,9p7abUFv31ycgu9kckvnoqMMvBy67dqTDM2m6HP9xokN,370.8,370.59,2026-10-02T20:00:00Z,CLOSED,0.0567,90425.59,56661.19,2103,1,0
2026-10-04T00:00:03Z,TSLA,TSLAx,xStocks (Backed),solana,raydium,SOL,CKmjDiqBCRqR8xk5FjnFiQXuCFsGchiLv9YwYVnE5RJ8,371.18,370.59,2026-10-02T20:00:00Z,CLOSED,0.1592,96234.03,36931.64,735,1,0
2026-10-04T00:00:03Z,TSLA,TSLAx,xStocks (Backed),solana,raydium,USDC,HHQUnUbmWLrYzkscDY1C3deEFbGtiGBGoHjpANogmvum,371.24,370.59,2026-10-02T20:00:00Z,CLOSED,0.1754,451800.41,9163.34,19,1,0
2026-10-04T00:00:03Z,TSLA,TSLAx,xStocks (Backed),solana,orca,SOL,26UY4D6pBHgxYdPWuBP3sfyc4jJf6qQjPDxCJPhtUx3H,385.083,370.59,2026-10-02T20:00:00Z,CLOSED,3.9108,8889.53,741.83,37,1,0
2026-10-04T00:00:03Z,TSLA,TSLAx,xStocks (Backed),solana,meteora,SOL,CHGfdEfKFYDWGPASCsZnpkDzvpLKNEVoAb4UEorPPkGK,371.81,370.59,2026-10-02T20:00:00Z,CLOSED,0.3292,6373.36,3215.38,111,1,0
2026-10-04T00:00:03Z,TSLA,TSLAx,xStocks (Backed),solana,meteora,NVDAx,8is7SBzMYLUTUtVU5H4QEPkgeQP7WaM7rQ6QPxXTa4PB,370.41,370.59,2026-10-02T20:00:00Z,CLOSED,-0.0486,6271.7,293.07,26,0,0
2026-10-04T00:00:03Z,TSLA,TSLAon,Ondo Global Markets,ethereum,uniswap,USDC,0x31227b50eCCDC9C589826AA2D9E7C5619B1895Da,368.63,370.59,2026-10-02T20:00:00Z,CLOSED,-0.5289,82287.34,35871.56,131,1,0
2026-10-04T00:00:03Z,TSLA,TSLAon,Ondo Global Markets,ethereum,0x00a38533c68327aBE0Cc265436e036066E2D6B38,USDC,0x49b7b66457297f9E0E763BBb151B6DB0c149E988,368.052,370.59,2026-10-02T20:00:00Z,CLOSED,-0.6849,35423.84,9.98,1,1,0
2026-10-04T00:00:03Z,TSLA,TSLAon,Ondo Global Markets,ethereum,0x00a38533c68327aBE0Cc265436e036066E2D6B38,USDC,0xfd62Ce2489f37B9357CD1Aa66a33351580B33231,369.68,370.59,2026-10-02T20:00:00Z,CLOSED,-0.2456,28050.65,228.68,2,1,0
2026-10-04T00:00:03Z,TSLA,TSLAon,Ondo Global Markets,ethereum,0x00a38533c68327aBE0Cc265436e036066E2D6B38,USDC,0xbcD5a4823C3B3faF81EECEfd3b37E1185419E9Ee,370.52,370.59,2026-10-02T20:00:00Z,CLOSED,-0.0189,26137.24,1902.33,7,1,0
2026-10-04T00:00:03Z,NVDA,NVDAx,xStocks (Backed),solana,orca,USDC,6R4r93V5fcMzc13CL2enEepDSYcr4Qx3ptZBDwudTXCo,235.34,233.95,2026-10-02T20:00:01Z,CLOSED,0.5941,597225.9,4578780.48,45895,1,0
2026-10-04T00:00:03Z,NVDA,NVDAx,xStocks (Backed),solana,raydium,SOL,38rXq2BuwdNcfnwydw6S2srpNK9N4gVzf39f69suPMsF,235.33,233.95,2026-10-02T20:00:01Z,CLOSED,0.5899,369538.1,524453.62,5406,1,0
2026-10-04T00:00:03Z,NVDA,NVDAx,xStocks (Backed),solana,meteora,SOL,FCn5zw4gAcfRpQgst5ThFuzBGXbbJ6RocVErgC4vJ9j1,235.9,233.95,2026-10-02T20:00:01Z,CLOSED,0.8335,283029.4,399781.31,3748,1,0
2026-10-04T00:00:03Z,NVDA,NVDAx,xStocks (Backed),solana,raydium,USDC,49iMatQtoyabsYAQc8GafVq6aeBFVDxSRH44oiatyyw6,235.49,233.95,2026-10-02T20:00:01Z,CLOSED,0.6583,3086683.68,522762.68,2554,1,0
2026-10-04T00:00:03Z,NVDA,NVDAx,xStocks (Backed),solana,orca,SOL,8Vy5Rjb9vg5nLb8L1r4Di8p9py5BTkp8UJSMHG8AD2zs,234.88,233.95,2026-10-02T20:00:01Z,CLOSED,0.3975,79769.86,150384.17,3004,1,0
2026-10-04T00:00:03Z,NVDA,NVDAx,xStocks (Backed),solana,raydium,USDC,4KqQN6u1pFKroFE2jVEhoepAMRKPcuAzWVDCgm9zRBYN,235.24,233.95,2026-10-02T20:00:01Z,CLOSED,0.5514,130167.11,1113.36,48,1,0
2026-10-04T00:00:03Z,NVDA,NVDAx,xStocks (Backed),solana,orca,CRCLx,HZck8d6gt9n4B2fam9JGLm2w2hYJKm98iAWw1176QgeB,235.41,233.95,2026-10-02T20:00:01Z,CLOSED,0.6241,26448.44,972.0,59,0,0
2026-10-04T00:00:03Z,NVDA,NVDAx,xStocks (Backed),solana,orca,SPCXx,FTw5jCaWibNK8GeeJXAy8dEWW57UxZquX82P7vZbSoBJ,230.68,233.95,2026-10-02T20:00:01Z,CLOSED,-1.3977,8281.34,38.3,2,0,0
2026-10-04T00:00:03Z,NVDA,NVDAx,xStocks (Backed),solana,meteora,NIGGA,5zFXe8DTPvcmnZMy5uWr8ahNSKcAa3vypiNhm9yUm6aD,2598.8,233.95,2026-10-02T20:00:01Z,CLOSED,1010.8356,21520.66,865.29,8,0,1
2026-10-04T00:00:03Z,NVDA,NVDAon,Ondo Global Markets,ethereum,uniswap,USDC,0xc9b4bC7C15423FCFe6B75aB5118bA773945A3A46,235.51,233.95,2026-10-02T20:00:01Z,CLOSED,0.6668,243151.5,137811.57,495,1,0
2026-10-04T00:00:03Z,NVDA,NVDAon,Ondo Global Markets,ethereum,uniswap,USDC,0xa9a6651fba74df1aab94065ffaabe750d6ed835b94a9e28925ec79beec2d5f73,236.0081,233.95,2026-10-02T20:00:01Z,CLOSED,0.8797,40157.45,12571.86,103,1,0
2026-10-04T00:00:03Z,NVDA,NVDAon,Ondo Global Markets,ethereum,uniswap,USDC,0xf5294094BCe435bFbd0eC488be5C462aAF32Bc7A,236.17,233.95,2026-10-02T20:00:01Z,CLOSED,0.9489,17441.2,2.67,1,1,0
2026-10-04T00:00:03Z,NVDA,NVDAon,Ondo Global Markets,ethereum,uniswap,ZIK,0xeA0F5b999C66214De7300c5910171A356fdfb3d0,234.38,233.95,2026-10-02T20:00:01Z,CLOSED,0.1838,7699.38,4.09,1,0,0
2026-10-04T00:00:03Z,NVDA,NVDAon,Ondo Global Markets,bsc,pancakeswap,USDT,0xB90BDBFBdfFd4Af5a636b5805539eDeafb969308,235.92,233.95,2026-10-02T20:00:01Z,CLOSED,0.8421,9742.72,511.65,53,1,0
2026-10-04T00:00:03Z,AAPL,AAPLx,xStocks (Backed),solana,raydium,USDC,CKwJZwm7oj3nu4653N1EpDrqXbXAYXoPFiPeEnLouF8y,334.33,333.69,2026-10-02T20:00:01Z,CLOSED,0.1918,305974.2,68364.74,1090,1,0
2026-10-04T00:00:03Z,AAPL,AAPLx,xStocks (Backed),solana,orca,SOL,5VgwxAPD37EHPqtW6v6gWq2bznPDqvpaGDuJoyGm6aJG,332.69,333.69,2026-10-02T20:00:01Z,CLOSED,-0.2997,27993.44,916.39,51,1,0
2026-10-04T00:00:03Z,AAPL,AAPLx,xStocks (Backed),solana,orca,SOL,HQijmgUPWBCYyvjBCymBVS9MZbJPmdJuvQXSfFtTZRz5,333.3,333.69,2026-10-02T20:00:01Z,CLOSED,-0.1169,13462.86,4472.14,181,1,0
2026-10-04T00:00:03Z,AAPL,AAPLx,xStocks (Backed),solana,raydium,SOL,EUnoAwXybSenwkvQ3Qp4aWQxmw2AZrVCbAn6Sztjhbjo,333.89,333.69,2026-10-02T20:00:01Z,CLOSED,0.0599,13317.45,2581.75,60,1,0
2026-10-04T00:00:03Z,AAPL,AAPLx,xStocks (Backed),solana,raydium,USDC,ApniVWuZbZoruTAJdyJcLBA4AVw4DKGdV5fHxo6qrAZT,333.92,333.69,2026-10-02T20:00:01Z,CLOSED,0.0689,253555.1,57603.73,1073,1,0
2026-10-04T00:00:03Z,AAPL,AAPLx,xStocks (Backed),solana,orca,USDC,CNsYTuhHBkLQmoWtdoQxqkNxtyhXYvWvQJqzmG2evNEa,333.57,333.69,2026-10-02T20:00:01Z,CLOSED,-0.036,21378.42,4537.92,152,1,0
2026-10-04T00:00:03Z,AAPL,AAPLon,Ondo Global Markets,ethereum,uniswap,USDC,0xad82C9EB065a5CFed71DB087e4a52C8a09c69921,333.26,333.69,2026-10-02T20:00:01Z,CLOSED,-0.1289,43728.52,8466.42,48,1,0
2026-10-04T00:00:03Z,AAPL,AAPLon,Ondo Global Markets,ethereum,0x00a38533c68327aBE0Cc265436e036066E2D6B38,USDC,0x0d3A432237328D279EcD4A3ED5F462C2A84d8017,334.41,333.69,2026-10-02T20:00:01Z,CLOSED,0.2158,15427.09,906.63,18,1,0
2026-10-04T00:00:03Z,AAPL,AAPLon,Ondo Global Markets,bsc,pancakeswap,ASX,0x061306dF92c6a0538154A40F060573Be638B1066,326.15,333.69,2026-10-02T20:00:01Z,CLOSED,-2.2596,8099.26,23.49,3,0,0
2026-10-04T00:00:03Z,MSFT,MSFTon,Ondo Global Markets,ethereum,uniswap,USDC,0xb97c30485cfdb895a811331e2a3aab1233a5bf8ff27b6be149edbdc7e9a37333,519.36,517.53,2026-10-02T20:00:01Z,CLOSED,0.3536,8513.18,963.75,6,1,0
2026-10-04T00:00:03Z,AMZN,AMZNx,xStocks (Backed),solana,raydium,USDC,6m5aXAve4uh6Kt4ytKyCLWNMjd8PYP5vujwNCtycrUiD,251.74,251.52,2026-10-02T20:00:01Z,CLOSED,0.0875,405248.57,29389.88,592,1,0
2026-10-04T00:00:03Z,AMZN,AMZNx,xStocks (Backed),solana,raydium,SOL,HWZk6MfN28mYqDN1igNETjN2kueEryL33oVgt92Wkv6N,251.61,251.52,2026-10-02T20:00:01Z,CLOSED,0.0358,26812.04,7064.38,243,1,0
2026-10-04T00:00:03Z,AMZN,AMZNx,xStocks (Backed),solana,meteora,SOL,DXAbc6Q3BzfnWbJKVdVyEdLfvMprMNtxb8iz36W2ttZj,251.36,251.52,2026-10-02T20:00:01Z,CLOSED,-0.0636,6621.62,551.99,102,1,0
2026-10-04T00:00:03Z,AMZN,AMZNon,Ondo Global Markets,bsc,pancakeswap,WBNB,0x8617Ba6DEEE616694601ADc41Ab7ffE0e610907E,252.00057,251.52,2026-10-02T20:00:01Z,CLOSED,0.1911,6576.19,40.73,5,1,0
2026-10-04T00:00:03Z,GOOGL,GOOGLx,xStocks (Backed),solana,raydium,USDC,B8YAwjGYk6qidWzGBXMAxP7nYfG8g74EZ3Y4gFSsobRw,344.75,343.5,2026-10-02T20:00:01Z,CLOSED,0.3639,785316.18,54341.37,660,1,0
2026-10-04T00:00:03Z,GOOGL,GOOGLx,xStocks (Backed),solana,meteora,SOL,CmcVVxuMMCdsevwThLwU4PdESB5NxiZJU4mGrxB6QDE4,343.88,343.5,2026-10-02T20:00:01Z,CLOSED,0.1106,70355.8,20310.4,293,1,0
2026-10-04T00:00:03Z,GOOGL,GOOGLx,xStocks (Backed),solana,orca,USDC,Bd8GgEYaHi3zkyjr5ojQKXA82wYqGpB3suV9PQJ8kJ1b,344.28,343.5,2026-10-02T20:00:01Z,CLOSED,0.2271,63173.37,26857.05,480,1,0
2026-10-04T00:00:03Z,GOOGL,GOOGLx,xStocks (Backed),solana,raydium,SOL,3P1PwneDrKfyUVQstaqAQDBWnK2Mcqi1xZ9nteMhDbSB,346.26,343.5,2026-10-02T20:00:01Z,CLOSED,0.8035,66842.66,2049.06,74,1,0
2026-10-04T00:00:03Z,GOOGL,GOOGLx,xStocks (Backed),solana,orca,SOL,Bh3njVo6i3UjgmaevEQMGoidphcueNjoPqGkYLbthzV5,344.71,343.5,2026-10-02T20:00:01Z,CLOSED,0.3523,11833.82,6542.22,488,1,0
2026-10-04T00:00:03Z,GOOGL,GOOGLx,xStocks (Backed),solana,raydium,USDC,Cc2K1QfaVh6XnBgAtzhQK8arWqXYQGhkMNkGaDiHN98Y,344.27,343.5,2026-10-02T20:00:01Z,CLOSED,0.2242,5955.05,439.05,124,1,0
2026-10-04T00:00:03Z,GOOGL,GOOGLx,xStocks (Backed),solana,raydium,USDC,9sw1NZjXFsy5GKkqMpQWV7wopGgMcdkanDqg3f15zQZv,344.97,343.5,2026-10-02T20:00:01Z,CLOSED,0.4279,36470.61,8971.92,303,1,0
2026-10-04T00:00:03Z,GOOGL,GOOGLon,Ondo Global Markets,ethereum,uniswap,USDC,0x39FCB1935f6Ccb0A106D05eB928205C59646af57,343.3,343.5,2026-10-02T20:00:01Z,CLOSED,-0.0582,23064.19,67.71,2,1,0
2026-10-04T00:00:03Z,META,METAx,xStocks (Backed),solana,raydium,USDC,3L7KbPVaAQA4UTecaGQYsm6UCq5F3sZM9zAYkxqYt63j,730.67,728.08,2026-10-02T20:00:01Z,CLOSED,0.3557,875519.53,110806.44,1218,1,0
2026-10-04T00:00:03Z,META,METAx,xStocks (Backed),solana,orca,USDC,59qH56HhMXrXiCMWH46NZ5M3SWhyzVzZnvMP2R27aR7Z,732.48,728.08,2026-10-02T20:00:01Z,CLOSED,0.6043,106687.84,3046.97,84,1,0
2026-10-04T00:00:03Z,META,METAx,xStocks (Backed),solana,meteora,USDC,D8pGWVN3vWeyexBtMZjyyPbcLhM1oeTEMibE9h3nNRYL,730.82,728.08,2026-10-02T20:00:01Z,CLOSED,0.3763,16687.78,23687.19,1027,1,0
2026-10-04T00:00:03Z,META,METAx,xStocks (Backed),solana,raydium,SOL,BE9uiVCxUovYpgA6ard68QRRzo3sCneAkhUtSgy8AjVW,731.42,728.08,2026-10-02T20:00:01Z,CLOSED,0.4587,63058.99,34979.91,766,1,0
2026-10-04T00:00:03Z,META,METAx,xStocks (Backed),solana,raydium,USDC,DpzGDvRfwDk4xfydfjRoSeE9fm1mQnTd3zQaSKhw1oE6,731.3,728.08,2026-10-02T20:00:01Z,CLOSED,0.4423,102961.24,42614.01,310,1,0
2026-10-04T00:00:03Z,META,METAx,xStocks (Backed),solana,meteora,SOL,DUKmnaXkB6AoYBUkeeb25Arfq4oeK4XPf4gkYe7evwkh,729.48,728.08,2026-10-02T20:00:01Z,CLOSED,0.1923,23894.97,5046.12,127,1,0
2026-10-04T00:00:03Z,MSTR,MSTRx,xStocks (Backed),solana,raydium,SOL,2ngTuP7xA581dqX9uJkGRqxmKuehY3k4SDfPebeoRG2J,163.44,160.01,2026-10-02T20:00:01Z,CLOSED,2.1436,872957.76,100502.76,568,1,0
2026-10-04T00:00:03Z,MSTR,MSTRx,xStocks (Backed),solana,raydium,USDC,RyhF4cksVZY7vcqJpoytHcxcGNKRp27PEGhSnEPpbGv,163.53,160.01,2026-10-02T20:00:01Z,CLOSED,2.1999,727737.82,86983.93,245,1,0
2026-10-04T00:00:03Z,MSTR,MSTRx,xStocks (Backed),solana,orca,USDC,CHSijZ92W1A5z93WzGjvBygtxN2LWgAt58uejMDmFVpY,163.33,160.01,2026-10-02T20:00:01Z,CLOSED,2.0749,40048.92,280.82,36,1,0
2026-10-04T00:00:03Z,MSTR,MSTRx,xStocks (Backed),solana,orca,SOL,HzyHKnwmRnnu3yZKzvqfhm2VeWo8V4qWtyNVGVLXrcjC,163.45,160.01,2026-10-02T20:00:01Z,CLOSED,2.1499,33192.26,108.13,6,1,0
2026-10-04T00:00:03Z,MSTR,MSTRx,xStocks (Backed),solana,raydium,CRCLx,Beq8qZeJ4UkdWW7yhnssLzgcGYj9syivePzrtFyc1AYF,162.69,160.01,2026-10-02T20:00:01Z,CLOSED,1.6749,23739.49,662.61,37,0,0
2026-10-04T00:00:03Z,MSTR,MSTRx,xStocks (Backed),solana,raydium,cbBTC,CJJV5dsFXcSoKvjmurS1nfBioH3KcTkP1s23SgQz1Jrs,163.18,160.01,2026-10-02T20:00:01Z,CLOSED,1.9811,16529.38,3688.24,56,0,0
2026-10-04T00:00:03Z,MSTR,MSTRx,xStocks (Backed),solana,orca,USDC,BCvzjDbADhnT3K35kc5TSeMAafNgu9KZVywUq9zWH2mA,163.31,160.01,2026-10-02T20:00:01Z,CLOSED,2.0624,5902.65,900.77,346,1,0
2026-10-04T00:00:03Z,MSTR,MSTRx,xStocks (Backed),solana,meteora,CRCLx,ExwtCL871L2QhHw7EikDPBHfoEHzadxcepdw1Fs3ofoR,162.91,160.01,2026-10-02T20:00:01Z,CLOSED,1.8124,7741.58,10.72,22,0,0
2026-10-04T00:00:03Z,MSTR,MSTRx,xStocks (Backed),solana,meteora,SOL,8yvEgE72BvZs86ZRr9j6ZHgn1zgVpBz2gTmwq7tMcgyH,163.61,160.01,2026-10-02T20:00:01Z,CLOSED,2.2499,6912.09,322.85,43,1,0
2026-10-04T00:00:03Z,COIN,COINx,xStocks (Backed),solana,raydium,USDC,w7SGmPeXoMCsjvXqgsAmUn56uypyDsjAtsxeVkaiqxa,183.38,183.0,2026-10-02T20:00:01Z,CLOSED,0.2077,1449729.04,21169.78,104,1,0
2026-10-04T00:00:03Z,COIN,COINx,xStocks (Backed),solana,raydium,SOL,9NJ7rtJzEnfwvoM6HyB2v6YHcsfS6ZY9DFGprphVX6W,184.24,183.0,2026-10-02T20:00:01Z,CLOSED,0.6776,119187.78,843.32,26,1,0
2026-10-04T00:00:03Z,COIN,COINx,xStocks (Backed),solana,orca,USDC,7ouGUDRMy4C9RJpTgPizRyfcxyJusAEe9ZbjqYv7BSqe,184.29,183.0,2026-10-02T20:00:01Z,CLOSED,0.7049,36908.89,45495.34,314,1,0
2026-10-04T00:00:03Z,COIN,COINx,xStocks (Backed),solana,orca,SOL,A4D97SV1dfCffDo58FEJtZoYycqVTaGVZiDdLiZffDNK,183.72,183.0,2026-10-02T20:00:01Z,CLOSED,0.3934,26419.28,6319.25,259,1,0
2026-10-04T00:00:03Z,HOOD,HOODx,xStocks (Backed),solana,raydium,USDC,DXWbip5LducMAbDSSpLYz9Xik3253EPeAYQufQtx7LXs,113.48,112.74,2026-10-02T20:00:00Z,CLOSED,0.6564,1455527.89,8291.85,25,1,0
2026-10-04T00:00:03Z,HOOD,HOODx,xStocks (Backed),solana,orca,USDC,48dhPm83sXfnRMxKRfv2YuE45DPqrhwPMvGrnTLufvFf,112.95,112.74,2026-10-02T20:00:00Z,CLOSED,0.1863,77833.61,157467.85,1381,1,0
2026-10-04T00:00:03Z,HOOD,HOODx,xStocks (Backed),solana,raydium,SOL,DznDQ6YVmgtZAvwZ4ui6k9MNun9uaozyVFFsiAeAs9f,113.63,112.74,2026-10-02T20:00:00Z,CLOSED,0.7894,65854.73,5009.06,50,1,0
2026-10-04T00:00:03Z,HOOD,HOODx,xStocks (Backed),solana,meteora,SOL,DQ8fjmP2haYxyyJRU99aCaHznK1GSihYyBRZxfP9sfbU,113.14,112.74,2026-10-02T20:00:00Z,CLOSED,0.3548,11087.21,9991.1,414,1,0
2026-10-04T00:00:03Z,CRCL,CRCLon,Ondo Global Markets,bsc,pancakeswap,比特币,0xc1d141d6A9F8e8eb7B9Ce1AEcD4A8932F047c075,82.67,81.25,2026-10-02T20:00:03Z,CLOSED,1.7477,7087.52,48.23,9,0,0
2026-10-04T00:00:03Z,SPY,SPYx,xStocks (Backed),solana,raydium,USDC,4pCZCVEiYyT4efNdXUdL2tJF8VGMgiMXrZWq6FiNXhRw,775.096,769.64,2026-10-02T20:00:00Z,CLOSED,0.7089,524119.5,3194153.53,14236,1,0
2026-10-04T00:00:03Z,SPY,SPYx,xStocks (Backed),solana,raydium,SOL,BS9uyGV6XmNnPkM4f3xgxCdQEaFv7RSKs6fwrpvYHxfL,774.6,769.64,2026-10-02T20:00:00Z,CLOSED,0.6445,761693.03,336041.05,3613,1,0
2026-10-04T00:00:03Z,SPY,SPYx,xStocks (Backed),solana,orca,USDC,Fae5dWVntUt6zbWu2voXxioDpMii7SqQwtsxBmoVCsHR,775.076,769.64,2026-10-02T20:00:00Z,CLOSED,0.7063,339050.98,143785.77,1152,1,0
2026-10-04T00:00:03Z,SPY,SPYx,xStocks (Backed),solana,raydium,USDC,6truu3rZuiB9rKQg4VYC3Dt3QwV7DgwGqXrYUcrvnDDE,774.6,769.64,2026-10-02T20:00:00Z,CLOSED,0.6445,3003749.43,304407.48,635,1,0
2026-10-04T00:00:03Z,SPY,SPYx,xStocks (Backed),solana,raydium,USDC,7sHMnvE7WqP7vQFWJGEnMT4vZg6Za9K7PpddDoXJCqME,773.88,769.64,2026-10-02T20:00:00Z,CLOSED,0.5509,76226.09,4.71,2,1,0
2026-10-04T00:00:03Z,SPY,SPYx,xStocks (Backed),solana,orca,SOL,2dN3fK8xTgYrwoCyt7EydAqVvPvCodYuwGqR2d8sKGFU,768.01,769.64,2026-10-02T20:00:00Z,CLOSED,-0.2118,50954.52,2196.07,46,1,0
2026-10-04T00:00:03Z,SPY,SPYx,xStocks (Backed),solana,orca,USDC,gef4pD5g6GJSjX7hfXKUfhCVpE89BzX9TXnXJNW6kSt,774.99,769.64,2026-10-02T20:00:00Z,CLOSED,0.6951,15902.25,13113.42,2724,1,0
2026-10-04T00:00:03Z,SPY,SPYx,xStocks (Backed),solana,meteora,SOL,5JWX8pQhJNpFMjPwKhFSSVWRpss4wSyoqgRGnBNJfyuX,776.04,769.64,2026-10-02T20:00:00Z,CLOSED,0.8316,38895.99,30039.23,1272,1,0
2026-10-04T00:00:03Z,SPY,SPYx,xStocks (Backed),solana,orca,SOL,DAcfUT7Xnfm91xv4YZojgpYirLC3JfDG6PbtNqtaAkTn,771.59,769.64,2026-10-02T20:00:00Z,CLOSED,0.2534,20223.17,2122.86,344,1,0
2026-10-04T00:00:03Z,QQQ,QQQx,xStocks (Backed),solana,raydium,USDC,GMjGLWzvK75LPetrgAmdeXnvxc4fUuQPwJxeQqTDU1aG,752.65,749.58,2026-10-02T20:00:00Z,CLOSED,0.4096,2241749.63,107978.81,977,1,0
2026-10-04T00:00:03Z,QQQ,QQQx,xStocks (Backed),solana,raydium,SOL,B6FEtQdwsq8Wuw4G52pW9WEWEA7ALGfyUgXDRKigDSHH,752.47,749.58,2026-10-02T20:00:00Z,CLOSED,0.3855,128327.29,14712.06,229,1,0
2026-10-04T00:00:03Z,QQQ,QQQx,xStocks (Backed),solana,raydium,USDC,FknDV1F5n6QaA7rLmjquDjuU6wcPMNm5RYq7zWbqhpZw,751.56,749.58,2026-10-02T20:00:00Z,CLOSED,0.2641,48840.64,126.89,13,1,0
2026-10-04T00:00:03Z,QQQ,QQQx,xStocks (Backed),solana,raydium,SPYx,FN27PwZpDnSBNZR5vzx6B7waxowV84ZNFQrzgr6XeYbf,752.38,749.58,2026-10-02T20:00:00Z,CLOSED,0.3735,30818.46,59.43,1,0,0
2026-10-04T00:00:03Z,QQQ,QQQx,xStocks (Backed),solana,orca,SPYx,7mYFrN2TQtYc2HMZEXuVfWkPu9n5EFfX9Ha59X3n6PWE,752.57,749.58,2026-10-02T20:00:00Z,CLOSED,0.3989,11767.06,3862.4,569,0,0
2026-10-04T00:00:03Z,QQQ,QQQx,xStocks (Backed),solana,orca,USDC,3GVB4bXtcrP3MM376mrcJDwfTNThvyorLmVgSTf6kxFt,750.73,749.58,2026-10-02T20:00:00Z,CLOSED,0.1534,14046.6,88.92,4,1,0
2026-10-04T00:10:03Z,TSLA,TSLAx,xStocks (Backed),solana,raydium,USDC,8aDaBQkTrS6HVMjyc6EZebgdiaXhLYGriDWKWWp1NpFF,370.78,370.59,2026-10-02T20:00:00Z,CLOSED,0.0513,2291953.51,276912.13,4307,1,0
2026-10-04T00:10:03Z,TSLA,TSLAx,xStocks (Backed),solana,orca,USDC,9p7abUFv31ycgu9kckvnoqMMvBy67dqTDM2m6HP9xokN,370.91,370.59,2026-10-02T20:00:00Z,CLOSED,0.0863,90448.05,56734.65,2104,1,0
2026-10-04T00:10:03Z,TSLA,TSLAx,xStocks (Backed),solana,raydium,SOL,CKmjDiqBCRqR8xk5FjnFiQXuCFsGchiLv9YwYVnE5RJ8,371.18,370.59,2026-10-02T20:00:00Z,CLOSED,0.1592,96234.03,36924.28,732,1,0
2026-10-04T00:10:03Z,TSLA,TSLAx,xStocks (Backed),solana,raydium,USDC,HHQUnUbmWLrYzkscDY1C3deEFbGtiGBGoHjpANogmvum,371.24,370.59,2026-10-02T20:00:00Z,CLOSED,0.1754,451800.41,9163.34,19,1,0
2026-10-04T00:10:03Z,TSLA,TSLAx,xStocks (Backed),solana,orca,SOL,26UY4D6pBHgxYdPWuBP3sfyc4jJf6qQjPDxCJPhtUx3H,385.083,370.59,2026-10-02T20:00:00Z,CLOSED,3.9108,8889.53,608.48,35,1,0
2026-10-04T00:10:03Z,TSLA,TSLAx,xStocks (Backed),solana,meteora,SOL,CHGfdEfKFYDWGPASCsZnpkDzvpLKNEVoAb4UEorPPkGK,370.32,370.59,2026-10-02T20:00:00Z,CLOSED,-0.0729,6355.61,3216.53,113,1,0
2026-10-04T00:10:03Z,TSLA,TSLAx,xStocks (Backed),solana,meteora,NVDAx,8is7SBzMYLUTUtVU5H4QEPkgeQP7WaM7rQ6QPxXTa4PB,370.41,370.59,2026-10-02T20:00:00Z,CLOSED,-0.0486,6271.7,293.07,26,0,0
2026-10-04T00:10:03Z,TSLA,TSLAon,Ondo Global Markets,ethereum,uniswap,USDC,0x31227b50eCCDC9C589826AA2D9E7C5619B1895Da,368.63,370.59,2026-10-02T20:00:00Z,CLOSED,-0.5289,82287.34,33996.74,127,1,0
2026-10-04T00:10:03Z,TSLA,TSLAon,Ondo Global Markets,ethereum,0x00a38533c68327aBE0Cc265436e036066E2D6B38,USDC,0x49b7b66457297f9E0E763BBb151B6DB0c149E988,368.052,370.59,2026-10-02T20:00:00Z,CLOSED,-0.6849,35423.84,9.98,1,1,0
2026-10-04T00:10:03Z,TSLA,TSLAon,Ondo Global Markets,ethereum,0x00a38533c68327aBE0Cc265436e036066E2D6B38,USDC,0xfd62Ce2489f37B9357CD1Aa66a33351580B33231,369.68,370.59,2026-10-02T20:00:00Z,CLOSED,-0.2456,28050.65,228.68,2,1,0
2026-10-04T00:10:03Z,TSLA,TSLAon,Ondo Global Markets,ethereum,0x00a38533c68327aBE0Cc265436e036066E2D6B38,USDC,0xbcD5a4823C3B3faF81EECEfd3b37E1185419E9Ee,370.52,370.59,2026-10-02T20:00:00Z,CLOSED,-0.0189,26137.24,1902.33,7,1,0
2026-10-04T00:10:03Z,NVDA,NVDAx,xStocks (Backed),solana,orca,USDC,6R4r93V5fcMzc13CL2enEepDSYcr4Qx3ptZBDwudTXCo,235.34,233.95,2026-10-02T20:00:01Z,CLOSED,0.5941,634530.09,4550313.07,45709,1,0
2026-10-04T00:10:03Z,NVDA,NVDAx,xStocks (Backed),solana,raydium,SOL,38rXq2BuwdNcfnwydw6S2srpNK9N4gVzf39f69suPMsF,235.31,233.95,2026-10-02T20:00:01Z,CLOSED,0.5813,369493.72,518056.43,5386,1,0
2026-10-04T00:10:03Z,NVDA,NVDAx,xStocks (Backed),solana,meteora,SOL,FCn5zw4gAcfRpQgst5ThFuzBGXbbJ6RocVErgC4vJ9j1,234.92,233.95,2026-10-02T20:00:01Z,CLOSED,0.4146,282455.04,399769.67,3762,1,0
2026-10-04T00:10:03Z,NVDA,NVDAx,xStocks (Backed),solana,raydium,USDC,49iMatQtoyabsYAQc8GafVq6aeBFVDxSRH44oiatyyw6,235.49,233.95,2026-10-02T20:00:01Z,CLOSED,0.6583,3086683.48,495210.16,2518,1,0
2026-10-04T00:10:03Z,NVDA,NVDAx,xStocks (Backed),solana,orca,SOL,8Vy5Rjb9vg5nLb8L1r4Di8p9py5BTkp8UJSMHG8AD2zs,234.93,233.95,2026-10-02T20:00:01Z,CLOSED,0.4189,79765.68,148580.21,2990,1,0
2026-10-04T00:10:03Z,NVDA,NVDAx,xStocks (Backed),solana,raydium,USDC,4KqQN6u1pFKroFE2jVEhoepAMRKPcuAzWVDCgm9zRBYN,235.24,233.95,2026-10-02T20:00:01Z,CLOSED,0.5514,130167.11,1113.36,48,1,0
2026-10-04T00:10:03Z,NVDA,NVDAx,xStocks (Backed),solana,orca,CRCLx,HZck8d6gt9n4B2fam9JGLm2w2hYJKm98iAWw1176QgeB,235.32,233.95,2026-10-02T20:00:01Z,CLOSED,0.5856,26445.98,1003.92,61,0,0
2026-10-04T00:10:03Z,NVDA,NVDAx,xStocks (Backed),solana,orca,SPCXx,FTw5jCaWibNK8GeeJXAy8dEWW57UxZquX82P7vZbSoBJ,230.68,233.95,2026-10-02T20:00:01Z,CLOSED,-1.3977,8281.34,38.3,2,0,0
2026-10-04T00:10:03Z,NVDA,NVDAx,xStocks (Backed),solana,meteora,NIGGA,5zFXe8DTPvcmnZMy5uWr8ahNSKcAa3vypiNhm9yUm6aD,2598.8,233.95,2026-10-02T20:00:01Z,CLOSED,1010.8356,21520.66,865.29,8,0,1
2026-10-04T00:10:03Z,NVDA,NVDAon,Ondo Global Markets,ethereum,uniswap,USDC,0xc9b4bC7C15423FCFe6B75aB5118bA773945A3A46,235.55,233.95,2026-10-02T20:00:01Z,CLOSED,0.6839,243162.33,138315.18,494,1,0
2026-10-04T00:10:03Z,NVDA,NVDAon,Ondo Global Markets,ethereum,uniswap,USDC,0xa9a6651fba74df1aab94065ffaabe750d6ed835b94a9e28925ec79beec2d5f73,236.0079,233.95,2026-10-02T20:00:01Z,CLOSED,0.8796,40157.45,12572.15,104,1,0
2026-10-04T00:10:03Z,NVDA,NVDAon,Ondo Global Markets,ethereum,uniswap,USDC,0xf5294094BCe435bFbd0eC488be5C462aAF32Bc7A,236.17,233.95,2026-10-02T20:00:01Z,CLOSED,0.9489,17441.2,2.67,1,1,0
2026-10-04T00:10:03Z,NVDA,NVDAon,Ondo Global Markets,ethereum,uniswap,ZIK,0xeA0F5b999C66214De7300c5910171A356fdfb3d0,234.38,233.95,2026-10-02T20:00:01Z,CLOSED,0.1838,7699.38,4.09,1,0,0
2026-10-04T00:10:03Z,NVDA,NVDAon,Ondo Global Markets,bsc,pancakeswap,USDT,0xB90BDBFBdfFd4Af5a636b5805539eDeafb969308,235.8,233.95,2026-10-02T20:00:01Z,CLOSED,0.7908,9742.23,521.4,56,1,0
2026-10-04T00:10:03Z,AAPL,AAPLx,xStocks (Backed),solana,raydium,USDC,CKwJZwm7oj3nu4653N1EpDrqXbXAYXoPFiPeEnLouF8y,334.37,333.69,2026-10-02T20:00:01Z,CLOSED,0.2038,305984.37,69990.31,1107,1,0
2026-10-04T00:10:03Z,AAPL,AAPLx,xStocks (Backed),solana,orca,SOL,5VgwxAPD37EHPqtW6v6gWq2bznPDqvpaGDuJoyGm6aJG,332.69,333.69,2026-10-02T20:00:01Z,CLOSED,-0.2997,27993.44,916.39,51,1,0
2026-10-04T00:10:03Z,AAPL,AAPLx,xStocks (Backed),solana,orca,SOL,HQijmgUPWBCYyvjBCymBVS9MZbJPmdJuvQXSfFtTZRz5,333.092,333.69,2026-10-02T20:00:01Z,CLOSED,-0.1792,13455.16,4509.94,182,1,0
2026-10-04T00:10:03Z,AAPL,AAPLx,xStocks (Backed),solana,raydium,SOL,EUnoAwXybSenwkvQ3Qp4aWQxmw2AZrVCbAn6Sztjhbjo,333.89,333.69,2026-10-02T20:00:01Z,CLOSED,0.0599,13317.45,2580.82,59,1,0
2026-10-04T00:10:03Z,AAPL,AAPLx,xStocks (Backed),solana,raydium,USDC,ApniVWuZbZoruTAJdyJcLBA4AVw4DKGdV5fHxo6qrAZT,333.92,333.69,2026-10-02T20:00:01Z,CLOSED,0.0689,253558.53,58233.68,1085,1,0
2026-10-04T00:10:03Z,AAPL,AAPLx,xStocks (Backed),solana,orca,USDC,CNsYTuhHBkLQmoWtdoQxqkNxtyhXYvWvQJqzmG2evNEa,333.39,333.69,2026-10-02T20:00:01Z,CLOSED,-0.0899,21372.17,4537.92,153,1,0
2026-10-04T00:10:03Z,AAPL,AAPLon,Ondo Global Markets,ethereum,uniswap,USDC,0xad82C9EB065a5CFed71DB087e4a52C8a09c69921,333.26,333.69,2026-10-02T20:00:01Z,CLOSED,-0.1289,43728.52,8465.45,47,1,0
2026-10-04T00:10:03Z,AAPL,AAPLon,Ondo Global Markets,ethereum,0x00a38533c68327aBE0Cc265436e036066E2D6B38,USDC,0x0d3A432237328D279EcD4A3ED5F462C2A84d8017,334.41,333.69,2026-10-02T20:00:01Z,CLOSED,0.2158,15427.09,906.63,18,1,0
2026-10-04T00:10:03Z,AAPL,AAPLon,Ondo Global Markets,bsc,pancakeswap,ASX,0x061306dF92c6a0538154A40F060573Be638B1066,326.15,333.69,2026-10-02T20:00:01Z,CLOSED,-2.2596,8099.26,23.49,3,0,0
2026-10-04T00:10:03Z,MSFT,MSFTon,Ondo Global Markets,ethereum,uniswap,USDC,0xb97c30485cfdb895a811331e2a3aab1233a5bf8ff27b6be149edbdc7e9a37333,519.36,517.53,2026-10-02T20:00:01Z,CLOSED,0.3536,8513.18,963.75,6,1,0
2026-10-04T00:10:03Z,AMZN,AMZNx,xStocks (Backed),solana,raydium,USDC,6m5aXAve4uh6Kt4ytKyCLWNMjd8PYP5vujwNCtycrUiD,251.74,251.52,2026-10-02T20:00:01Z,CLOSED,0.0875,405248.57,29389.88,592,1,0
2026-10-04T00:10:03Z,AMZN,AMZNx,xStocks (Backed),solana,raydium,SOL,HWZk6MfN28mYqDN1igNETjN2kueEryL33oVgt92Wkv6N,251.53,251.52,2026-10-02T20:00:01Z,CLOSED,0.004,26803.35,7066.38,244,1,0
2026-10-04T00:10:03Z,AMZN,AMZNx,xStocks (Backed),solana,meteora,SOL,DXAbc6Q3BzfnWbJKVdVyEdLfvMprMNtxb8iz36W2ttZj,251.43,251.52,2026-10-02T20:00:01Z,CLOSED,-0.0358,6609.02,553.59,104,1,0
2026-10-04T00:10:03Z,AMZN,AMZNon,Ondo Global Markets,bsc,pancakeswap,WBNB,0x8617Ba6DEEE616694601ADc41Ab7ffE0e610907E,252.00057,251.52,2026-10-02T20:00:01Z,CLOSED,0.1911,6576.19,40.73,5,1,0
2026-10-04T00:10:03Z,GOOGL,GOOGLx,xStocks (Backed),solana,raydium,USDC,B8YAwjGYk6qidWzGBXMAxP7nYfG8g74EZ3Y4gFSsobRw,344.75,343.5,2026-10-02T20:00:01Z,CLOSED,0.3639,785316.18,54323.7,658,1,0
2026-10-04T00:10:03Z,GOOGL,GOOGLx,xStocks (Backed),solana,meteora,SOL,CmcVVxuMMCdsevwThLwU4PdESB5NxiZJU4mGrxB6QDE4,343.88,343.5,2026-10-02T20:00:01Z,CLOSED,0.1106,70355.8,20281.67,282,1,0
2026-10-04T00:10:03Z,GOOGL,GOOGLx,xStocks (Backed),solana,orca,USDC,Bd8GgEYaHi3zkyjr5ojQKXA82wYqGpB3suV9PQJ8kJ1b,344.28,343.5,2026-10-02T20:00:01Z,CLOSED,0.2271,63173.37,26829.96,479,1,0
2026-10-04T00:10:03Z,GOOGL,GOOGLx,xStocks (Backed),solana,raydium,SOL,3P1PwneDrKfyUVQstaqAQDBWnK2Mcqi1xZ9nteMhDbSB,346.26,343.5,2026-10-02T20:00:01Z,CLOSED,0.8035,66842.66,2049.06,74,1,0
2026-10-04T00:10:03Z,GOOGL,GOOGLx,xStocks (Backed),solana,orca,SOL,Bh3njVo6i3UjgmaevEQMGoidphcueNjoPqGkYLbthzV5,344.056,343.5,2026-10-02T20:00:01Z,CLOSED,0.1619,11824.16,6638.59,492,1,0
2026-10-04T00:10:03Z,GOOGL,GOOGLx,xStocks (Backed),solana,raydium,USDC,Cc2K1QfaVh6XnBgAtzhQK8arWqXYQGhkMNkGaDiHN98Y,344.34,343.5,2026-10-02T20:00:01Z,CLOSED,0.2445,5955.87,450.36,121,1,0
2026-10-04T00:10:03Z,GOOGL,GOOGLx,xStocks (Backed),solana,raydium,USDC,9sw1NZjXFsy5GKkqMpQWV7wopGgMcdkanDqg3f15zQZv,344.95,343.5,2026-10-02T20:00:01Z,CLOSED,0.4221,36469.68,8991.44,310,1,0
2026-10-04T00:10:03Z,GOOGL,GOOGLon,Ondo Global Markets,ethereum,uniswap,USDC,0x39FCB1935f6Ccb0A106D05eB928205C59646af57,343.3,343.5,2026-10-02T20:00:01Z,CLOSED,-0.0582,23064.19,67.71,2,1,0
2026-10-04T00:10:03Z,META,METAx,xStocks (Backed),solana,raydium,USDC,3L7KbPVaAQA4UTecaGQYsm6UCq5F3sZM9zAYkxqYt63j,730.67,728.08,2026-10-02T20:00:01Z,CLOSED,0.3557,875519.51,110774.3,1216,1,0
2026-10-04T00:10:03Z,META,METAx,xStocks (Backed),solana,orca,USDC,59qH56HhMXrXiCMWH46NZ5M3SWhyzVzZnvMP2R27aR7Z,732.48,728.08,2026-10-02T20:00:01Z,CLOSED,0.6043,106687.84,3042.59,83,1,0
2026-10-04T00:10:03Z,META,METAx,xStocks (Backed),solana,meteora,USDC,D8pGWVN3vWeyexBtMZjyyPbcLhM1oeTEMibE9h3nNRYL,732.28,728.08,2026-10-02T20:00:01Z,CLOSED,0.5769,16702.15,23252.7,1025,1,0
2026-10-04T00:10:03Z,META,METAx,xStocks (Backed),solana,raydium,SOL,BE9uiVCxUovYpgA6ard68QRRzo3sCneAkhUtSgy8AjVW,731.096,728.08,2026-10-02T20:00:01Z,CLOSED,0.4142,63031.38,34895.77,764,1,0
2026-10-04T00:10:03Z,META,METAx,xStocks (Backed),solana,raydium,USDC,DpzGDvRfwDk4xfydfjRoSeE9fm1mQnTd3zQaSKhw1oE6,731.33,728.08,2026-10-02T20:00:01Z,CLOSED,0.4464,102963.1,40701.88,307,1,0
2026-10-04T00:10:03Z,META,METAx,xStocks (Backed),solana,meteora,SOL,DUKmnaXkB6AoYBUkeeb25Arfq4oeK4XPf4gkYe7evwkh,729.48,728.08,2026-10-02T20:00:01Z,CLOSED,0.1923,23894.97,5046.12,127,1,0
2026-10-04T00:10:03Z,MSTR,MSTRx,xStocks (Backed),solana,raydium,SOL,2ngTuP7xA581dqX9uJkGRqxmKuehY3k4SDfPebeoRG2J,163.46,160.01,2026-10-02T20:00:01Z,CLOSED,2.1561,873104.99,104094.29,611,1,0
2026-10-04T00:10:03Z,MSTR,MSTRx,xStocks (Backed),solana,raydium,USDC,RyhF4cksVZY7vcqJpoytHcxcGNKRp27PEGhSnEPpbGv,163.52,160.01,2026-10-02T20:00:01Z,CLOSED,2.1936,727723.35,87689.88,250,1,0
2026-10-04T00:10:03Z,MSTR,MSTRx,xStocks (Backed),solana,orca,USDC,CHSijZ92W1A5z93WzGjvBygtxN2LWgAt58uejMDmFVpY,163.53,160.01,2026-10-02T20:00:01Z,CLOSED,2.1999,40073.57,303.25,38,1,0
2026-10-04T00:10:03Z,MSTR,MSTRx,xStocks (Backed),solana,orca,SOL,HzyHKnwmRnnu3yZKzvqfhm2VeWo8V4qWtyNVGVLXrcjC,163.67,160.01,2026-10-02T20:00:01Z,CLOSED,2.2874,33198.52,190.27,9,1,0
2026-10-04T00:10:03Z,MSTR,MSTRx,xStocks (Backed),solana,raydium,CRCLx,Beq8qZeJ4UkdWW7yhnssLzgcGYj9syivePzrtFyc1AYF,162.69,160.01,2026-10-02T20:00:01Z,CLOSED,1.6749,23739.49,662.61,37,0,0
2026-10-04T00:10:03Z,MSTR,MSTRx,xStocks (Backed),solana,raydium,cbBTC,CJJV5dsFXcSoKvjmurS1nfBioH3KcTkP1s23SgQz1Jrs,163.18,160.01,2026-10-02T20:00:01Z,CLOSED,1.9811,16529.38,3655.25,55,0,0
2026-10-04T00:10:03Z,MSTR,MSTRx,xStocks (Backed),solana,orca,USDC,BCvzjDbADhnT3K35kc5TSeMAafNgu9KZVywUq9zWH2mA,163.43,160.01,2026-10-02T20:00:01Z,CLOSED,2.1374,5905.74,905.67,347,1,0
2026-10-04T00:10:03Z,MSTR,MSTRx,xStocks (Backed),solana,meteora,CRCLx,ExwtCL871L2QhHw7EikDPBHfoEHzadxcepdw1Fs3ofoR,162.91,160.01,2026-10-02T20:00:01Z,CLOSED,1.8124,7741.58,10.72,22,0,0
2026-10-04T00:10:03Z,MSTR,MSTRx,xStocks (Backed),solana,meteora,SOL,8yvEgE72BvZs86ZRr9j6ZHgn1zgVpBz2gTmwq7tMcgyH,163.57,160.01,2026-10-02T20:00:01Z,CLOSED,2.2249,6909.32,348.18,45,1,0
2026-10-04T00:10:03Z,COIN,COINx,xStocks (Backed),solana,raydium,USDC,w7SGmPeXoMCsjvXqgsAmUn56uypyDsjAtsxeVkaiqxa,183.38,183.0,2026-10-02T20:00:01Z,CLOSED,0.2077,1449729.04,21151.6,100,1,0
2026-10-04T00:10:03Z,COIN,COINx,xStocks (Backed),solana,raydium,SOL,9NJ7rtJzEnfwvoM6HyB2v6YHcsfS6ZY9DFGprphVX6W,184.24,183.0,2026-10-02T20:00:01Z,CLOSED,0.6776,119187.78,843.32,26,1,0
2026-10-04T00:10:03Z,COIN,COINx,xStocks (Backed),solana,orca,USDC,7ouGUDRMy4C9RJpTgPizRyfcxyJusAEe9ZbjqYv7BSqe,183.82,183.0,2026-10-02T20:00:01Z,CLOSED,0.4481,36737.33,45747.24,312,1,0
2026-10-04T00:10:03Z,COIN,COINx,xStocks (Backed),solana,orca,SOL,A4D97SV1dfCffDo58FEJtZoYycqVTaGVZiDdLiZffDNK,183.72,183.0,2026-10-02T20:00:01Z,CLOSED,0.3934,26420.45,6246.99,246,1,0
2026-10-04T00:10:03Z,HOOD,HOODx,xStocks (Backed),solana,raydium,USDC,DXWbip5LducMAbDSSpLYz9Xik3253EPeAYQufQtx7LXs,113.48,112.74,2026-10-02T20:00:00Z,CLOSED,0.6564,1455527.89,8289.63,23,1,0
2026-10-04T00:10:03Z,HOOD,HOODx,xStocks (Backed),solana,orca,USDC,48dhPm83sXfnRMxKRfv2YuE45DPqrhwPMvGrnTLufvFf,113.36,112.74,2026-10-02T20:00:00Z,CLOSED,0.5499,78043.29,148867.0,1322,1,0
2026-10-04T00:10:03Z,HOOD,HOODx,xStocks (Backed),solana,raydium,SOL,DznDQ6YVmgtZAvwZ4ui6k9MNun9uaozyVFFsiAeAs9f,113.59,112.74,2026-10-02T20:00:00Z,CLOSED,0.7539,65830.99,4730.84,45,1,0
2026-10-04T00:10:03Z,HOOD,HOODx,xStocks (Backed),solana,meteora,SOL,DQ8fjmP2haYxyyJRU99aCaHznK1GSihYyBRZxfP9sfbU,113.018,112.74,2026-10-02T20:00:00Z,CLOSED,0.2466,11078.99,9665.76,404,1,0
2026-10-04T00:10:03Z,CRCL,CRCLon,Ondo Global Markets,bsc,pancakeswap,比特币,0xc1d141d6A9F8e8eb7B9Ce1AEcD4A8932F047c075,82.67,81.25,2026-10-02T20:00:03Z,CLOSED,1.7477,7087.52,48.23,9,0,0
2026-10-04T00:10:03Z,SPY,SPYx,xStocks (Backed),solana,raydium,USDC,4pCZCVEiYyT4efNdXUdL2tJF8VGMgiMXrZWq6FiNXhRw,774.87,769.64,2026-10-02T20:00:00Z,CLOSED,0.6795,524081.1,2988301.65,12274,1,0
2026-10-04T00:10:03Z,SPY,SPYx,xStocks (Backed),solana,raydium,SOL,BS9uyGV6XmNnPkM4f3xgxCdQEaFv7RSKs6fwrpvYHxfL,774.93,769.64,2026-10-02T20:00:00Z,CLOSED,0.6873,762014.61,323138.09,3375,1,0
2026-10-04T00:10:03Z,SPY,SPYx,xStocks (Backed),solana,orca,USDC,Fae5dWVntUt6zbWu2voXxioDpMii7SqQwtsxBmoVCsHR,774.64,769.64,2026-10-02T20:00:00Z,CLOSED,0.6497,338934.64,139982.4,1112,1,0
2026-10-04T00:10:03Z,SPY,SPYx,xStocks (Backed),solana,raydium,USDC,6truu3rZuiB9rKQg4VYC3Dt3QwV7DgwGqXrYUcrvnDDE,774.57,769.64,2026-10-02T20:00:00Z,CLOSED,0.6406,2999476.61,294770.25,586,1,0
2026-10-04T00:10:03Z,SPY,SPYx,xStocks (Backed),solana,raydium,USDC,7sHMnvE7WqP7vQFWJGEnMT4vZg6Za9K7PpddDoXJCqME,773.88,769.64,2026-10-02T20:00:00Z,CLOSED,0.5509,76226.09,4.71,2,1,0
2026-10-04T00:10:03Z,SPY,SPYx,xStocks (Backed),solana,orca,SOL,2dN3fK8xTgYrwoCyt7EydAqVvPvCodYuwGqR2d8sKGFU,768.01,769.64,2026-10-02T20:00:00Z,CLOSED,-0.2118,50954.52,1236.21,31,1,0
2026-10-04T00:10:03Z,SPY,SPYx,xStocks (Backed),solana,orca,USDC,gef4pD5g6GJSjX7hfXKUfhCVpE89BzX9TXnXJNW6kSt,774.77,769.64,2026-10-02T20:00:00Z,CLOSED,0.6665,15900.48,12738.39,2694,1,0
2026-10-04T00:10:03Z,SPY,SPYx,xStocks (Backed),solana,meteora,SOL,5JWX8pQhJNpFMjPwKhFSSVWRpss4wSyoqgRGnBNJfyuX,776.04,769.64,2026-10-02T20:00:00Z,CLOSED,0.8316,38895.99,27964.65,1237,1,0
2026-10-04T00:10:03Z,SPY,SPYx,xStocks (Backed),solana,orca,SOL,DAcfUT7Xnfm91xv4YZojgpYirLC3JfDG6PbtNqtaAkTn,771.59,769.64,2026-10-02T20:00:00Z,CLOSED,0.2534,20223.17,2122.82,343,1,0
2026-10-04T00:10:03Z,QQQ,QQQx,xStocks (Backed),solana,raydium,USDC,GMjGLWzvK75LPetrgAmdeXnvxc4fUuQPwJxeQqTDU1aG,752.65,749.58,2026-10-02T20:00:00Z,CLOSED,0.4096,2241749.63,76658.01,754,1,0
2026-10-04T00:10:03Z,QQQ,QQQx,xStocks (Backed),solana,raydium,SOL,B6FEtQdwsq8Wuw4G52pW9WEWEA7ALGfyUgXDRKigDSHH,752.47,749.58,2026-10-02T20:00:00Z,CLOSED,0.3855,128327.29,13538.87,212,1,0
2026-10-04T00:10:03Z,QQQ,QQQx,xStocks (Backed),solana,raydium,USDC,FknDV1F5n6QaA7rLmjquDjuU6wcPMNm5RYq7zWbqhpZw,751.56,749.58,2026-10-02T20:00:00Z,CLOSED,0.2641,48840.64,97.27,11,1,0
2026-10-04T00:10:03Z,QQQ,QQQx,xStocks (Backed),solana,raydium,SPYx,FN27PwZpDnSBNZR5vzx6B7waxowV84ZNFQrzgr6XeYbf,752.38,749.58,2026-10-02T20:00:00Z,CLOSED,0.3735,30818.46,59.43,1,0,0
2026-10-04T00:10:03Z,QQQ,QQQx,xStocks (Backed),solana,orca,SPYx,7mYFrN2TQtYc2HMZEXuVfWkPu9n5EFfX9Ha59X3n6PWE,752.57,749.58,2026-10-02T20:00:00Z,CLOSED,0.3989,11767.06,3862.23,567,0,0
2026-10-04T00:10:03Z,QQQ,QQQx,xStocks (Backed),solana,orca,USDC,3GVB4bXtcrP3MM376mrcJDwfTNThvyorLmVgSTf6kxFt,750.73,749.58,2026-10-02T20:00:00Z,CLOSED,0.1534,14046.6,0.0,3,1,0
2026-10-04T00:20:03Z,TSLA,TSLAx,xStocks (Backed),solana,raydium,USDC,8aDaBQkTrS6HVMjyc6EZebgdiaXhLYGriDWKWWp1NpFF,370.8,370.59,2026-10-02T20:00:00Z,CLOSED,0.0567,2292035.51,275519.54,4289,1,0
2026-10-04T00:20:03Z,TSLA,TSLAx,xStocks (Backed),solana,orca,USDC,9p7abUFv31ycgu9kckvnoqMMvBy67dqTDM2m6HP9xokN,371.021,370.59,2026-10-02T20:00:00Z,CLOSED,0.1163,90469.75,56632.19,2097,1,0
2026-10-04T00:20:03Z,TSLA,TSLAx,xStocks (Backed),solana,raydium,SOL,CKmjDiqBCRqR8xk5FjnFiQXuCFsGchiLv9YwYVnE5RJ8,371.18,370.59,2026-10-02T20:00:00Z,CLOSED,0.1592,96234.03,36782.71,727,1,0
2026-10-04T00:20:03Z,TSLA,TSLAx,xStocks (Backed),solana,raydium,USDC,HHQUnUbmWLrYzkscDY1C3deEFbGtiGBGoHjpANogmvum,371.24,370.59,2026-10-02T20:00:00Z,CLOSED,0.1754,451800.41,9163.34,19,1,0
2026-10-04T00:20:03Z,TSLA,TSLAx,xStocks (Backed),solana,orca,SOL,26UY4D6pBHgxYdPWuBP3sfyc4jJf6qQjPDxCJPhtUx3H,385.25,370.59,2026-10-02T20:00:00Z,CLOSED,3.9559,8892.76,608.51,36,1,0
2026-10-04T00:20:03Z,TSLA,TSLAx,xStocks (Backed),solana,meteora,SOL,CHGfdEfKFYDWGPASCsZnpkDzvpLKNEVoAb4UEorPPkGK,370.32,370.59,2026-10-02T20:00:00Z,CLOSED,-0.0729,6355.61,3216.53,113,1,0
2026-10-04T00:20:03Z,TSLA,TSLAx,xStocks (Backed),solana,meteora,NVDAx,8is7SBzMYLUTUtVU5H4QEPkgeQP7WaM7rQ6QPxXTa4PB,370.41,370.59,2026-10-02T20:00:00Z,CLOSED,-0.0486,6271.7,250.43,25,0,0
2026-10-04T00:20:03Z,TSLA,TSLAon,Ondo Global Markets,ethereum,uniswap,USDC,0x31227b50eCCDC9C589826AA2D9E7C5619B1895Da,369.32,370.59,2026-10-02T20:00:00Z,CLOSED,-0.3427,82352.21,35283.24,130,1,0
2026-10-04T00:20:03Z,TSLA,TSLAon,Ondo Global Markets,ethereum,0x00a38533c68327aBE0Cc265436e036066E2D6B38,USDC,0x49b7b66457297f9E0E763BBb151B6DB0c149E988,368.052,370.59,2026-10-02T20:00:00Z,CLOSED,-0.6849,35423.84,9.98,1,1,0
2026-10-04T00:20:03Z,TSLA,TSLAon,Ondo Global Markets,ethereum,0x00a38533c68327aBE0Cc265436e036066E2D6B38,USDC,0xfd62Ce2489f37B9357CD1Aa66a33351580B33231,369.68,370.59,2026-10-02T20:00:00Z,CLOSED,-0.2456,28050.65,228.68,2,1,0
2026-10-04T00:20:03Z,TSLA,TSLAon,Ondo Global Markets,ethereum,0x00a38533c68327aBE0Cc265436e036066E2D6B38,USDC,0xbcD5a4823C3B3faF81EECEfd3b37E1185419E9Ee,370.52,370.59,2026-10-02T20:00:00Z,CLOSED,-0.0189,26137.24,1902.33,7,1,0
2026-10-04T00:20:03Z,NVDA,NVDAx,xStocks (Backed),solana,orca,USDC,6R4r93V5fcMzc13CL2enEepDSYcr4Qx3ptZBDwudTXCo,235.43,233.95,2026-10-02T20:00:01Z,CLOSED,0.6326,634720.2,4538690.87,45634,1,0
2026-10-04T00:20:03Z,NVDA,NVDAx,xStocks (Backed),solana,raydium,SOL,38rXq2BuwdNcfnwydw6S2srpNK9N4gVzf39f69suPMsF,235.37,233.95,2026-10-02T20:00:01Z,CLOSED,0.607,369586.33,517302.07,5376,1,0
2026-10-04T00:20:03Z,NVDA,NVDAx,xStocks (Backed),solana,meteora,SOL,FCn5zw4gAcfRpQgst5ThFuzBGXbbJ6RocVErgC4vJ9j1,235.099,233.95,2026-10-02T20:00:01Z,CLOSED,0.4911,282477.26,399507.7,3759,1,0
2026-10-04T00:20:03Z,NVDA,NVDAx,xStocks (Backed),solana,raydium,USDC,49iMatQtoyabsYAQc8GafVq6aeBFVDxSRH44oiatyyw6,235.48,233.95,2026-10-02T20:00:01Z,CLOSED,0.654,3086682.3,478151.83,2515,1,0
2026-10-04T00:20:03Z,NVDA,NVDAx,xStocks (Backed),solana,orca,SOL,8Vy5Rjb9vg5nLb8L1r4Di8p9py5BTkp8UJSMHG8AD2zs,234.93,233.95,2026-10-02T20:00:01Z,CLOSED,0.4189,79765.69,148000.13,2972,1,0
2026-10-04T00:20:03Z,NVDA,NVDAx,xStocks (Backed),solana,raydium,USDC,4KqQN6u1pFKroFE2jVEhoepAMRKPcuAzWVDCgm9zRBYN,235.24,233.95,2026-10-02T20:00:01Z,CLOSED,0.5514,130167.11,1113.36,48,1,0
2026-10-04T00:20:03Z,NVDA,NVDAx,xStocks (Backed),solana,orca,CRCLx,HZck8d6gt9n4B2fam9JGLm2w2hYJKm98iAWw1176QgeB,235.17,233.95,2026-10-02T20:00:01Z,CLOSED,0.5215,26442.05,1042.06,61,0,0
2026-10-04T00:20:03Z,NVDA,NVDAx,xStocks (Backed),solana,orca,SPCXx,FTw5jCaWibNK8GeeJXAy8dEWW57UxZquX82P7vZbSoBJ,230.68,233.95,2026-10-02T20:00:01Z,CLOSED,-1.3977,8281.34,38.3,2,0,0
2026-10-04T00:20:03Z,NVDA,NVDAx,xStocks (Backed),solana,meteora,NIGGA,5zFXe8DTPvcmnZMy5uWr8ahNSKcAa3vypiNhm9yUm6aD,2695.77,233.95,2026-10-02T20:00:01Z,CLOSED,1052.2847,21915.4,897.76,9,0,1
2026-10-04T00:20:03Z,NVDA,NVDAon,Ondo Global Markets,ethereum,uniswap,USDC,0xc9b4bC7C15423FCFe6B75aB5118bA773945A3A46,235.57,233.95,2026-10-02T20:00:01Z,CLOSED,0.6925,243172.81,139716.39,500,1,0
2026-10-04T00:20:03Z,NVDA,NVDAon,Ondo Global Markets,ethereum,uniswap,USDC,0xa9a6651fba74df1aab94065ffaabe750d6ed835b94a9e28925ec79beec2d5f73,236.048,233.95,2026-10-02T20:00:01Z,CLOSED,0.8968,40159.64,12639.59,104,1,0
2026-10-04T00:20:03Z,NVDA,NVDAon,Ondo Global Markets,ethereum,uniswap,USDC,0xf5294094BCe435bFbd0eC488be5C462aAF32Bc7A,236.17,233.95,2026-10-02T20:00:01Z,CLOSED,0.9489,17441.2,2.67,1,1,0
2026-10-04T00:20:03Z,NVDA,NVDAon,Ondo Global Markets,ethereum,uniswap,ZIK,0xeA0F5b999C66214De7300c5910171A356fdfb3d0,234.38,233.95,2026-10-02T20:00:01Z,CLOSED,0.1838,7699.38,4.09,1,0,0
2026-10-04T00:20:03Z,NVDA,NVDAon,Ondo Global Markets,bsc,pancakeswap,USDT,0xB90BDBFBdfFd4Af5a636b5805539eDeafb969308,235.8,233.95,2026-10-02T20:00:01Z,CLOSED,0.7908,9742.23,516.33,55,1,0
2026-10-04T00:20:03Z,AAPL,AAPLx,xStocks (Backed),solana,raydium,USDC,CKwJZwm7oj3nu4653N1EpDrqXbXAYXoPFiPeEnLouF8y,334.37,333.69,2026-10-02T20:00:01Z,CLOSED,0.2038,305984.37,69836.55,1104,1,0
2026-10-04T00:20:03Z,AAPL,AAPLx,xStocks (Backed),solana,orca,SOL,5VgwxAPD37EHPqtW6v6gWq2bznPDqvpaGDuJoyGm6aJG,332.69,333.69,2026-10-02T20:00:01Z,CLOSED,-0.2997,27993.44,916.39,51,1,0
2026-10-04T00:20:03Z,AAPL,AAPLx,xStocks (Backed),solana,orca,SOL,HQijmgUPWBCYyvjBCymBVS9MZbJPmdJuvQXSfFtTZRz5,333.23,333.69,2026-10-02T20:00:01Z,CLOSED,-0.1379,13462.03,4377.57,178,1,0
2026-10-04T00:20:03Z,AAPL,AAPLx,xStocks (Backed),solana,raydium,SOL,EUnoAwXybSenwkvQ3Qp4aWQxmw2AZrVCbAn6Sztjhbjo,333.89,333.69,2026-10-02T20:00:01Z,CLOSED,0.0599,13317.45,2580.82,59,1,0
2026-10-04T00:20:03Z,AAPL,AAPLx,xStocks (Backed),solana,raydium,USDC,ApniVWuZbZoruTAJdyJcLBA4AVw4DKGdV5fHxo6qrAZT,334.098,333.69,2026-10-02T20:00:01Z,CLOSED,0.1223,253620.03,58407.56,1079,1,0
2026-10-04T00:20:03Z,AAPL,AAPLx,xStocks (Backed),solana,orca,USDC,CNsYTuhHBkLQmoWtdoQxqkNxtyhXYvWvQJqzmG2evNEa,333.42,333.69,2026-10-02T20:00:01Z,CLOSED,-0.0809,21373.26,4379.18,152,1,0
2026-10-04T00:20:03Z,AAPL,AAPLon,Ondo Global Markets,ethereum,uniswap,USDC,0xad82C9EB065a5CFed71DB087e4a52C8a09c69921,333.26,333.69,2026-10-02T20:00:01Z,CLOSED,-0.1289,43728.52,8465.45,47,1,0
2026-10-04T00:20:03Z,AAPL,AAPLon,Ondo Global Markets,ethereum,0x00a38533c68327aBE0Cc265436e036066E2D6B38,USDC,0x0d3A432237328D279EcD4A3ED5F462C2A84d8017,334.41,333.69,2026-10-02T20:00:01Z,CLOSED,0.2158,15427.09,906.63,18,1,0
2026-10-04T00:20:03Z,AAPL,AAPLon,Ondo Global Markets,bsc,pancakeswap,ASX,0x061306dF92c6a0538154A40F060573Be638B1066,326.15,333.69,2026-10-02T20:00:01Z,CLOSED,-2.2596,8099.26,23.49,3,0,0
2026-10-04T00:20:03Z,MSFT,MSFTon,Ondo Global Markets,ethereum,uniswap,USDC,0xb97c30485cfdb895a811331e2a3aab1233a5bf8ff27b6be149edbdc7e9a37333,519.36,517.53,2026-10-02T20:00:01Z,CLOSED,0.3536,8513.18,963.75,6,1,0
2026-10-04T00:20:03Z,AMZN,AMZNx,xStocks (Backed),solana,raydium,USDC,6m5aXAve4uh6Kt4ytKyCLWNMjd8PYP5vujwNCtycrUiD,251.74,251.52,2026-10-02T20:00:01Z,CLOSED,0.0875,405248.57,29380.94,591,1,0
2026-10-04T00:20:03Z,AMZN,AMZNx,xStocks (Backed),solana,raydium,SOL,HWZk6MfN28mYqDN1igNETjN2kueEryL33oVgt92Wkv6N,251.53,251.52,2026-10-02T20:00:01Z,CLOSED,0.004,26803.35,7065.43,243,1,0
2026-10-04T00:20:03Z,AMZN,AMZNx,xStocks (Backed),solana,meteora,SOL,DXAbc6Q3BzfnWbJKVdVyEdLfvMprMNtxb8iz36W2ttZj,251.43,251.52,2026-10-02T20:00:01Z,CLOSED,-0.0358,6609.02,553.59,104,1,0
2026-10-04T00:20:03Z,AMZN,AMZNon,Ondo Global Markets,bsc,pancakeswap,WBNB,0x8617Ba6DEEE616694601ADc41Ab7ffE0e610907E,252.00057,251.52,2026-10-02T20:00:01Z,CLOSED,0.1911,6576.19,40.73,5,1,0
2026-10-04T00:20:03Z,GOOGL,GOOGLx,xStocks (Backed),solana,raydium,USDC,B8YAwjGYk6qidWzGBXMAxP7nYfG8g74EZ3Y4gFSsobRw,344.75,343.5,2026-10-02T20:00:01Z,CLOSED,0.3639,785316.17,54320.6,658,1,0
2026-10-04T00:20:03Z,GOOGL,GOOGLx,xStocks (Backed),solana,meteora,SOL,CmcVVxuMMCdsevwThLwU4PdESB5NxiZJU4mGrxB6QDE4,343.88,343.5,2026-10-02T20:00:01Z,CLOSED,0.1106,70355.8,18271.95,274,1,0
2026-10-04T00:20:03Z,GOOGL,GOOGLx,xStocks (Backed),solana,orca,USDC,Bd8GgEYaHi3zkyjr5ojQKXA82wYqGpB3suV9PQJ8kJ1b,344.28,343.5,2026-10-02T20:00:01Z,CLOSED,0.2271,63173.37,26829.96,479,1,0
2026-10-04T00:20:03Z,GOOGL,GOOGLx,xStocks (Backed),solana,raydium,SOL,3P1PwneDrKfyUVQstaqAQDBWnK2Mcqi1xZ9nteMhDbSB,346.26,343.5,2026-10-02T20:00:01Z,CLOSED,0.8035,66842.66,2049.06,74,1,0
2026-10-04T00:20:03Z,GOOGL,GOOGLx,xStocks (Backed),solana,orca,SOL,Bh3njVo6i3UjgmaevEQMGoidphcueNjoPqGkYLbthzV5,344.14,343.5,2026-10-02T20:00:01Z,CLOSED,0.1863,11827.18,6445.44,490,1,0
2026-10-04T00:20:03Z,GOOGL,GOOGLx,xStocks (Backed),solana,raydium,USDC,Cc2K1QfaVh6XnBgAtzhQK8arWqXYQGhkMNkGaDiHN98Y,344.47,343.5,2026-10-02T20:00:01Z,CLOSED,0.2824,5957.5,477.54,122,1,0
2026-10-04T00:20:03Z,GOOGL,GOOGLx,xStocks (Backed),solana,raydium,USDC,9sw1NZjXFsy5GKkqMpQWV7wopGgMcdkanDqg3f15zQZv,344.93,343.5,2026-10-02T20:00:01Z,CLOSED,0.4163,36468.8,9009.8,311,1,0
2026-10-04T00:20:03Z,GOOGL,GOOGLon,Ondo Global Markets,ethereum,uniswap,USDC,0x39FCB1935f6Ccb0A106D05eB928205C59646af57,343.3,343.5,2026-10-02T20:00:01Z,CLOSED,-0.0582,23064.19,67.71,2,1,0
2026-10-04T00:20:03Z,META,METAx,xStocks (Backed),solana,raydium,USDC,3L7KbPVaAQA4UTecaGQYsm6UCq5F3sZM9zAYkxqYt63j,730.67,728.08,2026-10-02T20:00:01Z,CLOSED,0.3557,875519.51,110596.29,1213,1,0
2026-10-04T00:20:03Z,META,METAx,xStocks (Backed),solana,orca,USDC,59qH56HhMXrXiCMWH46NZ5M3SWhyzVzZnvMP2R27aR7Z,732.48,728.08,2026-10-02T20:00:01Z,CLOSED,0.6043,106687.84,3042.59,83,1,0
2026-10-04T00:20:03Z,META,METAx,xStocks (Backed),solana,meteora,USDC,D8pGWVN3vWeyexBtMZjyyPbcLhM1oeTEMibE9h3nNRYL,732.29,728.08,2026-10-02T20:00:01Z,CLOSED,0.5782,16700.36,23202.35,1023,1,0
2026-10-04T00:20:03Z,META,METAx,xStocks (Backed),solana,raydium,SOL,BE9uiVCxUovYpgA6ard68QRRzo3sCneAkhUtSgy8AjVW,731.87,728.08,2026-10-02T20:00:01Z,CLOSED,0.5205,63099.21,34235.84,752,1,0
2026-10-04T00:20:03Z,META,METAx,xStocks (Backed),solana,raydium,USDC,DpzGDvRfwDk4xfydfjRoSeE9fm1mQnTd3zQaSKhw1oE6,731.33,728.08,2026-10-02T20:00:01Z,CLOSED,0.4464,102963.1,40701.88,307,1,0
2026-10-04T00:20:03Z,META,METAx,xStocks (Backed),solana,meteora,SOL,DUKmnaXkB6AoYBUkeeb25Arfq4oeK4XPf4gkYe7evwkh,729.48,728.08,2026-10-02T20:00:01Z,CLOSED,0.1923,23894.97,5028.29,126,1,0
2026-10-04T00:20:03Z,MSTR,MSTRx,xStocks (Backed),solana,raydium,SOL,2ngTuP7xA581dqX9uJkGRqxmKuehY3k4SDfPebeoRG2J,163.48,160.01,2026-10-02T20:00:01Z,CLOSED,2.1686,873241.55,104493.41,617,1,0
2026-10-04T00:20:03Z,MSTR,MSTRx,xStocks (Backed),solana,raydium,USDC,RyhF4cksVZY7vcqJpoytHcxcGNKRp27PEGhSnEPpbGv,163.52,160.01,2026-10-02T20:00:01Z,CLOSED,2.1936,727717.32,87730.17,250,1,0
2026-10-04T00:20:03Z,MSTR,MSTRx,xStocks (Backed),solana,orca,USDC,CHSijZ92W1A5z93WzGjvBygtxN2LWgAt58uejMDmFVpY,163.53,160.01,2026-10-02T20:00:01Z,CLOSED,2.1999,40073.57,295.25,37,1,0
2026-10-04T00:20:03Z,MSTR,MSTRx,xStocks (Backed),solana,orca,SOL,HzyHKnwmRnnu3yZKzvqfhm2VeWo8V4qWtyNVGVLXrcjC,163.86,160.01,2026-10-02T20:00:01Z,CLOSED,2.4061,33219.05,219.89,10,1,0
2026-10-04T00:20:03Z,MSTR,MSTRx,xStocks (Backed),solana,raydium,CRCLx,Beq8qZeJ4UkdWW7yhnssLzgcGYj9syivePzrtFyc1AYF,162.69,160.01,2026-10-02T20:00:01Z,CLOSED,1.6749,23739.49,662.61,37,0,0
2026-10-04T00:20:03Z,MSTR,MSTRx,xStocks (Backed),solana,raydium,cbBTC,CJJV5dsFXcSoKvjmurS1nfBioH3KcTkP1s23SgQz1Jrs,163.18,160.01,2026-10-02T20:00:01Z,CLOSED,1.9811,16529.38,3655.25,55,0,0
2026-10-04T00:20:03Z,MSTR,MSTRx,xStocks (Backed),solana,orca,USDC,BCvzjDbADhnT3K35kc5TSeMAafNgu9KZVywUq9zWH2mA,163.33,160.01,2026-10-02T20:00:01Z,CLOSED,2.0749,5903.15,916.42,345,1,0
2026-10-04T00:20:03Z,MSTR,MSTRx,xStocks (Backed),solana,meteora,CRCLx,ExwtCL871L2QhHw7EikDPBHfoEHzadxcepdw1Fs3ofoR,162.91,160.01,2026-10-02T20:00:01Z,CLOSED,1.8124,7741.58,10.72,22,0,0
2026-10-04T00:20:03Z,MSTR,MSTRx,xStocks (Backed),solana,meteora,SOL,8yvEgE72BvZs86ZRr9j6ZHgn1zgVpBz2gTmwq7tMcgyH,163.42,160.01,2026-10-02T20:00:01Z,CLOSED,2.1311,6915.84,361.67,49,1,0
2026-10-04T00:20:03Z,COIN,COINx,xStocks (Backed),solana,raydium,USDC,w7SGmPeXoMCsjvXqgsAmUn56uypyDsjAtsxeVkaiqxa,183.38,183.0,2026-10-02T20:00:01Z,CLOSED,0.2077,1449729.04,19744.03,93,1,0
2026-10-04T00:20:03Z,COIN,COINx,xStocks (Backed),solana,raydium,SOL,9NJ7rtJzEnfwvoM6HyB2v6YHcsfS6ZY9DFGprphVX6W,184.24,183.0,2026-10-02T20:00:01Z,CLOSED,0.6776,119187.78,843.32,26,1,0
2026-10-04T00:20:03Z,COIN,COINx,xStocks (Backed),solana,orca,USDC,7ouGUDRMy4C9RJpTgPizRyfcxyJusAEe9ZbjqYv7BSqe,184.41,183.0,2026-10-02T20:00:01Z,CLOSED,0.7705,36802.14,45600.48,312,1,0
2026-10-04T00:20:03Z,COIN,COINx,xStocks (Backed),solana,orca,SOL,A4D97SV1dfCffDo58FEJtZoYycqVTaGVZiDdLiZffDNK,183.85,183.0,2026-10-02T20:00:01Z,CLOSED,0.4645,26431.15,6204.31,247,1,0
2026-10-04T00:20:03Z,HOOD,HOODx,xStocks (Backed),solana,raydium,USDC,DXWbip5LducMAbDSSpLYz9Xik3253EPeAYQufQtx7LXs,113.48,112.74,2026-10-02T20:00:00Z,CLOSED,0.6564,1455527.89,8230.87,21,1,0
2026-10-04T00:20:03Z,HOOD,HOODx,xStocks (Backed),solana,orca,USDC,48dhPm83sXfnRMxKRfv2YuE45DPqrhwPMvGrnTLufvFf,113.41,112.74,2026-10-02T20:00:00Z,CLOSED,0.5943,78066.01,147926.38,1291,1,0
2026-10-04T00:20:03Z,HOOD,HOODx,xStocks (Backed),solana,raydium,SOL,DznDQ6YVmgtZAvwZ4ui6k9MNun9uaozyVFFsiAeAs9f,113.59,112.74,2026-10-02T20:00:00Z,CLOSED,0.7539,65830.99,4707.07,44,1,0
2026-10-04T00:20:03Z,HOOD,HOODx,xStocks (Backed),solana,meteora,SOL,DQ8fjmP2haYxyyJRU99aCaHznK1GSihYyBRZxfP9sfbU,113.046,112.74,2026-10-02T20:00:00Z,CLOSED,0.2714,11081.76,9157.12,394,1,0
2026-10-04T00:20:03Z,CRCL,CRCLon,Ondo Global Markets,bsc,pancakeswap,比特币,0xc1d141d6A9F8e8eb7B9Ce1AEcD4A8932F047c075,82.67,81.25,2026-10-02T20:00:03Z,CLOSED,1.7477,7087.52,48.23,9,0,0
2026-10-04T00:20:03Z,SPY,SPYx,xStocks (Backed),solana,raydium,USDC,4pCZCVEiYyT4efNdXUdL2tJF8VGMgiMXrZWq6FiNXhRw,774.66,769.64,2026-10-02T20:00:00Z,CLOSED,0.6523,524043.7,3009288.4,12139,1,0
2026-10-04T00:20:03Z,SPY,SPYx,xStocks (Backed),solana,raydium,SOL,BS9uyGV6XmNnPkM4f3xgxCdQEaFv7RSKs6fwrpvYHxfL,773.87,769.64,2026-10-02T20:00:00Z,CLOSED,0.5496,761213.68,329788.77,3332,1,0
2026-10-04T00:20:03Z,SPY,SPYx,xStocks (Backed),solana,orca,USDC,Fae5dWVntUt6zbWu2voXxioDpMii7SqQwtsxBmoVCsHR,774.5,769.64,2026-10-02T20:00:00Z,CLOSED,0.6315,338896.28,137603.69,1117,1,0
2026-10-04T00:20:03Z,SPY,SPYx,xStocks (Backed),solana,raydium,USDC,6truu3rZuiB9rKQg4VYC3Dt3QwV7DgwGqXrYUcrvnDDE,774.57,769.64,2026-10-02T20:00:00Z,CLOSED,0.6406,2999477.38,290011.96,607,1,0
2026-10-04T00:20:03Z,SPY,SPYx,xStocks (Backed),solana,raydium,USDC,7sHMnvE7WqP7vQFWJGEnMT4vZg6Za9K7PpddDoXJCqME,773.88,769.64,2026-10-02T20:00:00Z,CLOSED,0.5509,76226.09,4.71,2,1,0
2026-10-04T00:20:03Z,SPY,SPYx,xStocks (Backed),solana,orca,SOL,2dN3fK8xTgYrwoCyt7EydAqVvPvCodYuwGqR2d8sKGFU,768.01,769.64,2026-10-02T20:00:00Z,CLOSED,-0.2118,50954.52,1236.21,31,1,0
2026-10-04T00:20:03Z,SPY,SPYx,xStocks (Backed),solana,orca,USDC,gef4pD5g6GJSjX7hfXKUfhCVpE89BzX9TXnXJNW6kSt,774.67,769.64,2026-10-02T20:00:00Z,CLOSED,0.6536,15899.67,12764.87,2676,1,0
2026-10-04T00:20:03Z,SPY,SPYx,xStocks (Backed),solana,meteora,SOL,5JWX8pQhJNpFMjPwKhFSSVWRpss4wSyoqgRGnBNJfyuX,776.04,769.64,2026-10-02T20:00:00Z,CLOSED,0.8316,38895.99,27963.55,1134,1,0
2026-10-04T00:20:03Z,SPY,SPYx,xStocks (Backed),solana,orca,SOL,DAcfUT7Xnfm91xv4YZojgpYirLC3JfDG6PbtNqtaAkTn,771.59,769.64,2026-10-02T20:00:00Z,CLOSED,0.2534,20223.17,1910.14,338,1,0
2026-10-04T00:20:03Z,QQQ,QQQx,xStocks (Backed),solana,raydium,USDC,GMjGLWzvK75LPetrgAmdeXnvxc4fUuQPwJxeQqTDU1aG,752.65,749.58,2026-10-02T20:00:00Z,CLOSED,0.4096,2241754.52,74539.07,729,1,0
2026-10-04T00:20:03Z,QQQ,QQQx,xStocks (Backed),solana,raydium,SOL,B6FEtQdwsq8Wuw4G52pW9WEWEA7ALGfyUgXDRKigDSHH,752.47,749.58,2026-10-02T20:00:00Z,CLOSED,0.3855,128327.29,13021.24,207,1,0
2026-10-04T00:20:03Z,QQQ,QQQx,xStocks (Backed),solana,raydium,USDC,FknDV1F5n6QaA7rLmjquDjuU6wcPMNm5RYq7zWbqhpZw,751.56,749.58,2026-10-02T20:00:00Z,CLOSED,0.2641,48840.64,97.27,11,1,0
2026-10-04T00:20:03Z,QQQ,QQQx,xStocks (Backed),solana,raydium,SPYx,FN27PwZpDnSBNZR5vzx6B7waxowV84ZNFQrzgr6XeYbf,752.38,749.58,2026-10-02T20:00:00Z,CLOSED,0.3735,30818.46,59.43,1,0,0
2026-10-04T00:20:03Z,QQQ,QQQx,xStocks (Backed),solana,orca,SPYx,7mYFrN2TQtYc2HMZEXuVfWkPu9n5EFfX9Ha59X3n6PWE,752.94,749.58,2026-10-02T20:00:00Z,CLOSED,0.4483,11767.51,2865.12,566,0,0
2026-10-04T00:20:03Z,QQQ,QQQx,xStocks (Backed),solana,orca,USDC,3GVB4bXtcrP3MM376mrcJDwfTNThvyorLmVgSTf6kxFt,750.73,749.58,2026-10-02T20:00:00Z,CLOSED,0.1534,14046.6,0.0,3,1,0
2026-10-04T00:30:03Z,TSLA,TSLAx,xStocks (Backed),solana,raydium,USDC,8aDaBQkTrS6HVMjyc6EZebgdiaXhLYGriDWKWWp1NpFF,370.83,370.59,2026-10-02T20:00:00Z,CLOSED,0.0648,2292149.27,276088.08,4306,1,0
2026-10-04T00:30:03Z,TSLA,TSLAx,xStocks (Backed),solana,orca,USDC,9p7abUFv31ycgu9kckvnoqMMvBy67dqTDM2m6HP9xokN,371.2,370.59,2026-10-02T20:00:00Z,CLOSED,0.1646,90506.62,55957.91,2084,1,0
2026-10-04T00:30:03Z,TSLA,TSLAx,xStocks (Backed),solana,raydium,SOL,CKmjDiqBCRqR8xk5FjnFiQXuCFsGchiLv9YwYVnE5RJ8,371.68,370.59,2026-10-02T20:00:00Z,CLOSED,0.2941,96381.45,36637.84,726,1,0
2026-10-04T00:30:03Z,TSLA,TSLAx,xStocks (Backed),solana,raydium,USDC,HHQUnUbmWLrYzkscDY1C3deEFbGtiGBGoHjpANogmvum,371.24,370.59,2026-10-02T20:00:00Z,CLOSED,0.1754,451800.41,9163.34,19,1,0
2026-10-04T00:30:03Z,TSLA,TSLAx,xStocks (Backed),solana,orca,SOL,26UY4D6pBHgxYdPWuBP3sfyc4jJf6qQjPDxCJPhtUx3H,385.25,370.59,2026-10-02T20:00:00Z,CLOSED,3.9559,8892.76,608.51,36,1,0
2026-10-04T00:30:03Z,TSLA,TSLAx,xStocks (Backed),solana,meteora,SOL,CHGfdEfKFYDWGPASCsZnpkDzvpLKNEVoAb4UEorPPkGK,370.49,370.59,2026-10-02T20:00:00Z,CLOSED,-0.027,6362.69,3145.76,110,1,0
2026-10-04T00:30:03Z,TSLA,TSLAx,xStocks (Backed),solana,meteora,NVDAx,8is7SBzMYLUTUtVU5H4QEPkgeQP7WaM7rQ6QPxXTa4PB,370.41,370.59,2026-10-02T20:00:00Z,CLOSED,-0.0486,6271.7,250.43,25,0,0
2026-10-04T00:30:03Z,TSLA,TSLAon,Ondo Global Markets,ethereum,uniswap,USDC,0x31227b50eCCDC9C589826AA2D9E7C5619B1895Da,369.32,370.59,2026-10-02T20:00:00Z,CLOSED,-0.3427,82352.21,35283.24,130,1,0
2026-10-04T00:30:03Z,TSLA,TSLAon,Ondo Global Markets,ethereum,0x00a38533c68327aBE0Cc265436e036066E2D6B38,USDC,0x49b7b66457297f9E0E763BBb151B6DB0c149E988,368.052,370.59,2026-10-02T20:00:00Z,CLOSED,-0.6849,35423.84,9.98,1,1,0
2026-10-04T00:30:03Z,TSLA,TSLAon,Ondo Global Markets,ethereum,0x00a38533c68327aBE0Cc265436e036066E2D6B38,USDC,0xfd62Ce2489f37B9357CD1Aa66a33351580B33231,369.68,370.59,2026-10-02T20:00:00Z,CLOSED,-0.2456,28050.65,228.68,2,1,0
2026-10-04T00:30:03Z,TSLA,TSLAon,Ondo Global Markets,ethereum,0x00a38533c68327aBE0Cc265436e036066E2D6B38,USDC,0xbcD5a4823C3B3faF81EECEfd3b37E1185419E9Ee,370.52,370.59,2026-10-02T20:00:00Z,CLOSED,-0.0189,26137.24,1902.33,7,1,0
2026-10-04T00:30:03Z,NVDA,NVDAx,xStocks (Backed),solana,orca,USDC,6R4r93V5fcMzc13CL2enEepDSYcr4Qx3ptZBDwudTXCo,235.32,233.95,2026-10-02T20:00:01Z,CLOSED,0.5856,584705.4,4549724.15,45634,1,0
2026-10-04T00:30:03Z,NVDA,NVDAx,xStocks (Backed),solana,raydium,SOL,38rXq2BuwdNcfnwydw6S2srpNK9N4gVzf39f69suPMsF,235.72,233.95,2026-10-02T20:00:01Z,CLOSED,0.7566,370204.08,517068.07,5378,1,0
2026-10-04T00:30:03Z,NVDA,NVDAx,xStocks (Backed),solana,meteora,SOL,FCn5zw4gAcfRpQgst5ThFuzBGXbbJ6RocVErgC4vJ9j1,234.97,233.95,2026-10-02T20:00:01Z,CLOSED,0.436,282407.18,389307.62,3754,1,0
2026-10-04T00:30:03Z,NVDA,NVDAx,xStocks (Backed),solana,raydium,USDC,49iMatQtoyabsYAQc8GafVq6aeBFVDxSRH44oiatyyw6,235.49,233.95,2026-10-02T20:00:01Z,CLOSED,0.6583,3086684.06,462407.78,2496,1,0
2026-10-04T00:30:03Z,NVDA,NVDAx,xStocks (Backed),solana,orca,SOL,8Vy5Rjb9vg5nLb8L1r4Di8p9py5BTkp8UJSMHG8AD2zs,235.89,233.95,2026-10-02T20:00:01Z,CLOSED,0.8292,80016.97,150137.91,2982,1,0
2026-10-04T00:30:03Z,NVDA,NVDAx,xStocks (Backed),solana,raydium,USDC,4KqQN6u1pFKroFE2jVEhoepAMRKPcuAzWVDCgm9zRBYN,235.24,233.95,2026-10-02T20:00:01Z,CLOSED,0.5514,130167.11,1067.86,47,1,0
2026-10-04T00:30:03Z,NVDA,NVDAx,xStocks (Backed),solana,orca,CRCLx,HZck8d6gt9n4B2fam9JGLm2w2hYJKm98iAWw1176QgeB,235.14,233.95,2026-10-02T20:00:01Z,CLOSED,0.5087,26442.18,1055.55,62,0,0
2026-10-04T00:30:03Z,NVDA,NVDAx,xStocks (Backed),solana,orca,SPCXx,FTw5jCaWibNK8GeeJXAy8dEWW57UxZquX82P7vZbSoBJ,230.68,233.95,2026-10-02T20:00:01Z,CLOSED,-1.3977,8281.34,38.3,2,0,0
2026-10-04T00:30:03Z,NVDA,NVDAx,xStocks (Backed),solana,meteora,NIGGA,5zFXe8DTPvcmnZMy5uWr8ahNSKcAa3vypiNhm9yUm6aD,2695.77,233.95,2026-10-02T20:00:01Z,CLOSED,1052.2847,21915.4,897.76,9,0,1
2026-10-04T00:30:03Z,NVDA,NVDAon,Ondo Global Markets,ethereum,uniswap,USDC,0xc9b4bC7C15423FCFe6B75aB5118bA773945A3A46,235.54,233.95,2026-10-02T20:00:01Z,CLOSED,0.6796,243167.12,139781.07,499,1,0
2026-10-04T00:30:03Z,NVDA,NVDAon,Ondo Global Markets,ethereum,uniswap,USDC,0xa9a6651fba74df1aab94065ffaabe750d6ed835b94a9e28925ec79beec2d5f73,236.048,233.95,2026-10-02T20:00:01Z,CLOSED,0.8968,40159.64,12527.54,103,1,0
2026-10-04T00:30:03Z,NVDA,NVDAon,Ondo Global Markets,ethereum,uniswap,USDC,0xf5294094BCe435bFbd0eC488be5C462aAF32Bc7A,236.17,233.95,2026-10-02T20:00:01Z,CLOSED,0.9489,17441.2,2.67,1,1,0
2026-10-04T00:30:03Z,NVDA,NVDAon,Ondo Global Markets,ethereum,uniswap,ZIK,0xeA0F5b999C66214De7300c5910171A356fdfb3d0,234.38,233.95,2026-10-02T20:00:01Z,CLOSED,0.1838,7699.38,4.09,1,0,0
2026-10-04T00:30:03Z,NVDA,NVDAon,Ondo Global Markets,bsc,pancakeswap,USDT,0xB90BDBFBdfFd4Af5a636b5805539eDeafb969308,235.8,233.95,2026-10-02T20:00:01Z,CLOSED,0.7908,9742.23,516.33,55,1,0
2026-10-04T00:30:03Z,AAPL,AAPLx,xStocks (Backed),solana,raydium,USDC,CKwJZwm7oj3nu4653N1EpDrqXbXAYXoPFiPeEnLouF8y,334.36,333.69,2026-10-02T20:00:01Z,CLOSED,0.2008,305980.42,69972.3,1104,1,0
2026-10-04T00:30:03Z,AAPL,AAPLx,xStocks (Backed),solana,orca,SOL,5VgwxAPD37EHPqtW6v6gWq2bznPDqvpaGDuJoyGm6aJG,332.69,333.69,2026-10-02T20:00:01Z,CLOSED,-0.2997,27993.44,915.74,50,1,0
2026-10-04T00:30:03Z,AAPL,AAPLx,xStocks (Backed),solana,orca,SOL,HQijmgUPWBCYyvjBCymBVS9MZbJPmdJuvQXSfFtTZRz5,333.65,333.69,2026-10-02T20:00:01Z,CLOSED,-0.012,13482.78,4317.89,188,1,0
2026-10-04T00:30:03Z,AAPL,AAPLx,xStocks (Backed),solana,raydium,SOL,EUnoAwXybSenwkvQ3Qp4aWQxmw2AZrVCbAn6Sztjhbjo,333.89,333.69,2026-10-02T20:00:01Z,CLOSED,0.0599,13317.45,2569.79,56,1,0
2026-10-04T00:30:03Z,AAPL,AAPLx,xStocks (Backed),solana,raydium,USDC,ApniVWuZbZoruTAJdyJcLBA4AVw4DKGdV5fHxo6qrAZT,334.24,333.69,2026-10-02T20:00:01Z,CLOSED,0.1648,253672.16,58609.82,1061,1,0
2026-10-04T00:30:03Z,AAPL,AAPLx,xStocks (Backed),solana,orca,USDC,CNsYTuhHBkLQmoWtdoQxqkNxtyhXYvWvQJqzmG2evNEa,333.42,333.69,2026-10-02T20:00:01Z,CLOSED,-0.0809,21373.26,4379.18,152,1,0
2026-10-04T00:30:03Z,AAPL,AAPLon,Ondo Global Markets,ethereum,uniswap,USDC,0xad82C9EB065a5CFed71DB087e4a52C8a09c69921,333.26,333.69,2026-10-02T20:00:01Z,CLOSED,-0.1289,43728.52,8465.45,47,1,0
2026-10-04T00:30:03Z,AAPL,AAPLon,Ondo Global Markets,ethereum,0x00a38533c68327aBE0Cc265436e036066E2D6B38,USDC,0x0d3A432237328D279EcD4A3ED5F462C2A84d8017,334.41,333.69,2026-10-02T20:00:01Z,CLOSED,0.2158,15427.09,906.63,18,1,0
2026-10-04T00:30:03Z,AAPL,AAPLon,Ondo Global Markets,bsc,pancakeswap,ASX,0x061306dF92c6a0538154A40F060573Be638B1066,326.15,333.69,2026-10-02T20:00:01Z,CLOSED,-2.2596,8099.26,23.49,3,0,0
2026-10-04T00:30:03Z,MSFT,MSFTon,Ondo Global Markets,ethereum,uniswap,USDC,0xb97c30485cfdb895a811331e2a3aab1233a5bf8ff27b6be149edbdc7e9a37333,519.36,517.53,2026-10-02T20:00:01Z,CLOSED,0.3536,8513.18,963.75,6,1,0
2026-10-04T00:30:03Z,AMZN,AMZNx,xStocks (Backed),solana,raydium,USDC,6m5aXAve4uh6Kt4ytKyCLWNMjd8PYP5vujwNCtycrUiD,251.74,251.52,2026-10-02T20:00:01Z,CLOSED,0.0875,405248.5,29381.56,593,1,0
2026-10-04T00:30:03Z,AMZN,AMZNx,xStocks (Backed),solana,raydium,SOL,HWZk6MfN28mYqDN1igNETjN2kueEryL33oVgt92Wkv6N,251.74,251.52,2026-10-02T20:00:01Z,CLOSED,0.0875,26830.23,7041.51,241,1,0
2026-10-04T00:30:03Z,AMZN,AMZNx,xStocks (Backed),solana,meteora,SOL,DXAbc6Q3BzfnWbJKVdVyEdLfvMprMNtxb8iz36W2ttZj,251.45,251.52,2026-10-02T20:00:01Z,CLOSED,-0.0278,6615.66,557.31,104,1,0
2026-10-04T00:30:03Z,AMZN,AMZNon,Ondo Global Markets,bsc,pancakeswap,WBNB,0x8617Ba6DEEE616694601ADc41Ab7ffE0e610907E,252.00057,251.52,2026-10-02T20:00:01Z,CLOSED,0.1911,6576.19,40.73,5,1,0
2026-10-04T00:30:03Z,GOOGL,GOOGLx,xStocks (Backed),solana,raydium,USDC,B8YAwjGYk6qidWzGBXMAxP7nYfG8g74EZ3Y4gFSsobRw,344.75,343.5,2026-10-02T20:00:01Z,CLOSED,0.3639,785316.12,54321.4,659,1,0
2026-10-04T00:30:03Z,GOOGL,GOOGLx,xStocks (Backed),solana,meteora,SOL,CmcVVxuMMCdsevwThLwU4PdESB5NxiZJU4mGrxB6QDE4,343.88,343.5,2026-10-02T20:00:01Z,CLOSED,0.1106,70355.8,16087.53,262,1,0
2026-10-04T00:30:03Z,GOOGL,GOOGLx,xStocks (Backed),solana,orca,USDC,Bd8GgEYaHi3zkyjr5ojQKXA82wYqGpB3suV9PQJ8kJ1b,344.28,343.5,2026-10-02T20:00:01Z,CLOSED,0.2271,63173.37,26829.96,479,1,0
2026-10-04T00:30:03Z,GOOGL,GOOGLx,xStocks (Backed),solana,raydium,SOL,3P1PwneDrKfyUVQstaqAQDBWnK2Mcqi1xZ9nteMhDbSB,346.26,343.5,2026-10-02T20:00:01Z,CLOSED,0.8035,66842.66,2049.06,74,1,0
2026-10-04T00:30:03Z,GOOGL,GOOGLx,xStocks (Backed),solana,orca,SOL,Bh3njVo6i3UjgmaevEQMGoidphcueNjoPqGkYLbthzV5,344.34,343.5,2026-10-02T20:00:01Z,CLOSED,0.2445,11840.97,6568.03,499,1,0
2026-10-04T00:30:03Z,GOOGL,GOOGLx,xStocks (Backed),solana,raydium,USDC,Cc2K1QfaVh6XnBgAtzhQK8arWqXYQGhkMNkGaDiHN98Y,344.47,343.5,2026-10-02T20:00:01Z,CLOSED,0.2824,5957.5,477.54,122,1,0
2026-10-04T00:30:03Z,GOOGL,GOOGLx,xStocks (Backed),solana,raydium,USDC,9sw1NZjXFsy5GKkqMpQWV7wopGgMcdkanDqg3f15zQZv,344.93,343.5,2026-10-02T20:00:01Z,CLOSED,0.4163,36468.63,9012.63,312,1,0
2026-10-04T00:30:03Z,GOOGL,GOOGLon,Ondo Global Markets,ethereum,uniswap,USDC,0x39FCB1935f6Ccb0A106D05eB928205C59646af57,343.3,343.5,2026-10-02T20:00:01Z,CLOSED,-0.0582,23064.19,67.71,2,1,0
2026-10-04T00:30:03Z,META,METAx,xStocks (Backed),solana,raydium,USDC,3L7KbPVaAQA4UTecaGQYsm6UCq5F3sZM9zAYkxqYt63j,730.67,728.08,2026-10-02T20:00:01Z,CLOSED,0.3557,875519.51,110596.8,1215,1,0
2026-10-04T00:30:03Z,META,METAx,xStocks (Backed),solana,orca,USDC,59qH56HhMXrXiCMWH46NZ5M3SWhyzVzZnvMP2R27aR7Z,732.48,728.08,2026-10-02T20:00:01Z,CLOSED,0.6043,106687.84,3042.59,83,1,0
2026-10-04T00:30:03Z,META,METAx,xStocks (Backed),solana,meteora,USDC,D8pGWVN3vWeyexBtMZjyyPbcLhM1oeTEMibE9h3nNRYL,732.29,728.08,2026-10-02T20:00:01Z,CLOSED,0.5782,16700.36,22852.96,1012,1,0
2026-10-04T00:30:03Z,META,METAx,xStocks (Backed),solana,raydium,SOL,BE9uiVCxUovYpgA6ard68QRRzo3sCneAkhUtSgy8AjVW,732.65,728.08,2026-10-02T20:00:01Z,CLOSED,0.6277,63180.72,32865.29,755,1,0
2026-10-04T00:30:03Z,META,METAx,xStocks (Backed),solana,raydium,USDC,DpzGDvRfwDk4xfydfjRoSeE9fm1mQnTd3zQaSKhw1oE6,731.33,728.08,2026-10-02T20:00:01Z,CLOSED,0.4464,102963.1,40701.88,307,1,0
2026-10-04T00:30:03Z,META,METAx,xStocks (Backed),solana,meteora,SOL,DUKmnaXkB6AoYBUkeeb25Arfq4oeK4XPf4gkYe7evwkh,729.48,728.08,2026-10-02T20:00:01Z,CLOSED,0.1923,23894.97,4651.98,124,1,0
2026-10-04T00:30:03Z,MSTR,MSTRx,xStocks (Backed),solana,raydium,SOL,2ngTuP7xA581dqX9uJkGRqxmKuehY3k4SDfPebeoRG2J,163.76,160.01,2026-10-02T20:00:01Z,CLOSED,2.3436,874815.21,105321.43,622,1,0
2026-10-04T00:30:03Z,MSTR,MSTRx,xStocks (Backed),solana,raydium,USDC,RyhF4cksVZY7vcqJpoytHcxcGNKRp27PEGhSnEPpbGv,163.52,160.01,2026-10-02T20:00:01Z,CLOSED,2.1936,727717.32,84510.5,241,1,0
2026-10-04T00:30:03Z,MSTR,MSTRx,xStocks (Backed),solana,orca,USDC,CHSijZ92W1A5z93WzGjvBygtxN2LWgAt58uejMDmFVpY,163.53,160.01,2026-10-02T20:00:01Z,CLOSED,2.1999,40073.57,274.25,36,1,0
2026-10-04T00:30:03Z,MSTR,MSTRx,xStocks (Backed),solana,orca,SOL,HzyHKnwmRnnu3yZKzvqfhm2VeWo8V4qWtyNVGVLXrcjC,163.86,160.01,2026-10-02T20:00:01Z,CLOSED,2.4061,33219.05,219.89,10,1,0
2026-10-04T00:30:03Z,MSTR,MSTRx,xStocks (Backed),solana,raydium,CRCLx,Beq8qZeJ4UkdWW7yhnssLzgcGYj9syivePzrtFyc1AYF,162.69,160.01,2026-10-02T20:00:01Z,CLOSED,1.6749,23739.49,662.61,37,0,0
2026-10-04T00:30:03Z,MSTR,MSTRx,xStocks (Backed),solana,raydium,cbBTC,CJJV5dsFXcSoKvjmurS1nfBioH3KcTkP1s23SgQz1Jrs,163.18,160.01,2026-10-02T20:00:01Z,CLOSED,1.9811,16524.61,3599.43,56,0,0
2026-10-04T00:30:03Z,MSTR,MSTRx,xStocks (Backed),solana,orca,USDC,BCvzjDbADhnT3K35kc5TSeMAafNgu9KZVywUq9zWH2mA,163.4,160.01,2026-10-02T20:00:01Z,CLOSED,2.1186,5905.08,922.57,346,1,0
2026-10-04T00:30:03Z,MSTR,MSTRx,xStocks (Backed),solana,meteora,CRCLx,ExwtCL871L2QhHw7EikDPBHfoEHzadxcepdw1Fs3ofoR,162.91,160.01,2026-10-02T20:00:01Z,CLOSED,1.8124,7741.58,10.72,22,0,0
2026-10-04T00:30:03Z,MSTR,MSTRx,xStocks (Backed),solana,meteora,SOL,8yvEgE72BvZs86ZRr9j6ZHgn1zgVpBz2gTmwq7tMcgyH,163.42,160.01,2026-10-02T20:00:01Z,CLOSED,2.1311,6915.84,361.67,49,1,0
2026-10-04T00:30:03Z,COIN,COINx,xStocks (Backed),solana,raydium,USDC,w7SGmPeXoMCsjvXqgsAmUn56uypyDsjAtsxeVkaiqxa,183.38,183.0,2026-10-02T20:00:01Z,CLOSED,0.2077,1449729.04,19744.03,93,1,0
2026-10-04T00:30:03Z,COIN,COINx,xStocks (Backed),solana,raydium,SOL,9NJ7rtJzEnfwvoM6HyB2v6YHcsfS6ZY9DFGprphVX6W,184.24,183.0,2026-10-02T20:00:01Z,CLOSED,0.6776,119187.78,843.32,26,1,0
2026-10-04T00:30:03Z,COIN,COINx,xStocks (Backed),solana,orca,USDC,7ouGUDRMy4C9RJpTgPizRyfcxyJusAEe9ZbjqYv7BSqe,184.41,183.0,2026-10-02T20:00:01Z,CLOSED,0.7705,36802.28,45418.87,309,1,0
2026-10-04T00:30:03Z,COIN,COINx,xStocks (Backed),solana,orca,SOL,A4D97SV1dfCffDo58FEJtZoYycqVTaGVZiDdLiZffDNK,184.091,183.0,2026-10-02T20:00:01Z,CLOSED,0.5962,26465.24,6179.84,244,1,0
2026-10-04T00:30:03Z,HOOD,HOODx,xStocks (Backed),solana,raydium,USDC,DXWbip5LducMAbDSSpLYz9Xik3253EPeAYQufQtx7LXs,113.48,112.74,2026-10-02T20:00:00Z,CLOSED,0.6564,1455527.89,8230.87,21,1,0
2026-10-04T00:30:03Z,HOOD,HOODx,xStocks (Backed),solana,orca,USDC,48dhPm83sXfnRMxKRfv2YuE45DPqrhwPMvGrnTLufvFf,113.46,112.74,2026-10-02T20:00:00Z,CLOSED,0.6386,78093.44,147866.42,1287,1,0
2026-10-04T00:30:03Z,HOOD,HOODx,xStocks (Backed),solana,raydium,SOL,DznDQ6YVmgtZAvwZ4ui6k9MNun9uaozyVFFsiAeAs9f,113.59,112.74,2026-10-02T20:00:00Z,CLOSED,0.7539,65830.99,4706.34,43,1,0
2026-10-04T00:30:03Z,HOOD,HOODx,xStocks (Backed),solana,meteora,SOL,DQ8fjmP2haYxyyJRU99aCaHznK1GSihYyBRZxfP9sfbU,113.25,112.74,2026-10-02T20:00:00Z,CLOSED,0.4524,11102.12,9160.45,386,1,0
2026-10-04T00:30:03Z,CRCL,CRCLon,Ondo Global Markets,bsc,pancakeswap,比特币,0xc1d141d6A9F8e8eb7B9Ce1AEcD4A8932F047c075,82.67,81.25,2026-10-02T20:00:03Z,CLOSED,1.7477,7087.52,48.23,9,0,0
2026-10-04T00:30:03Z,SPY,SPYx,xStocks (Backed),solana,raydium,USDC,4pCZCVEiYyT4efNdXUdL2tJF8VGMgiMXrZWq6FiNXhRw,774.75,769.64,2026-10-02T20:00:00Z,CLOSED,0.6639,524064.52,2911602.31,11805,1,0
2026-10-04T00:30:03Z,SPY,SPYx,xStocks (Backed),solana,raydium,SOL,BS9uyGV6XmNnPkM4f3xgxCdQEaFv7RSKs6fwrpvYHxfL,775.4,769.64,2026-10-02T20:00:00Z,CLOSED,0.7484,762705.89,312069.77,3244,1,0
2026-10-04T00:30:03Z,SPY,SPYx,xStocks (Backed),solana,orca,USDC,Fae5dWVntUt6zbWu2voXxioDpMii7SqQwtsxBmoVCsHR,774.5,769.64,2026-10-02T20:00:00Z,CLOSED,0.6315,338896.28,133284.2,1092,1,0
2026-10-04T00:30:03Z,SPY,SPYx,xStocks (Backed),solana,raydium,USDC,6truu3rZuiB9rKQg4VYC3Dt3QwV7DgwGqXrYUcrvnDDE,774.58,769.64,2026-10-02T20:00:00Z,CLOSED,0.6419,2999486.65,262643.82,607,1,0
2026-10-04T00:30:03Z,SPY,SPYx,xStocks (Backed),solana,raydium,USDC,7sHMnvE7WqP7vQFWJGEnMT4vZg6Za9K7PpddDoXJCqME,773.88,769.64,2026-10-02T20:00:00Z,CLOSED,0.5509,76226.09,4.71,2,1,0
2026-10-04T00:30:03Z,SPY,SPYx,xStocks (Backed),solana,orca,SOL,2dN3fK8xTgYrwoCyt7EydAqVvPvCodYuwGqR2d8sKGFU,773.83,769.64,2026-10-02T20:00:00Z,CLOSED,0.5444,51210.49,1238.14,104,1,0
2026-10-04T00:30:03Z,SPY,SPYx,xStocks (Backed),solana,orca,USDC,gef4pD5g6GJSjX7hfXKUfhCVpE89BzX9TXnXJNW6kSt,774.79,769.64,2026-10-02T20:00:00Z,CLOSED,0.6691,15900.66,11504.91,2657,1,0
2026-10-04T00:30:03Z,SPY,SPYx,xStocks (Backed),solana,meteora,SOL,5JWX8pQhJNpFMjPwKhFSSVWRpss4wSyoqgRGnBNJfyuX,776.22,769.64,2026-10-02T20:00:00Z,CLOSED,0.8549,38965.84,29606.51,1157,1,0
2026-10-04T00:30:03Z,SPY,SPYx,xStocks (Backed),solana,orca,SOL,DAcfUT7Xnfm91xv4YZojgpYirLC3JfDG6PbtNqtaAkTn,773.89,769.64,2026-10-02T20:00:00Z,CLOSED,0.5522,20283.84,958.63,336,1,0
2026-10-04T00:30:03Z,QQQ,QQQx,xStocks (Backed),solana,raydium,USDC,GMjGLWzvK75LPetrgAmdeXnvxc4fUuQPwJxeQqTDU1aG,752.67,749.58,2026-10-02T20:00:00Z,CLOSED,0.4122,2241766.28,73953.76,729,1,0
2026-10-04T00:30:03Z,QQQ,QQQx,xStocks (Backed),solana,raydium,SOL,B6FEtQdwsq8Wuw4G52pW9WEWEA7ALGfyUgXDRKigDSHH,752.47,749.58,2026-10-02T20:00:00Z,CLOSED,0.3855,128327.29,12106.27,200,1,0
2026-10-04T00:30:03Z,QQQ,QQQx,xStocks (Backed),solana,raydium,USDC,FknDV1F5n6QaA7rLmjquDjuU6wcPMNm5RYq7zWbqhpZw,751.56,749.58,2026-10-02T20:00:00Z,CLOSED,0.2641,48840.64,97.27,11,1,0
2026-10-04T00:30:03Z,QQQ,QQQx,xStocks (Backed),solana,raydium,SPYx,FN27PwZpDnSBNZR5vzx6B7waxowV84ZNFQrzgr6XeYbf,752.38,749.58,2026-10-02T20:00:00Z,CLOSED,0.3735,30818.46,59.43,1,0,0
2026-10-04T00:30:03Z,QQQ,QQQx,xStocks (Backed),solana,orca,SPYx,7mYFrN2TQtYc2HMZEXuVfWkPu9n5EFfX9Ha59X3n6PWE,753.055,749.58,2026-10-02T20:00:00Z,CLOSED,0.4636,11767.82,2837.14,562,0,0
2026-10-04T00:30:03Z,QQQ,QQQx,xStocks (Backed),solana,orca,USDC,3GVB4bXtcrP3MM376mrcJDwfTNThvyorLmVgSTf6kxFt,750.73,749.58,2026-10-02T20:00:00Z,CLOSED,0.1534,14046.6,0.0,3,1,0
2026-10-04T00:40:03Z,TSLA,TSLAx,xStocks (Backed),solana,raydium,USDC,8aDaBQkTrS6HVMjyc6EZebgdiaXhLYGriDWKWWp1NpFF,370.85,370.59,2026-10-02T20:00:00Z,CLOSED,0.0702,2292214.88,276410.23,4310,1,0
2026-10-04T00:40:03Z,TSLA,TSLAx,xStocks (Backed),solana,orca,USDC,9p7abUFv31ycgu9kckvnoqMMvBy67dqTDM2m6HP9xokN,371.063,370.59,2026-10-02T20:00:00Z,CLOSED,0.1276,90478.35,55960.37,2081,1,0
2026-10-04T00:40:03Z,TSLA,TSLAx,xStocks (Backed),solana,raydium,SOL,CKmjDiqBCRqR8xk5FjnFiQXuCFsGchiLv9YwYVnE5RJ8,371.2,370.59,2026-10-02T20:00:00Z,CLOSED,0.1646,96299.69,36558.35,718,1,0
2026-10-04T00:40:03Z,TSLA,TSLAx,xStocks (Backed),solana,raydium,USDC,HHQUnUbmWLrYzkscDY1C3deEFbGtiGBGoHjpANogmvum,371.24,370.59,2026-10-02T20:00:00Z,CLOSED,0.1754,451800.41,9163.34,19,1,0
2026-10-04T00:40:03Z,TSLA,TSLAx,xStocks (Backed),solana,orca,SOL,26UY4D6pBHgxYdPWuBP3sfyc4jJf6qQjPDxCJPhtUx3H,370.61,370.59,2026-10-02T20:00:00Z,CLOSED,0.0054,8809.45,623.71,39,1,0
2026-10-04T00:40:03Z,TSLA,TSLAx,xStocks (Backed),solana,meteora,SOL,CHGfdEfKFYDWGPASCsZnpkDzvpLKNEVoAb4UEorPPkGK,370.57,370.59,2026-10-02T20:00:00Z,CLOSED,-0.0054,6363.92,3145.0,107,1,0
2026-10-04T00:40:03Z,TSLA,TSLAx,xStocks (Backed),solana,meteora,NVDAx,8is7SBzMYLUTUtVU5H4QEPkgeQP7WaM7rQ6QPxXTa4PB,370.41,370.59,2026-10-02T20:00:00Z,CLOSED,-0.0486,6271.7,250.43,25,0,0
2026-10-04T00:40:03Z,TSLA,TSLAon,Ondo Global Markets,ethereum,uniswap,USDC,0x31227b50eCCDC9C589826AA2D9E7C5619B1895Da,369.32,370.59,2026-10-02T20:00:00Z,CLOSED,-0.3427,82352.21,35283.24,130,1,0
2026-10-04T00:40:03Z,TSLA,TSLAon,Ondo Global Markets,ethereum,0x00a38533c68327aBE0Cc265436e036066E2D6B38,USDC,0x49b7b66457297f9E0E763BBb151B6DB0c149E988,368.052,370.59,2026-10-02T20:00:00Z,CLOSED,-0.6849,35423.84,9.98,1,1,0
2026-10-04T00:40:03Z,TSLA,TSLAon,Ondo Global Markets,ethereum,0x00a38533c68327aBE0Cc265436e036066E2D6B38,USDC,0xfd62Ce2489f37B9357CD1Aa66a33351580B33231,369.68,370.59,2026-10-02T20:00:00Z,CLOSED,-0.2456,28050.65,228.68,2,1,0
2026-10-04T00:40:03Z,TSLA,TSLAon,Ondo Global Markets,ethereum,0x00a38533c68327aBE0Cc265436e036066E2D6B38,USDC,0xbcD5a4823C3B3faF81EECEfd3b37E1185419E9Ee,370.52,370.59,2026-10-02T20:00:00Z,CLOSED,-0.0189,26137.24,1902.33,7,1,0
2026-10-04T00:40:03Z,NVDA,NVDAx,xStocks (Backed),solana,orca,USDC,6R4r93V5fcMzc13CL2enEepDSYcr4Qx3ptZBDwudTXCo,235.37,233.95,2026-10-02T20:00:01Z,CLOSED,0.607,595001.44,4642255.07,47178,1,0
2026-10-04T00:40:03Z,NVDA,NVDAx,xStocks (Backed),solana,raydium,SOL,38rXq2BuwdNcfnwydw6S2srpNK9N4gVzf39f69suPMsF,235.72,233.95,2026-10-02T20:00:01Z,CLOSED,0.7566,370473.95,537509.41,5803,1,0
2026-10-04T00:40:03Z,NVDA,NVDAx,xStocks (Backed),solana,meteora,SOL,FCn5zw4gAcfRpQgst5ThFuzBGXbbJ6RocVErgC4vJ9j1,235.13,233.95,2026-10-02T20:00:01Z,CLOSED,0.5044,279763.83,384578.57,3743,1,0
2026-10-04T00:40:03Z,NVDA,NVDAx,xStocks (Backed),solana,raydium,USDC,49iMatQtoyabsYAQc8GafVq6aeBFVDxSRH44oiatyyw6,235.47,233.95,2026-10-02T20:00:01Z,CLOSED,0.6497,3086748.76,460134.74,2546,1,0
2026-10-04T00:40:03Z,NVDA,NVDAx,xStocks (Backed),solana,orca,SOL,8Vy5Rjb9vg5nLb8L1r4Di8p9py5BTkp8UJSMHG8AD2zs,235.16,233.95,2026-10-02T20:00:01Z,CLOSED,0.5172,79909.71,150283.67,2978,1,0
2026-10-04T00:40:03Z,NVDA,NVDAx,xStocks (Backed),solana,raydium,USDC,4KqQN6u1pFKroFE2jVEhoepAMRKPcuAzWVDCgm9zRBYN,235.24,233.95,2026-10-02T20:00:01Z,CLOSED,0.5514,130167.11,1067.86,47,1,0
2026-10-04T00:40:03Z,NVDA,NVDAx,xStocks (Backed),solana,orca,CRCLx,HZck8d6gt9n4B2fam9JGLm2w2hYJKm98iAWw1176QgeB,235.14,233.95,2026-10-02T20:00:01Z,CLOSED,0.5087,26442.18,1055.55,62,0,0
2026-10-04T00:40:03Z,NVDA,NVDAx,xStocks (Backed),solana,orca,SPCXx,FTw5jCaWibNK8GeeJXAy8dEWW57UxZquX82P7vZbSoBJ,230.68,233.95,2026-10-02T20:00:01Z,CLOSED,-1.3977,8281.34,38.3,2,0,0
2026-10-04T00:40:03Z,NVDA,NVDAx,xStocks (Backed),solana,meteora,NIGGA,5zFXe8DTPvcmnZMy5uWr8ahNSKcAa3vypiNhm9yUm6aD,2695.77,233.95,2026-10-02T20:00:01Z,CLOSED,1052.2847,21915.4,895.89,8,0,1
2026-10-04T00:40:03Z,NVDA,NVDAon,Ondo Global Markets,ethereum,uniswap,USDC,0xc9b4bC7C15423FCFe6B75aB5118bA773945A3A46,235.54,233.95,2026-10-02T20:00:01Z,CLOSED,0.6796,243168.19,139834.37,500,1,0
2026-10-04T00:40:03Z,NVDA,NVDAon,Ondo Global Markets,ethereum,uniswap,USDC,0xa9a6651fba74df1aab94065ffaabe750d6ed835b94a9e28925ec79beec2d5f73,236.088,233.95,2026-10-02T20:00:01Z,CLOSED,0.9139,40161.83,12423.1,103,1,0
2026-10-04T00:40:03Z,NVDA,NVDAon,Ondo Global Markets,ethereum,uniswap,USDC,0xf5294094BCe435bFbd0eC488be5C462aAF32Bc7A,236.17,233.95,2026-10-02T20:00:01Z,CLOSED,0.9489,17441.2,2.67,1,1,0
2026-10-04T00:40:03Z,NVDA,NVDAon,Ondo Global Markets,ethereum,uniswap,ZIK,0xeA0F5b999C66214De7300c5910171A356fdfb3d0,234.38,233.95,2026-10-02T20:00:01Z,CLOSED,0.1838,7699.38,4.09,1,0,0
2026-10-04T00:40:03Z,NVDA,NVDAon,Ondo Global Markets,bsc,pancakeswap,USDT,0xB90BDBFBdfFd4Af5a636b5805539eDeafb969308,235.8,233.95,2026-10-02T20:00:01Z,CLOSED,0.7908,9742.23,516.33,55,1,0
2026-10-04T00:40:03Z,AAPL,AAPLx,xStocks (Backed),solana,raydium,USDC,CKwJZwm7oj3nu4653N1EpDrqXbXAYXoPFiPeEnLouF8y,334.36,333.69,2026-10-02T20:00:01Z,CLOSED,0.2008,305980.38,69973.49,1107,1,0
2026-10-04T00:40:03Z,AAPL,AAPLx,xStocks (Backed),solana,orca,SOL,5VgwxAPD37EHPqtW6v6gWq2bznPDqvpaGDuJoyGm6aJG,332.69,333.69,2026-10-02T20:00:01Z,CLOSED,-0.2997,27993.44,907.82,49,1,0
2026-10-04T00:40:03Z,AAPL,AAPLx,xStocks (Backed),solana,orca,SOL,HQijmgUPWBCYyvjBCymBVS9MZbJPmdJuvQXSfFtTZRz5,333.65,333.69,2026-10-02T20:00:01Z,CLOSED,-0.012,13482.78,4123.19,177,1,0
2026-10-04T00:40:03Z,AAPL,AAPLx,xStocks (Backed),solana,raydium,SOL,EUnoAwXybSenwkvQ3Qp4aWQxmw2AZrVCbAn6Sztjhbjo,333.89,333.69,2026-10-02T20:00:01Z,CLOSED,0.0599,13317.45,2483.42,47,1,0
2026-10-04T00:40:03Z,AAPL,AAPLx,xStocks (Backed),solana,raydium,USDC,ApniVWuZbZoruTAJdyJcLBA4AVw4DKGdV5fHxo6qrAZT,334.24,333.69,2026-10-02T20:00:01Z,CLOSED,0.1648,253672.01,58412.17,1047,1,0
2026-10-04T00:40:03Z,AAPL,AAPLx,xStocks (Backed),solana,orca,USDC,CNsYTuhHBkLQmoWtdoQxqkNxtyhXYvWvQJqzmG2evNEa,333.42,333.69,2026-10-02T20:00:01Z,CLOSED,-0.0809,21373.26,4379.18,152,1,0
2026-10-04T00:40:03Z,AAPL,AAPLon,Ondo Global Markets,ethereum,uniswap,USDC,0xad82C9EB065a5CFed71DB087e4a52C8a09c69921,333.26,333.69,2026-10-02T20:00:01Z,CLOSED,-0.1289,43728.52,8243.22,46,1,0
2026-10-04T00:40:03Z,AAPL,AAPLon,Ondo Global Markets,ethereum,0x00a38533c68327aBE0Cc265436e036066E2D6B38,USDC,0x0d3A432237328D279EcD4A3ED5F462C2A84d8017,334.41,333.69,2026-10-02T20:00:01Z,CLOSED,0.2158,15427.09,906.63,18,1,0
2026-10-04T00:40:03Z,AAPL,AAPLon,Ondo Global Markets,bsc,pancakeswap,ASX,0x061306dF92c6a0538154A40F060573Be638B1066,326.15,333.69,2026-10-02T20:00:01Z,CLOSED,-2.2596,8099.26,23.49,3,0,0
2026-10-04T00:40:03Z,MSFT,MSFTon,Ondo Global Markets,ethereum,uniswap,USDC,0xb97c30485cfdb895a811331e2a3aab1233a5bf8ff27b6be149edbdc7e9a37333,519.36,517.53,2026-10-02T20:00:01Z,CLOSED,0.3536,8513.18,963.75,6,1,0
2026-10-04T00:40:03Z,AMZN,AMZNx,xStocks (Backed),solana,raydium,USDC,6m5aXAve4uh6Kt4ytKyCLWNMjd8PYP5vujwNCtycrUiD,251.74,251.52,2026-10-02T20:00:01Z,CLOSED,0.0875,405248.51,29375.33,596,1,0
2026-10-04T00:40:03Z,AMZN,AMZNx,xStocks (Backed),solana,raydium,SOL,HWZk6MfN28mYqDN1igNETjN2kueEryL33oVgt92Wkv6N,252.13,251.52,2026-10-02T20:00:01Z,CLOSED,0.2425,26871.3,7004.48,234,1,0
2026-10-04T00:40:03Z,AMZN,AMZNx,xStocks (Backed),solana,meteora,SOL,DXAbc6Q3BzfnWbJKVdVyEdLfvMprMNtxb8iz36W2ttZj,251.49,251.52,2026-10-02T20:00:01Z,CLOSED,-0.0119,6616.74,538.71,103,1,0
2026-10-04T00:40:03Z,AMZN,AMZNon,Ondo Global Markets,bsc,pancakeswap,WBNB,0x8617Ba6DEEE616694601ADc41Ab7ffE0e610907E,252.00057,251.52,2026-10-02T20:00:01Z,CLOSED,0.1911,6576.19,40.73,5,1,0
2026-10-04T00:40:03Z,GOOGL,GOOGLx,xStocks (Backed),solana,raydium,USDC,B8YAwjGYk6qidWzGBXMAxP7nYfG8g74EZ3Y4gFSsobRw,344.75,343.5,2026-10-02T20:00:01Z,CLOSED,0.3639,785319.24,54370.59,660,1,0
2026-10-04T00:40:03Z,GOOGL,GOOGLx,xStocks (Backed),solana,meteora,SOL,CmcVVxuMMCdsevwThLwU4PdESB5NxiZJU4mGrxB6QDE4,344.16,343.5,2026-10-02T20:00:01Z,CLOSED,0.1921,70428.26,13706.24,253,1,0
2026-10-04T00:40:03Z,GOOGL,GOOGLx,xStocks (Backed),solana,orca,USDC,Bd8GgEYaHi3zkyjr5ojQKXA82wYqGpB3suV9PQJ8kJ1b,344.28,343.5,2026-10-02T20:00:01Z,CLOSED,0.2271,63173.37,26820.53,477,1,0
2026-10-04T00:40:03Z,GOOGL,GOOGLx,xStocks (Backed),solana,raydium,SOL,3P1PwneDrKfyUVQstaqAQDBWnK2Mcqi1xZ9nteMhDbSB,346.26,343.5,2026-10-02T20:00:01Z,CLOSED,0.8035,66842.66,2049.06,74,1,0
2026-10-04T00:40:03Z,GOOGL,GOOGLx,xStocks (Backed),solana,orca,SOL,Bh3njVo6i3UjgmaevEQMGoidphcueNjoPqGkYLbthzV5,344.42,343.5,2026-10-02T20:00:01Z,CLOSED,0.2678,11846.87,6230.0,491,1,0
2026-10-04T00:40:03Z,GOOGL,GOOGLx,xStocks (Backed),solana,raydium,USDC,Cc2K1QfaVh6XnBgAtzhQK8arWqXYQGhkMNkGaDiHN98Y,344.66,343.5,2026-10-02T20:00:01Z,CLOSED,0.3377,5959.99,525.12,121,1,0
2026-10-04T00:40:03Z,GOOGL,GOOGLx,xStocks (Backed),solana,raydium,USDC,9sw1NZjXFsy5GKkqMpQWV7wopGgMcdkanDqg3f15zQZv,344.92,343.5,2026-10-02T20:00:01Z,CLOSED,0.4134,36468.29,9006.77,311,1,0
2026-10-04T00:40:03Z,GOOGL,GOOGLon,Ondo Global Markets,ethereum,uniswap,USDC,0x39FCB1935f6Ccb0A106D05eB928205C59646af57,343.3,343.5,2026-10-02T20:00:01Z,CLOSED,-0.0582,23064.19,67.71,2,1,0
2026-10-04T00:40:03Z,META,METAx,xStocks (Backed),solana,raydium,USDC,3L7KbPVaAQA4UTecaGQYsm6UCq5F3sZM9zAYkxqYt63j,730.67,728.08,2026-10-02T20:00:01Z,CLOSED,0.3557,875519.51,110346.68,1202,1,0
2026-10-04T00:40:03Z,META,METAx,xStocks (Backed),solana,orca,USDC,59qH56HhMXrXiCMWH46NZ5M3SWhyzVzZnvMP2R27aR7Z,732.48,728.08,2026-10-02T20:00:01Z,CLOSED,0.6043,106687.84,3042.59,83,1,0
2026-10-04T00:40:03Z,META,METAx,xStocks (Backed),solana,meteora,USDC,D8pGWVN3vWeyexBtMZjyyPbcLhM1oeTEMibE9h3nNRYL,732.29,728.08,2026-10-02T20:00:01Z,CLOSED,0.5782,16700.39,22816.06,1010,1,0
2026-10-04T00:40:03Z,META,METAx,xStocks (Backed),solana,raydium,SOL,BE9uiVCxUovYpgA6ard68QRRzo3sCneAkhUtSgy8AjVW,731.14,728.08,2026-10-02T20:00:01Z,CLOSED,0.4203,63121.59,32184.47,748,1,0
2026-10-04T00:40:03Z,META,METAx,xStocks (Backed),solana,raydium,USDC,DpzGDvRfwDk4xfydfjRoSeE9fm1mQnTd3zQaSKhw1oE6,731.39,728.08,2026-10-02T20:00:01Z,CLOSED,0.4546,102966.13,41191.05,308,1,0
2026-10-04T00:40:03Z,META,METAx,xStocks (Backed),solana,meteora,SOL,DUKmnaXkB6AoYBUkeeb25Arfq4oeK4XPf4gkYe7evwkh,731.43,728.08,2026-10-02T20:00:01Z,CLOSED,0.4601,21843.28,4272.43,126,1,0
2026-10-04T00:40:03Z,MSTR,MSTRx,xStocks (Backed),solana,raydium,SOL,2ngTuP7xA581dqX9uJkGRqxmKuehY3k4SDfPebeoRG2J,163.74,160.01,2026-10-02T20:00:01Z,CLOSED,2.3311,874705.23,105524.91,624,1,0
2026-10-04T00:40:03Z,MSTR,MSTRx,xStocks (Backed),solana,raydium,USDC,RyhF4cksVZY7vcqJpoytHcxcGNKRp27PEGhSnEPpbGv,163.52,160.01,2026-10-02T20:00:01Z,CLOSED,2.1936,727717.32,77433.58,210,1,0
2026-10-04T00:40:03Z,MSTR,MSTRx,xStocks (Backed),solana,orca,USDC,CHSijZ92W1A5z93WzGjvBygtxN2LWgAt58uejMDmFVpY,163.53,160.01,2026-10-02T20:00:01Z,CLOSED,2.1999,40073.57,250.25,32,1,0
2026-10-04T00:40:03Z,MSTR,MSTRx,xStocks (Backed),solana,orca,SOL,HzyHKnwmRnnu3yZKzvqfhm2VeWo8V4qWtyNVGVLXrcjC,163.86,160.01,2026-10-02T20:00:01Z,CLOSED,2.4061,33219.05,219.89,10,1,0
2026-10-04T00:40:03Z,MSTR,MSTRx,xStocks (Backed),solana,raydium,CRCLx,Beq8qZeJ4UkdWW7yhnssLzgcGYj9syivePzrtFyc1AYF,162.69,160.01,2026-10-02T20:00:01Z,CLOSED,1.6749,23739.49,662.61,37,0,0
2026-10-04T00:40:03Z,MSTR,MSTRx,xStocks (Backed),solana,raydium,cbBTC,CJJV5dsFXcSoKvjmurS1nfBioH3KcTkP1s23SgQz1Jrs,163.1,160.01,2026-10-02T20:00:01Z,CLOSED,1.9311,16513.07,3475.93,49,0,0
2026-10-04T00:40:03Z,MSTR,MSTRx,xStocks (Backed),solana,orca,USDC,BCvzjDbADhnT3K35kc5TSeMAafNgu9KZVywUq9zWH2mA,163.56,160.01,2026-10-02T20:00:01Z,CLOSED,2.2186,5909.08,911.92,344,1,0
2026-10-04T00:40:03Z,MSTR,MSTRx,xStocks (Backed),solana,meteora,CRCLx,ExwtCL871L2QhHw7EikDPBHfoEHzadxcepdw1Fs3ofoR,162.91,160.01,2026-10-02T20:00:01Z,CLOSED,1.8124,7741.58,10.72,22,0,0
2026-10-04T00:40:03Z,MSTR,MSTRx,xStocks (Backed),solana,meteora,SOL,8yvEgE72BvZs86ZRr9j6ZHgn1zgVpBz2gTmwq7tMcgyH,163.42,160.01,2026-10-02T20:00:01Z,CLOSED,2.1311,6915.84,361.67,49,1,0
2026-10-04T00:40:03Z,COIN,COINx,xStocks (Backed),solana,raydium,USDC,w7SGmPeXoMCsjvXqgsAmUn56uypyDsjAtsxeVkaiqxa,183.38,183.0,2026-10-02T20:00:01Z,CLOSED,0.2077,1449729.04,19744.03,93,1,0
2026-10-04T00:40:03Z,COIN,COINx,xStocks (Backed),solana,raydium,SOL,9NJ7rtJzEnfwvoM6HyB2v6YHcsfS6ZY9DFGprphVX6W,184.24,183.0,2026-10-02T20:00:01Z,CLOSED,0.6776,119187.78,843.32,26,1,0
2026-10-04T00:40:03Z,COIN,COINx,xStocks (Backed),solana,orca,USDC,7ouGUDRMy4C9RJpTgPizRyfcxyJusAEe9ZbjqYv7BSqe,184.41,183.0,2026-10-02T20:00:01Z,CLOSED,0.7705,36802.35,45375.52,296,1,0
2026-10-04T00:40:03Z,COIN,COINx,xStocks (Backed),solana,orca,SOL,A4D97SV1dfCffDo58FEJtZoYycqVTaGVZiDdLiZffDNK,183.93,183.0,2026-10-02T20:00:01Z,CLOSED,0.5082,26449.67,6217.82,240,1,0
2026-10-04T00:40:03Z,HOOD,HOODx,xStocks (Backed),solana,raydium,USDC,DXWbip5LducMAbDSSpLYz9Xik3253EPeAYQufQtx7LXs,113.48,112.74,2026-10-02T20:00:00Z,CLOSED,0.6564,1455517.43,8230.87,22,1,0
2026-10-04T00:40:03Z,HOOD,HOODx,xStocks (Backed),solana,orca,USDC,48dhPm83sXfnRMxKRfv2YuE45DPqrhwPMvGrnTLufvFf,113.47,112.74,2026-10-02T20:00:00Z,CLOSED,0.6475,78099.86,146869.83,1286,1,0
2026-10-04T00:40:03Z,HOOD,HOODx,xStocks (Backed),solana,raydium,SOL,DznDQ6YVmgtZAvwZ4ui6k9MNun9uaozyVFFsiAeAs9f,113.59,112.74,2026-10-02T20:00:00Z,CLOSED,0.7539,65830.99,4706.34,43,1,0
2026-10-04T00:40:03Z,HOOD,HOODx,xStocks (Backed),solana,meteora,SOL,DQ8fjmP2haYxyyJRU99aCaHznK1GSihYyBRZxfP9sfbU,113.27,112.74,2026-10-02T20:00:00Z,CLOSED,0.4701,11104.02,9135.96,385,1,0
2026-10-04T00:40:03Z,CRCL,CRCLon,Ondo Global Markets,bsc,pancakeswap,比特币,0xc1d141d6A9F8e8eb7B9Ce1AEcD4A8932F047c075,82.67,81.25,2026-10-02T20:00:03Z,CLOSED,1.7477,7087.52,27.56,8,0,0
2026-10-04T00:40:03Z,SPY,SPYx,xStocks (Backed),solana,raydium,USDC,4pCZCVEiYyT4efNdXUdL2tJF8VGMgiMXrZWq6FiNXhRw,774.79,769.64,2026-10-02T20:00:00Z,CLOSED,0.6691,524073.53,2856590.21,11698,1,0
2026-10-04T00:40:03Z,SPY,SPYx,xStocks (Backed),solana,raydium,SOL,BS9uyGV6XmNnPkM4f3xgxCdQEaFv7RSKs6fwrpvYHxfL,774.9,769.64,2026-10-02T20:00:00Z,CLOSED,0.6834,762322.54,305070.19,3164,1,0
2026-10-04T00:40:03Z,SPY,SPYx,xStocks (Backed),solana,orca,USDC,Fae5dWVntUt6zbWu2voXxioDpMii7SqQwtsxBmoVCsHR,774.49,769.64,2026-10-02T20:00:00Z,CLOSED,0.6302,338893.13,130574.77,1066,1,0
2026-10-04T00:40:03Z,SPY,SPYx,xStocks (Backed),solana,raydium,USDC,6truu3rZuiB9rKQg4VYC3Dt3QwV7DgwGqXrYUcrvnDDE,774.58,769.64,2026-10-02T20:00:00Z,CLOSED,0.6419,2996966.07,262586.26,606,1,0
2026-10-04T00:40:03Z,SPY,SPYx,xStocks (Backed),solana,raydium,USDC,7sHMnvE7WqP7vQFWJGEnMT4vZg6Za9K7PpddDoXJCqME,773.88,769.64,2026-10-02T20:00:00Z,CLOSED,0.5509,76226.09,4.71,2,1,0
2026-10-04T00:40:03Z,SPY,SPYx,xStocks (Backed),solana,orca,SOL,2dN3fK8xTgYrwoCyt7EydAqVvPvCodYuwGqR2d8sKGFU,773.59,769.64,2026-10-02T20:00:00Z,CLOSED,0.5132,51216.11,1713.82,206,1,0
2026-10-04T00:40:03Z,SPY,SPYx,xStocks (Backed),solana,orca,USDC,gef4pD5g6GJSjX7hfXKUfhCVpE89BzX9TXnXJNW6kSt,774.76,769.64,2026-10-02T20:00:00Z,CLOSED,0.6652,15900.42,11321.88,2657,1,0
2026-10-04T00:40:03Z,SPY,SPYx,xStocks (Backed),solana,meteora,SOL,5JWX8pQhJNpFMjPwKhFSSVWRpss4wSyoqgRGnBNJfyuX,776.18,769.64,2026-10-02T20:00:00Z,CLOSED,0.8497,38963.07,26767.78,1134,1,0
2026-10-04T00:40:03Z,SPY,SPYx,xStocks (Backed),solana,orca,SOL,DAcfUT7Xnfm91xv4YZojgpYirLC3JfDG6PbtNqtaAkTn,773.14,769.64,2026-10-02T20:00:00Z,CLOSED,0.4548,20276.19,1125.47,361,1,0
2026-10-04T00:40:03Z,QQQ,QQQx,xStocks (Backed),solana,raydium,USDC,GMjGLWzvK75LPetrgAmdeXnvxc4fUuQPwJxeQqTDU1aG,752.67,749.58,2026-10-02T20:00:00Z,CLOSED,0.4122,2241766.28,73921.7,726,1,0
2026-10-04T00:40:03Z,QQQ,QQQx,xStocks (Backed),solana,raydium,SOL,B6FEtQdwsq8Wuw4G52pW9WEWEA7ALGfyUgXDRKigDSHH,753.91,749.58,2026-10-02T20:00:00Z,CLOSED,0.5777,128583.92,12164.46,203,1,0
2026-10-04T00:40:03Z,QQQ,QQQx,xStocks (Backed),solana,raydium,USDC,FknDV1F5n6QaA7rLmjquDjuU6wcPMNm5RYq7zWbqhpZw,751.56,749.58,2026-10-02T20:00:00Z,CLOSED,0.2641,48840.64,97.27,11,1,0
2026-10-04T00:40:03Z,QQQ,QQQx,xStocks (Backed),solana,raydium,SPYx,FN27PwZpDnSBNZR5vzx6B7waxowV84ZNFQrzgr6XeYbf,752.38,749.58,2026-10-02T20:00:00Z,CLOSED,0.3735,30818.46,59.43,1,0,0
2026-10-04T00:40:03Z,QQQ,QQQx,xStocks (Backed),solana,orca,SPYx,7mYFrN2TQtYc2HMZEXuVfWkPu9n5EFfX9Ha59X3n6PWE,753.11,749.58,2026-10-02T20:00:00Z,CLOSED,0.4709,11767.99,2826.19,561,0,0
2026-10-04T00:40:03Z,QQQ,QQQx,xStocks (Backed),solana,orca,USDC,3GVB4bXtcrP3MM376mrcJDwfTNThvyorLmVgSTf6kxFt,750.73,749.58,2026-10-02T20:00:00Z,CLOSED,0.1534,14046.6,0.0,3,1,0
2026-10-04T00:50:03Z,TSLA,TSLAx,xStocks (Backed),solana,raydium,USDC,8aDaBQkTrS6HVMjyc6EZebgdiaXhLYGriDWKWWp1NpFF,370.85,370.59,2026-10-02T20:00:00Z,CLOSED,0.0702,2292236.78,276517.99,4311,1,0
2026-10-04T00:50:03Z,TSLA,TSLAx,xStocks (Backed),solana,orca,USDC,9p7abUFv31ycgu9kckvnoqMMvBy67dqTDM2m6HP9xokN,371.24,370.59,2026-10-02T20:00:00Z,CLOSED,0.1754,90514.97,56001.69,2083,1,0
2026-10-04T00:50:03Z,TSLA,TSLAx,xStocks (Backed),solana,raydium,SOL,CKmjDiqBCRqR8xk5FjnFiQXuCFsGchiLv9YwYVnE5RJ8,371.2,370.59,2026-10-02T20:00:00Z,CLOSED,0.1646,96299.69,36558.35,718,1,0
2026-10-04T00:50:03Z,TSLA,TSLAx,xStocks (Backed),solana,raydium,USDC,HHQUnUbmWLrYzkscDY1C3deEFbGtiGBGoHjpANogmvum,371.24,370.59,2026-10-02T20:00:00Z,CLOSED,0.1754,451800.41,9163.34,19,1,0
2026-10-04T00:50:03Z,TSLA,TSLAx,xStocks (Backed),solana,orca,SOL,26UY4D6pBHgxYdPWuBP3sfyc4jJf6qQjPDxCJPhtUx3H,370.61,370.59,2026-10-02T20:00:00Z,CLOSED,0.0054,8809.45,623.71,39,1,0
2026-10-04T00:50:03Z,TSLA,TSLAx,xStocks (Backed),solana,meteora,SOL,CHGfdEfKFYDWGPASCsZnpkDzvpLKNEVoAb4UEorPPkGK,370.57,370.59,2026-10-02T20:00:00Z,CLOSED,-0.0054,6363.92,3145.0,107,1,0
2026-10-04T00:50:03Z,TSLA,TSLAx,xStocks (Backed),solana,meteora,NVDAx,8is7SBzMYLUTUtVU5H4QEPkgeQP7WaM7rQ6QPxXTa4PB,370.41,370.59,2026-10-02T20:00:00Z,CLOSED,-0.0486,6271.7,250.43,25,0,0
2026-10-04T00:50:03Z,TSLA,TSLAon,Ondo Global Markets,ethereum,uniswap,USDC,0x31227b50eCCDC9C589826AA2D9E7C5619B1895Da,369.27,370.59,2026-10-02T20:00:00Z,CLOSED,-0.3562,83342.86,35424.67,132,1,0
2026-10-04T00:50:03Z,TSLA,TSLAon,Ondo Global Markets,ethereum,0x00a38533c68327aBE0Cc265436e036066E2D6B38,USDC,0x49b7b66457297f9E0E763BBb151B6DB0c149E988,368.052,370.59,2026-10-02T20:00:00Z,CLOSED,-0.6849,35423.84,9.98,1,1,0
2026-10-04T00:50:03Z,TSLA,TSLAon,Ondo Global Markets,ethereum,0x00a38533c68327aBE0Cc265436e036066E2D6B38,USDC,0xfd62Ce2489f37B9357CD1Aa66a33351580B33231,369.68,370.59,2026-10-02T20:00:00Z,CLOSED,-0.2456,28050.65,228.68,2,1,0
2026-10-04T00:50:03Z,TSLA,TSLAon,Ondo Global Markets,ethereum,0x00a38533c68327aBE0Cc265436e036066E2D6B38,USDC,0xbcD5a4823C3B3faF81EECEfd3b37E1185419E9Ee,370.52,370.59,2026-10-02T20:00:00Z,CLOSED,-0.0189,26137.24,1902.33,7,1,0
2026-10-04T00:50:03Z,NVDA,NVDAx,xStocks (Backed),solana,orca,USDC,6R4r93V5fcMzc13CL2enEepDSYcr4Qx3ptZBDwudTXCo,235.46,233.95,2026-10-02T20:00:01Z,CLOSED,0.6454,595084.83,4623595.14,46944,1,0
2026-10-04T00:50:03Z,NVDA,NVDAx,xStocks (Backed),solana,raydium,SOL,38rXq2BuwdNcfnwydw6S2srpNK9N4gVzf39f69suPMsF,235.85,233.95,2026-10-02T20:00:01Z,CLOSED,0.8121,370646.04,538086.03,5811,1,0
2026-10-04T00:50:03Z,NVDA,NVDAx,xStocks (Backed),solana,meteora,SOL,FCn5zw4gAcfRpQgst5ThFuzBGXbbJ6RocVErgC4vJ9j1,236.12,233.95,2026-10-02T20:00:01Z,CLOSED,0.9275,280334.72,382284.55,3716,1,0
2026-10-04T00:50:03Z,NVDA,NVDAx,xStocks (Backed),solana,raydium,USDC,49iMatQtoyabsYAQc8GafVq6aeBFVDxSRH44oiatyyw6,235.45,233.95,2026-10-02T20:00:01Z,CLOSED,0.6412,3086697.08,461871.47,2550,1,0
2026-10-04T00:50:03Z,NVDA,NVDAx,xStocks (Backed),solana,orca,SOL,8Vy5Rjb9vg5nLb8L1r4Di8p9py5BTkp8UJSMHG8AD2zs,236.043,233.95,2026-10-02T20:00:01Z,CLOSED,0.8946,80090.29,149646.86,2953,1,0
2026-10-04T00:50:03Z,NVDA,NVDAx,xStocks (Backed),solana,raydium,USDC,4KqQN6u1pFKroFE2jVEhoepAMRKPcuAzWVDCgm9zRBYN,235.24,233.95,2026-10-02T20:00:01Z,CLOSED,0.5514,130167.11,1067.86,47,1,0
2026-10-04T00:50:03Z,NVDA,NVDAx,xStocks (Backed),solana,orca,CRCLx,HZck8d6gt9n4B2fam9JGLm2w2hYJKm98iAWw1176QgeB,235.14,233.95,2026-10-02T20:00:01Z,CLOSED,0.5087,26442.18,1012.56,60,0,0
2026-10-04T00:50:03Z,NVDA,NVDAx,xStocks (Backed),solana,orca,SPCXx,FTw5jCaWibNK8GeeJXAy8dEWW57UxZquX82P7vZbSoBJ,230.68,233.95,2026-10-02T20:00:01Z,CLOSED,-1.3977,8281.34,38.3,2,0,0
2026-10-04T00:50:03Z,NVDA,NVDAx,xStocks (Backed),solana,meteora,NIGGA,5zFXe8DTPvcmnZMy5uWr8ahNSKcAa3vypiNhm9yUm6aD,2695.77,233.95,2026-10-02T20:00:01Z,CLOSED,1052.2847,21915.4,895.89,8,0,1
2026-10-04T00:50:03Z,NVDA,NVDAon,Ondo Global Markets,ethereum,uniswap,USDC,0xc9b4bC7C15423FCFe6B75aB5118bA773945A3A46,235.63,233.95,2026-10-02T20:00:01Z,CLOSED,0.7181,243189.0,138504.13,501,1,0
2026-10-04T00:50:03Z,NVDA,NVDAon,Ondo Global Markets,ethereum,uniswap,USDC,0xa9a6651fba74df1aab94065ffaabe750d6ed835b94a9e28925ec79beec2d5f73,236.088,233.95,2026-10-02T20:00:01Z,CLOSED,0.9139,40161.83,12423.1,103,1,0
2026-10-04T00:50:03Z,NVDA,NVDAon,Ondo Global Markets,ethereum,uniswap,USDC,0xf5294094BCe435bFbd0eC488be5C462aAF32Bc7A,236.17,233.95,2026-10-02T20:00:01Z,CLOSED,0.9489,17441.2,2.67,1,1,0
2026-10-04T00:50:03Z,NVDA,NVDAon,Ondo Global Markets,ethereum,uniswap,ZIK,0xeA0F5b999C66214De7300c5910171A356fdfb3d0,234.38,233.95,2026-10-02T20:00:01Z,CLOSED,0.1838,7699.38,4.09,1,0,0
2026-10-04T00:50:03Z,NVDA,NVDAon,Ondo Global Markets,bsc,pancakeswap,USDT,0xB90BDBFBdfFd4Af5a636b5805539eDeafb969308,235.8,233.95,2026-10-02T20:00:01Z,CLOSED,0.7908,9742.22,516.37,56,1,0
2026-10-04T00:50:03Z,AAPL,AAPLx,xStocks (Backed),solana,raydium,USDC,CKwJZwm7oj3nu4653N1EpDrqXbXAYXoPFiPeEnLouF8y,334.36,333.69,2026-10-02T20:00:01Z,CLOSED,0.2008,305980.38,69953.33,1084,1,0
2026-10-04T00:50:03Z,AAPL,AAPLx,xStocks (Backed),solana,orca,SOL,5VgwxAPD37EHPqtW6v6gWq2bznPDqvpaGDuJoyGm6aJG,332.69,333.69,2026-10-02T20:00:01Z,CLOSED,-0.2997,27993.44,907.82,49,1,0
2026-10-04T00:50:03Z,AAPL,AAPLx,xStocks (Backed),solana,orca,SOL,HQijmgUPWBCYyvjBCymBVS9MZbJPmdJuvQXSfFtTZRz5,333.9,333.69,2026-10-02T20:00:01Z,CLOSED,0.0629,13496.92,4251.24,179,1,0
2026-10-04T00:50:03Z,AAPL,AAPLx,xStocks (Backed),solana,raydium,SOL,EUnoAwXybSenwkvQ3Qp4aWQxmw2AZrVCbAn6Sztjhbjo,333.89,333.69,2026-10-02T20:00:01Z,CLOSED,0.0599,13317.45,2471.49,46,1,0
2026-10-04T00:50:03Z,AAPL,AAPLx,xStocks (Backed),solana,raydium,USDC,ApniVWuZbZoruTAJdyJcLBA4AVw4DKGdV5fHxo6qrAZT,334.3,333.69,2026-10-02T20:00:01Z,CLOSED,0.1828,253693.69,57868.03,1049,1,0
2026-10-04T00:50:03Z,AAPL,AAPLx,xStocks (Backed),solana,orca,USDC,CNsYTuhHBkLQmoWtdoQxqkNxtyhXYvWvQJqzmG2evNEa,333.42,333.69,2026-10-02T20:00:01Z,CLOSED,-0.0809,21373.26,4378.18,151,1,0
2026-10-04T00:50:03Z,AAPL,AAPLon,Ondo Global Markets,ethereum,uniswap,USDC,0xad82C9EB065a5CFed71DB087e4a52C8a09c69921,333.26,333.69,2026-10-02T20:00:01Z,CLOSED,-0.1289,43728.52,8243.22,46,1,0
2026-10-04T00:50:03Z,AAPL,AAPLon,Ondo Global Markets,ethereum,0x00a38533c68327aBE0Cc265436e036066E2D6B38,USDC,0x0d3A432237328D279EcD4A3ED5F462C2A84d8017,334.41,333.69,2026-10-02T20:00:01Z,CLOSED,0.2158,15427.09,906.63,18,1,0
2026-10-04T00:50:03Z,AAPL,AAPLon,Ondo Global Markets,bsc,pancakeswap,ASX,0x061306dF92c6a0538154A40F060573Be638B1066,326.15,333.69,2026-10-02T20:00:01Z,CLOSED,-2.2596,8099.26,23.49,3,0,0
2026-10-04T00:50:03Z,MSFT,MSFTon,Ondo Global Markets,ethereum,uniswap,USDC,0xb97c30485cfdb895a811331e2a3aab1233a5bf8ff27b6be149edbdc7e9a37333,519.36,517.53,2026-10-02T20:00:01Z,CLOSED,0.3536,8513.18,963.75,6,1,0
2026-10-04T00:50:03Z,AMZN,AMZNx,xStocks (Backed),solana,raydium,USDC,6m5aXAve4uh6Kt4ytKyCLWNMjd8PYP5vujwNCtycrUiD,251.74,251.52,2026-10-02T20:00:01Z,CLOSED,0.0875,405248.61,29378.36,598,1,0
2026-10-04T00:50:03Z,AMZN,AMZNx,xStocks (Backed),solana,raydium,SOL,HWZk6MfN28mYqDN1igNETjN2kueEryL33oVgt92Wkv6N,252.29,251.52,2026-10-02T20:00:01Z,CLOSED,0.3061,26888.93,7006.66,234,1,0
2026-10-04T00:50:03Z,AMZN,AMZNx,xStocks (Backed),solana,meteora,SOL,DXAbc6Q3BzfnWbJKVdVyEdLfvMprMNtxb8iz36W2ttZj,251.66,251.52,2026-10-02T20:00:01Z,CLOSED,0.0557,6621.21,541.6,105,1,0
2026-10-04T00:50:03Z,AMZN,AMZNon,Ondo Global Markets,bsc,pancakeswap,WBNB,0x8617Ba6DEEE616694601ADc41Ab7ffE0e610907E,252.00057,251.52,2026-10-02T20:00:01Z,CLOSED,0.1911,6576.19,40.73,5,1,0
2026-10-04T00:50:03Z,GOOGL,GOOGLx,xStocks (Backed),solana,raydium,USDC,B8YAwjGYk6qidWzGBXMAxP7nYfG8g74EZ3Y4gFSsobRw,344.75,343.5,2026-10-02T20:00:01Z,CLOSED,0.3639,785319.24,54011.72,657,1,0
2026-10-04T00:50:03Z,GOOGL,GOOGLx,xStocks (Backed),solana,meteora,SOL,CmcVVxuMMCdsevwThLwU4PdESB5NxiZJU4mGrxB6QDE4,344.16,343.5,2026-10-02T20:00:01Z,CLOSED,0.1921,70428.26,13706.24,253,1,0
2026-10-04T00:50:03Z,GOOGL,GOOGLx,xStocks (Backed),solana,orca,USDC,Bd8GgEYaHi3zkyjr5ojQKXA82wYqGpB3suV9PQJ8kJ1b,344.28,343.5,2026-10-02T20:00:01Z,CLOSED,0.2271,63173.37,26664.79,474,1,0
2026-10-04T00:50:03Z,GOOGL,GOOGLx,xStocks (Backed),solana,raydium,SOL,3P1PwneDrKfyUVQstaqAQDBWnK2Mcqi1xZ9nteMhDbSB,346.26,343.5,2026-10-02T20:00:01Z,CLOSED,0.8035,66842.66,2049.06,74,1,0
2026-10-04T00:50:03Z,GOOGL,GOOGLx,xStocks (Backed),solana,orca,SOL,Bh3njVo6i3UjgmaevEQMGoidphcueNjoPqGkYLbthzV5,344.42,343.5,2026-10-02T20:00:01Z,CLOSED,0.2678,11846.87,6230.0,491,1,0
2026-10-04T00:50:03Z,GOOGL,GOOGLx,xStocks (Backed),solana,raydium,USDC,Cc2K1QfaVh6XnBgAtzhQK8arWqXYQGhkMNkGaDiHN98Y,344.66,343.5,2026-10-02T20:00:01Z,CLOSED,0.3377,5959.99,501.44,119,1,0
2026-10-04T00:50:03Z,GOOGL,GOOGLx,xStocks (Backed),solana,orca,USDC,FaGxc8NXSXBrT6idTxjw3o8et4MmFjxRMQvVF7ChsgZV,345.15,343.5,2026-10-02T20:00:01Z,CLOSED,0.4803,5417.68,20.03,1,1,0
2026-10-04T00:50:03Z,GOOGL,GOOGLx,xStocks (Backed),solana,raydium,USDC,9sw1NZjXFsy5GKkqMpQWV7wopGgMcdkanDqg3f15zQZv,344.92,343.5,2026-10-02T20:00:01Z,CLOSED,0.4134,36468.29,9006.77,311,1,0
2026-10-04T00:50:03Z,GOOGL,GOOGLon,Ondo Global Markets,ethereum,uniswap,USDC,0x39FCB1935f6Ccb0A106D05eB928205C59646af57,343.3,343.5,2026-10-02T20:00:01Z,CLOSED,-0.0582,23064.19,67.71,2,1,0
2026-10-04T00:50:03Z,META,METAx,xStocks (Backed),solana,raydium,USDC,3L7KbPVaAQA4UTecaGQYsm6UCq5F3sZM9zAYkxqYt63j,730.67,728.08,2026-10-02T20:00:01Z,CLOSED,0.3557,875519.51,110245.25,1199,1,0
2026-10-04T00:50:03Z,META,METAx,xStocks (Backed),solana,orca,USDC,59qH56HhMXrXiCMWH46NZ5M3SWhyzVzZnvMP2R27aR7Z,732.48,728.08,2026-10-02T20:00:01Z,CLOSED,0.6043,106687.84,3042.59,83,1,0
2026-10-04T00:50:03Z,META,METAx,xStocks (Backed),solana,meteora,USDC,D8pGWVN3vWeyexBtMZjyyPbcLhM1oeTEMibE9h3nNRYL,732.29,728.08,2026-10-02T20:00:01Z,CLOSED,0.5782,16700.38,22523.87,994,1,0
2026-10-04T00:50:03Z,META,METAx,xStocks (Backed),solana,raydium,SOL,BE9uiVCxUovYpgA6ard68QRRzo3sCneAkhUtSgy8AjVW,731.14,728.08,2026-10-02T20:00:01Z,CLOSED,0.4203,63121.59,31981.08,737,1,0
2026-10-04T00:50:03Z,META,METAx,xStocks (Backed),solana,raydium,USDC,DpzGDvRfwDk4xfydfjRoSeE9fm1mQnTd3zQaSKhw1oE6,731.4,728.08,2026-10-02T20:00:01Z,CLOSED,0.456,102966.89,41245.48,307,1,0
2026-10-04T00:50:03Z,META,METAx,xStocks (Backed),solana,meteora,SOL,DUKmnaXkB6AoYBUkeeb25Arfq4oeK4XPf4gkYe7evwkh,730.84,728.08,2026-10-02T20:00:01Z,CLOSED,0.3791,21833.59,4330.2,133,1,0
2026-10-04T00:50:03Z,MSTR,MSTRx,xStocks (Backed),solana,raydium,SOL,2ngTuP7xA581dqX9uJkGRqxmKuehY3k4SDfPebeoRG2J,163.89,160.01,2026-10-02T20:00:01Z,CLOSED,2.4248,875617.12,106120.32,626,1,0
2026-10-04T00:50:03Z,MSTR,MSTRx,xStocks (Backed),solana,raydium,USDC,RyhF4cksVZY7vcqJpoytHcxcGNKRp27PEGhSnEPpbGv,163.52,160.01,2026-10-02T20:00:01Z,CLOSED,2.1936,727717.32,77433.58,210,1,0
2026-10-04T00:50:03Z,MSTR,MSTRx,xStocks (Backed),solana,orca,USDC,CHSijZ92W1A5z93WzGjvBygtxN2LWgAt58uejMDmFVpY,163.53,160.01,2026-10-02T20:00:01Z,CLOSED,2.1999,40073.57,242.75,31,1,0
2026-10-04T00:50:03Z,MSTR,MSTRx,xStocks (Backed),solana,orca,SOL,HzyHKnwmRnnu3yZKzvqfhm2VeWo8V4qWtyNVGVLXrcjC,163.86,160.01,2026-10-02T20:00:01Z,CLOSED,2.4061,33219.05,219.89,10,1,0
2026-10-04T00:50:03Z,MSTR,MSTRx,xStocks (Backed),solana,raydium,CRCLx,Beq8qZeJ4UkdWW7yhnssLzgcGYj9syivePzrtFyc1AYF,162.69,160.01,2026-10-02T20:00:01Z,CLOSED,1.6749,23739.49,662.61,37,0,0
2026-10-04T00:50:03Z,MSTR,MSTRx,xStocks (Backed),solana,raydium,cbBTC,CJJV5dsFXcSoKvjmurS1nfBioH3KcTkP1s23SgQz1Jrs,163.1,160.01,2026-10-02T20:00:01Z,CLOSED,1.9311,16513.07,3448.21,48,0,0
2026-10-04T00:50:03Z,MSTR,MSTRx,xStocks (Backed),solana,orca,USDC,BCvzjDbADhnT3K35kc5TSeMAafNgu9KZVywUq9zWH2mA,163.56,160.01,2026-10-02T20:00:01Z,CLOSED,2.2186,5909.08,911.92,344,1,0
2026-10-04T00:50:03Z,MSTR,MSTRx,xStocks (Backed),solana,meteora,CRCLx,ExwtCL871L2QhHw7EikDPBHfoEHzadxcepdw1Fs3ofoR,162.91,160.01,2026-10-02T20:00:01Z,CLOSED,1.8124,7741.58,10.72,22,0,0
2026-10-04T00:50:03Z,MSTR,MSTRx,xStocks (Backed),solana,meteora,SOL,8yvEgE72BvZs86ZRr9j6ZHgn1zgVpBz2gTmwq7tMcgyH,163.42,160.01,2026-10-02T20:00:01Z,CLOSED,2.1311,6915.84,361.67,49,1,0
2026-10-04T00:50:03Z,COIN,COINx,xStocks (Backed),solana,raydium,USDC,w7SGmPeXoMCsjvXqgsAmUn56uypyDsjAtsxeVkaiqxa,183.38,183.0,2026-10-02T20:00:01Z,CLOSED,0.2077,1449729.04,19744.03,93,1,0
2026-10-04T00:50:03Z,COIN,COINx,xStocks (Backed),solana,raydium,SOL,9NJ7rtJzEnfwvoM6HyB2v6YHcsfS6ZY9DFGprphVX6W,184.24,183.0,2026-10-02T20:00:01Z,CLOSED,0.6776,119187.78,843.32,26,1,0
2026-10-04T00:50:03Z,COIN,COINx,xStocks (Backed),solana,orca,USDC,7ouGUDRMy4C9RJpTgPizRyfcxyJusAEe9ZbjqYv7BSqe,184.41,183.0,2026-10-02T20:00:01Z,CLOSED,0.7705,36802.42,45373.03,292,1,0
2026-10-04T00:50:03Z,COIN,COINx,xStocks (Backed),solana,orca,SOL,A4D97SV1dfCffDo58FEJtZoYycqVTaGVZiDdLiZffDNK,184.71,183.0,2026-10-02T20:00:01Z,CLOSED,0.9344,26541.61,6212.12,240,1,0
2026-10-04T00:50:03Z,HOOD,HOODx,xStocks (Backed),solana,raydium,USDC,DXWbip5LducMAbDSSpLYz9Xik3253EPeAYQufQtx7LXs,113.48,112.74,2026-10-02T20:00:00Z,CLOSED,0.6564,1455517.43,8230.87,22,1,0
2026-10-04T00:50:03Z,HOOD,HOODx,xStocks (Backed),solana,orca,USDC,48dhPm83sXfnRMxKRfv2YuE45DPqrhwPMvGrnTLufvFf,113.49,112.74,2026-10-02T20:00:00Z,CLOSED,0.6652,78108.71,146968.85,1281,1,0
2026-10-04T00:50:03Z,HOOD,HOODx,xStocks (Backed),solana,raydium,SOL,DznDQ6YVmgtZAvwZ4ui6k9MNun9uaozyVFFsiAeAs9f,114.018,112.74,2026-10-02T20:00:00Z,CLOSED,1.1336,66078.6,4706.34,44,1,0
2026-10-04T00:50:03Z,HOOD,HOODx,xStocks (Backed),solana,meteora,SOL,DQ8fjmP2haYxyyJRU99aCaHznK1GSihYyBRZxfP9sfbU,113.23,112.74,2026-10-02T20:00:00Z,CLOSED,0.4346,11103.97,9172.87,389,1,0
2026-10-04T00:50:03Z,CRCL,CRCLon,Ondo Global Markets,bsc,pancakeswap,比特币,0xc1d141d6A9F8e8eb7B9Ce1AEcD4A8932F047c075,82.67,81.25,2026-10-02T20:00:03Z,CLOSED,1.7477,7087.52,27.56,8,0,0
2026-10-04T00:50:03Z,SPY,SPYx,xStocks (Backed),solana,raydium,USDC,4pCZCVEiYyT4efNdXUdL2tJF8VGMgiMXrZWq6FiNXhRw,774.8,769.64,2026-10-02T20:00:00Z,CLOSED,0.6704,524076.71,2769776.3,11456,1,0
2026-10-04T00:50:03Z,SPY,SPYx,xStocks (Backed),solana,raydium,SOL,BS9uyGV6XmNnPkM4f3xgxCdQEaFv7RSKs6fwrpvYHxfL,775.81,769.64,2026-10-02T20:00:00Z,CLOSED,0.8017,763219.87,304584.55,3079,1,0
2026-10-04T00:50:03Z,SPY,SPYx,xStocks (Backed),solana,orca,USDC,Fae5dWVntUt6zbWu2voXxioDpMii7SqQwtsxBmoVCsHR,774.92,769.64,2026-10-02T20:00:00Z,CLOSED,0.686,339009.73,121701.1,1019,1,0
2026-10-04T00:50:03Z,SPY,SPYx,xStocks (Backed),solana,raydium,USDC,6truu3rZuiB9rKQg4VYC3Dt3QwV7DgwGqXrYUcrvnDDE,774.58,769.64,2026-10-02T20:00:00Z,CLOSED,0.6419,2999489.63,251605.23,591,1,0
2026-10-04T00:50:03Z,SPY,SPYx,xStocks (Backed),solana,raydium,USDC,7sHMnvE7WqP7vQFWJGEnMT4vZg6Za9K7PpddDoXJCqME,773.88,769.64,2026-10-02T20:00:00Z,CLOSED,0.5509,76226.09,4.71,2,1,0
2026-10-04T00:50:03Z,SPY,SPYx,xStocks (Backed),solana,orca,SOL,2dN3fK8xTgYrwoCyt7EydAqVvPvCodYuwGqR2d8sKGFU,773.71,769.64,2026-10-02T20:00:00Z,CLOSED,0.5288,51224.32,1715.0,302,1,0
2026-10-04T00:50:03Z,SPY,SPYx,xStocks (Backed),solana,orca,USDC,gef4pD5g6GJSjX7hfXKUfhCVpE89BzX9TXnXJNW6kSt,774.87,769.64,2026-10-02T20:00:00Z,CLOSED,0.6795,15901.3,11181.45,2627,1,0
2026-10-04T00:50:03Z,SPY,SPYx,xStocks (Backed),solana,meteora,SOL,5JWX8pQhJNpFMjPwKhFSSVWRpss4wSyoqgRGnBNJfyuX,777.23,769.64,2026-10-02T20:00:00Z,CLOSED,0.9862,39011.77,26360.86,1094,1,0
2026-10-04T00:50:03Z,SPY,SPYx,xStocks (Backed),solana,orca,SOL,DAcfUT7Xnfm91xv4YZojgpYirLC3JfDG6PbtNqtaAkTn,773.25,769.64,2026-10-02T20:00:00Z,CLOSED,0.4691,20288.34,1126.97,388,1,0
2026-10-04T00:50:03Z,QQQ,QQQx,xStocks (Backed),solana,raydium,USDC,GMjGLWzvK75LPetrgAmdeXnvxc4fUuQPwJxeQqTDU1aG,752.67,749.58,2026-10-02T20:00:00Z,CLOSED,0.4122,2241765.16,73921.7,726,1,0
2026-10-04T00:50:03Z,QQQ,QQQx,xStocks (Backed),solana,raydium,SOL,B6FEtQdwsq8Wuw4G52pW9WEWEA7ALGfyUgXDRKigDSHH,754.71,749.58,2026-10-02T20:00:00Z,CLOSED,0.6844,128727.3,12198.62,205,1,0
2026-10-04T00:50:03Z,QQQ,QQQx,xStocks (Backed),solana,raydium,USDC,FknDV1F5n6QaA7rLmjquDjuU6wcPMNm5RYq7zWbqhpZw,751.56,749.58,2026-10-02T20:00:00Z,CLOSED,0.2641,48840.64,97.27,11,1,0
2026-10-04T00:50:03Z,QQQ,QQQx,xStocks (Backed),solana,raydium,SPYx,FN27PwZpDnSBNZR5vzx6B7waxowV84ZNFQrzgr6XeYbf,752.38,749.58,2026-10-02T20:00:00Z,CLOSED,0.3735,30818.46,59.43,1,0,0
2026-10-04T00:50:03Z,QQQ,QQQx,xStocks (Backed),solana,orca,SPYx,7mYFrN2TQtYc2HMZEXuVfWkPu9n5EFfX9Ha59X3n6PWE,753.11,749.58,2026-10-02T20:00:00Z,CLOSED,0.4709,11767.99,2820.4,554,0,0
2026-10-04T00:50:03Z,QQQ,QQQx,xStocks (Backed),solana,orca,USDC,3GVB4bXtcrP3MM376mrcJDwfTNThvyorLmVgSTf6kxFt,750.73,749.58,2026-10-02T20:00:00Z,CLOSED,0.1534,14046.6,0.0,3,1,0
2026-10-04T01:00:03Z,TSLA,TSLAx,xStocks (Backed),solana,raydium,USDC,8aDaBQkTrS6HVMjyc6EZebgdiaXhLYGriDWKWWp1NpFF,370.87,370.59,2026-10-02T20:00:00Z,CLOSED,0.0756,2292277.92,276744.86,4316,1,0
2026-10-04T01:00:03Z,TSLA,TSLAx,xStocks (Backed),solana,orca,USDC,9p7abUFv31ycgu9kckvnoqMMvBy67dqTDM2m6HP9xokN,371.06,370.59,2026-10-02T20:00:00Z,CLOSED,0.1268,90477.67,55991.39,2090,1,0
2026-10-04T01:00:03Z,TSLA,TSLAx,xStocks (Backed),solana,raydium,SOL,CKmjDiqBCRqR8xk5FjnFiQXuCFsGchiLv9YwYVnE5RJ8,371.2,370.59,2026-10-02T20:00:00Z,CLOSED,0.1646,96299.69,36558.35,718,1,0
2026-10-04T01:00:03Z,TSLA,TSLAx,xStocks (Backed),solana,raydium,USDC,HHQUnUbmWLrYzkscDY1C3deEFbGtiGBGoHjpANogmvum,371.24,370.59,2026-10-02T20:00:00Z,CLOSED,0.1754,451800.41,9163.34,19,1,0
2026-10-04T01:00:03Z,TSLA,TSLAx,xStocks (Backed),solana,orca,SOL,26UY4D6pBHgxYdPWuBP3sfyc4jJf6qQjPDxCJPhtUx3H,370.81,370.59,2026-10-02T20:00:00Z,CLOSED,0.0594,8816.1,629.47,43,1,0
2026-10-04T01:00:03Z,TSLA,TSLAx,xStocks (Backed),solana,meteora,SOL,CHGfdEfKFYDWGPASCsZnpkDzvpLKNEVoAb4UEorPPkGK,370.57,370.59,2026-10-02T20:00:00Z,CLOSED,-0.0054,6363.92,3145.0,107,1,0
2026-10-04T01:00:03Z,TSLA,TSLAx,xStocks (Backed),solana,meteora,NVDAx,8is7SBzMYLUTUtVU5H4QEPkgeQP7WaM7rQ6QPxXTa4PB,370.41,370.59,2026-10-02T20:00:00Z,CLOSED,-0.0486,6271.7,250.43,25,0,0
2026-10-04T01:00:03Z,TSLA,TSLAon,Ondo Global Markets,ethereum,uniswap,USDC,0x31227b50eCCDC9C589826AA2D9E7C5619B1895Da,369.13,370.59,2026-10-02T20:00:00Z,CLOSED,-0.394,83337.2,35781.71,133,1,0
2026-10-04T01:00:03Z,TSLA,TSLAon,Ondo Global Markets,ethereum,0x00a38533c68327aBE0Cc265436e036066E2D6B38,USDC,0x49b7b66457297f9E0E763BBb151B6DB0c149E988,368.052,370.59,2026-10-02T20:00:00Z,CLOSED,-0.6849,35423.84,9.98,1,1,0
2026-10-04T01:00:03Z,TSLA,TSLAon,Ondo Global Markets,ethereum,0x00a38533c68327aBE0Cc265436e036066E2D6B38,USDC,0xfd62Ce2489f37B9357CD1Aa66a33351580B33231,369.68,370.59,2026-10-02T20:00:00Z,CLOSED,-0.2456,28050.65,228.68,2,1,0
2026-10-04T01:00:03Z,TSLA,TSLAon,Ondo Global Markets,ethereum,0x00a38533c68327aBE0Cc265436e036066E2D6B38,USDC,0xbcD5a4823C3B3faF81EECEfd3b37E1185419E9Ee,370.52,370.59,2026-10-02T20:00:00Z,CLOSED,-0.0189,26137.24,1902.33,7,1,0
2026-10-04T01:00:03Z,NVDA,NVDAx,xStocks (Backed),solana,orca,USDC,6R4r93V5fcMzc13CL2enEepDSYcr4Qx3ptZBDwudTXCo,235.5,233.95,2026-10-02T20:00:01Z,CLOSED,0.6625,595124.55,4475333.1,45358,1,0
2026-10-04T01:00:03Z,NVDA,NVDAx,xStocks (Backed),solana,raydium,SOL,38rXq2BuwdNcfnwydw6S2srpNK9N4gVzf39f69suPMsF,236.02,233.95,2026-10-02T20:00:01Z,CLOSED,0.8848,370918.23,533411.93,5788,1,0
2026-10-04T01:00:03Z,NVDA,NVDAx,xStocks (Backed),solana,meteora,SOL,FCn5zw4gAcfRpQgst5ThFuzBGXbbJ6RocVErgC4vJ9j1,235.43,233.95,2026-10-02T20:00:01Z,CLOSED,0.6326,280116.68,376453.87,3649,1,0
2026-10-04T01:00:03Z,NVDA,NVDAx,xStocks (Backed),solana,raydium,USDC,49iMatQtoyabsYAQc8GafVq6aeBFVDxSRH44oiatyyw6,235.47,233.95,2026-10-02T20:00:01Z,CLOSED,0.6497,3086757.0,446971.43,2463,1,0
2026-10-04T01:00:03Z,NVDA,NVDAx,xStocks (Backed),solana,orca,SOL,8Vy5Rjb9vg5nLb8L1r4Di8p9py5BTkp8UJSMHG8AD2zs,236.18,233.95,2026-10-02T20:00:01Z,CLOSED,0.9532,78468.82,152359.39,2978,1,0
2026-10-04T01:00:03Z,NVDA,NVDAx,xStocks (Backed),solana,raydium,USDC,4KqQN6u1pFKroFE2jVEhoepAMRKPcuAzWVDCgm9zRBYN,235.24,233.95,2026-10-02T20:00:01Z,CLOSED,0.5514,130167.11,1067.86,47,1,0
2026-10-04T01:00:03Z,NVDA,NVDAx,xStocks (Backed),solana,orca,CRCLx,HZck8d6gt9n4B2fam9JGLm2w2hYJKm98iAWw1176QgeB,235.14,233.95,2026-10-02T20:00:01Z,CLOSED,0.5087,26442.18,900.93,53,0,0
2026-10-04T01:00:03Z,NVDA,NVDAx,xStocks (Backed),solana,orca,SPCXx,FTw5jCaWibNK8GeeJXAy8dEWW57UxZquX82P7vZbSoBJ,230.68,233.95,2026-10-02T20:00:01Z,CLOSED,-1.3977,8281.34,38.3,2,0,0
2026-10-04T01:00:03Z,NVDA,NVDAx,xStocks (Backed),solana,meteora,NIGGA,5zFXe8DTPvcmnZMy5uWr8ahNSKcAa3vypiNhm9yUm6aD,2695.77,233.95,2026-10-02T20:00:01Z,CLOSED,1052.2847,21915.4,533.63,7,0,1
2026-10-04T01:00:03Z,NVDA,NVDAon,Ondo Global Markets,ethereum,uniswap,USDC,0xc9b4bC7C15423FCFe6B75aB5118bA773945A3A46,235.69,233.95,2026-10-02T20:00:01Z,CLOSED,0.7437,243207.8,140633.25,504,1,0
2026-10-04T01:00:03Z,NVDA,NVDAon,Ondo Global Markets,ethereum,uniswap,USDC,0xa9a6651fba74df1aab94065ffaabe750d6ed835b94a9e28925ec79beec2d5f73,236.088,233.95,2026-10-02T20:00:01Z,CLOSED,0.9139,40161.83,12423.1,103,1,0
2026-10-04T01:00:03Z,NVDA,NVDAon,Ondo Global Markets,ethereum,uniswap,USDC,0xf5294094BCe435bFbd0eC488be5C462aAF32Bc7A,236.17,233.95,2026-10-02T20:00:01Z,CLOSED,0.9489,17441.2,2.67,1,1,0
2026-10-04T01:00:03Z,NVDA,NVDAon,Ondo Global Markets,ethereum,uniswap,ZIK,0xeA0F5b999C66214De7300c5910171A356fdfb3d0,234.38,233.95,2026-10-02T20:00:01Z,CLOSED,0.1838,7699.38,4.09,1,0,0
2026-10-04T01:00:03Z,NVDA,NVDAon,Ondo Global Markets,bsc,pancakeswap,USDT,0xB90BDBFBdfFd4Af5a636b5805539eDeafb969308,235.8,233.95,2026-10-02T20:00:01Z,CLOSED,0.7908,9742.22,516.37,56,1,0
2026-10-04T01:00:03Z,AAPL,AAPLx,xStocks (Backed),solana,raydium,USDC,CKwJZwm7oj3nu4653N1EpDrqXbXAYXoPFiPeEnLouF8y,334.36,333.69,2026-10-02T20:00:01Z,CLOSED,0.2008,305980.38,69943.67,1033,1,0
2026-10-04T01:00:03Z,AAPL,AAPLx,xStocks (Backed),solana,orca,SOL,5VgwxAPD37EHPqtW6v6gWq2bznPDqvpaGDuJoyGm6aJG,334.24,333.69,2026-10-02T20:00:01Z,CLOSED,0.1648,28114.8,924.63,51,1,0
2026-10-04T01:00:03Z,AAPL,AAPLx,xStocks (Backed),solana,orca,SOL,HQijmgUPWBCYyvjBCymBVS9MZbJPmdJuvQXSfFtTZRz5,333.9,333.69,2026-10-02T20:00:01Z,CLOSED,0.0629,13496.92,4251.24,179,1,0
2026-10-04T01:00:03Z,AAPL,AAPLx,xStocks (Backed),solana,raydium,SOL,EUnoAwXybSenwkvQ3Qp4aWQxmw2AZrVCbAn6Sztjhbjo,333.89,333.69,2026-10-02T20:00:01Z,CLOSED,0.0599,13317.45,2471.49,46,1,0
2026-10-04T01:00:03Z,AAPL,AAPLx,xStocks (Backed),solana,raydium,USDC,ApniVWuZbZoruTAJdyJcLBA4AVw4DKGdV5fHxo6qrAZT,334.28,333.69,2026-10-02T20:00:01Z,CLOSED,0.1768,253686.11,57085.85,1045,1,0
2026-10-04T01:00:03Z,AAPL,AAPLx,xStocks (Backed),solana,orca,USDC,CNsYTuhHBkLQmoWtdoQxqkNxtyhXYvWvQJqzmG2evNEa,333.42,333.69,2026-10-02T20:00:01Z,CLOSED,-0.0809,21373.26,4376.2,149,1,0
2026-10-04T01:00:03Z,AAPL,AAPLon,Ondo Global Markets,ethereum,uniswap,USDC,0xad82C9EB065a5CFed71DB087e4a52C8a09c69921,333.26,333.69,2026-10-02T20:00:01Z,CLOSED,-0.1289,43728.52,8243.22,46,1,0
2026-10-04T01:00:03Z,AAPL,AAPLon,Ondo Global Markets,ethereum,0x00a38533c68327aBE0Cc265436e036066E2D6B38,USDC,0x0d3A432237328D279EcD4A3ED5F462C2A84d8017,334.41,333.69,2026-10-02T20:00:01Z,CLOSED,0.2158,15427.09,906.63,18,1,0
2026-10-04T01:00:03Z,AAPL,AAPLon,Ondo Global Markets,bsc,pancakeswap,ASX,0x061306dF92c6a0538154A40F060573Be638B1066,326.15,333.69,2026-10-02T20:00:01Z,CLOSED,-2.2596,8099.26,23.49,3,0,0
2026-10-04T01:00:03Z,MSFT,MSFTon,Ondo Global Markets,ethereum,uniswap,USDC,0xb97c30485cfdb895a811331e2a3aab1233a5bf8ff27b6be149edbdc7e9a37333,519.36,517.53,2026-10-02T20:00:01Z,CLOSED,0.3536,8513.18,963.75,6,1,0
2026-10-04T01:00:03Z,AMZN,AMZNx,xStocks (Backed),solana,raydium,USDC,6m5aXAve4uh6Kt4ytKyCLWNMjd8PYP5vujwNCtycrUiD,251.74,251.52,2026-10-02T20:00:01Z,CLOSED,0.0875,405248.61,28894.15,589,1,0
2026-10-04T01:00:03Z,AMZN,AMZNx,xStocks (Backed),solana,raydium,SOL,HWZk6MfN28mYqDN1igNETjN2kueEryL33oVgt92Wkv6N,252.29,251.52,2026-10-02T20:00:01Z,CLOSED,0.3061,26888.93,6996.79,230,1,0
2026-10-04T01:00:03Z,AMZN,AMZNx,xStocks (Backed),solana,meteora,SOL,DXAbc6Q3BzfnWbJKVdVyEdLfvMprMNtxb8iz36W2ttZj,251.98,251.52,2026-10-02T20:00:01Z,CLOSED,0.1829,6629.48,542.98,106,1,0
2026-10-04T01:00:03Z,AMZN,AMZNon,Ondo Global Markets,bsc,pancakeswap,WBNB,0x8617Ba6DEEE616694601ADc41Ab7ffE0e610907E,252.00057,251.52,2026-10-02T20:00:01Z,CLOSED,0.1911,6576.19,40.73,5,1,0
2026-10-04T01:00:03Z,GOOGL,GOOGLx,xStocks (Backed),solana,raydium,USDC,B8YAwjGYk6qidWzGBXMAxP7nYfG8g74EZ3Y4gFSsobRw,344.75,343.5,2026-10-02T20:00:01Z,CLOSED,0.3639,785319.24,54009.66,654,1,0
2026-10-04T01:00:03Z,GOOGL,GOOGLx,xStocks (Backed),solana,meteora,SOL,CmcVVxuMMCdsevwThLwU4PdESB5NxiZJU4mGrxB6QDE4,344.45,343.5,2026-10-02T20:00:01Z,CLOSED,0.2766,70486.96,13717.16,255,1,0
2026-10-04T01:00:03Z,GOOGL,GOOGLx,xStocks (Backed),solana,orca,USDC,Bd8GgEYaHi3zkyjr5ojQKXA82wYqGpB3suV9PQJ8kJ1b,344.28,343.5,2026-10-02T20:00:01Z,CLOSED,0.2271,63173.37,26664.79,474,1,0
2026-10-04T01:00:03Z,GOOGL,GOOGLx,xStocks (Backed),solana,raydium,SOL,3P1PwneDrKfyUVQstaqAQDBWnK2Mcqi1xZ9nteMhDbSB,346.26,343.5,2026-10-02T20:00:01Z,CLOSED,0.8035,66842.66,2049.06,74,1,0
2026-10-04T01:00:03Z,GOOGL,GOOGLx,xStocks (Backed),solana,orca,SOL,Bh3njVo6i3UjgmaevEQMGoidphcueNjoPqGkYLbthzV5,344.46,343.5,2026-10-02T20:00:01Z,CLOSED,0.2795,11848.48,6223.03,491,1,0
2026-10-04T01:00:03Z,GOOGL,GOOGLx,xStocks (Backed),solana,raydium,USDC,Cc2K1QfaVh6XnBgAtzhQK8arWqXYQGhkMNkGaDiHN98Y,344.66,343.5,2026-10-02T20:00:01Z,CLOSED,0.3377,5959.99,501.44,119,1,0
2026-10-04T01:00:03Z,GOOGL,GOOGLx,xStocks (Backed),solana,orca,USDC,FaGxc8NXSXBrT6idTxjw3o8et4MmFjxRMQvVF7ChsgZV,345.15,343.5,2026-10-02T20:00:01Z,CLOSED,0.4803,5417.68,20.03,1,1,0
2026-10-04T01:00:03Z,GOOGL,GOOGLx,xStocks (Backed),solana,raydium,USDC,9sw1NZjXFsy5GKkqMpQWV7wopGgMcdkanDqg3f15zQZv,344.85,343.5,2026-10-02T20:00:01Z,CLOSED,0.393,36465.14,9072.56,312,1,0
2026-10-04T01:00:03Z,GOOGL,GOOGLon,Ondo Global Markets,ethereum,uniswap,USDC,0x39FCB1935f6Ccb0A106D05eB928205C59646af57,343.3,343.5,2026-10-02T20:00:01Z,CLOSED,-0.0582,23064.19,67.71,2,1,0
2026-10-04T01:00:03Z,META,METAx,xStocks (Backed),solana,raydium,USDC,3L7KbPVaAQA4UTecaGQYsm6UCq5F3sZM9zAYkxqYt63j,730.67,728.08,2026-10-02T20:00:01Z,CLOSED,0.3557,875519.99,110111.52,1191,1,0
2026-10-04T01:00:03Z,META,METAx,xStocks (Backed),solana,orca,USDC,59qH56HhMXrXiCMWH46NZ5M3SWhyzVzZnvMP2R27aR7Z,732.48,728.08,2026-10-02T20:00:01Z,CLOSED,0.6043,106687.84,3042.59,83,1,0
2026-10-04T01:00:03Z,META,METAx,xStocks (Backed),solana,meteora,USDC,D8pGWVN3vWeyexBtMZjyyPbcLhM1oeTEMibE9h3nNRYL,732.28,728.08,2026-10-02T20:00:01Z,CLOSED,0.5769,16700.43,22542.08,1001,1,0
2026-10-04T01:00:03Z,META,METAx,xStocks (Backed),solana,raydium,SOL,BE9uiVCxUovYpgA6ard68QRRzo3sCneAkhUtSgy8AjVW,731.25,728.08,2026-10-02T20:00:01Z,CLOSED,0.4354,63131.53,31912.81,736,1,0
2026-10-04T01:00:03Z,META,METAx,xStocks (Backed),solana,raydium,USDC,DpzGDvRfwDk4xfydfjRoSeE9fm1mQnTd3zQaSKhw1oE6,731.4,728.08,2026-10-02T20:00:01Z,CLOSED,0.456,102966.88,41248.01,308,1,0
2026-10-04T01:00:03Z,META,METAx,xStocks (Backed),solana,meteora,SOL,DUKmnaXkB6AoYBUkeeb25Arfq4oeK4XPf4gkYe7evwkh,730.84,728.08,2026-10-02T20:00:01Z,CLOSED,0.3791,21833.59,4330.2,133,1,0
2026-10-04T01:00:03Z,MSTR,MSTRx,xStocks (Backed),solana,raydium,SOL,2ngTuP7xA581dqX9uJkGRqxmKuehY3k4SDfPebeoRG2J,163.84,160.01,2026-10-02T20:00:01Z,CLOSED,2.3936,875812.17,108641.14,637,1,0
2026-10-04T01:00:03Z,MSTR,MSTRx,xStocks (Backed),solana,raydium,USDC,RyhF4cksVZY7vcqJpoytHcxcGNKRp27PEGhSnEPpbGv,163.52,160.01,2026-10-02T20:00:01Z,CLOSED,2.1936,727717.32,75212.97,204,1,0
2026-10-04T01:00:03Z,MSTR,MSTRx,xStocks (Backed),solana,orca,USDC,CHSijZ92W1A5z93WzGjvBygtxN2LWgAt58uejMDmFVpY,163.79,160.01,2026-10-02T20:00:01Z,CLOSED,2.3624,40106.23,260.74,31,1,0
2026-10-04T01:00:03Z,MSTR,MSTRx,xStocks (Backed),solana,orca,SOL,HzyHKnwmRnnu3yZKzvqfhm2VeWo8V4qWtyNVGVLXrcjC,163.86,160.01,2026-10-02T20:00:01Z,CLOSED,2.4061,33219.05,219.89,10,1,0
2026-10-04T01:00:03Z,MSTR,MSTRx,xStocks (Backed),solana,raydium,CRCLx,Beq8qZeJ4UkdWW7yhnssLzgcGYj9syivePzrtFyc1AYF,162.69,160.01,2026-10-02T20:00:01Z,CLOSED,1.6749,23739.49,662.61,37,0,0
2026-10-04T01:00:03Z,MSTR,MSTRx,xStocks (Backed),solana,raydium,cbBTC,CJJV5dsFXcSoKvjmurS1nfBioH3KcTkP1s23SgQz1Jrs,163.043,160.01,2026-10-02T20:00:01Z,CLOSED,1.8955,16505.07,3461.72,50,0,0
2026-10-04T01:00:03Z,MSTR,MSTRx,xStocks (Backed),solana,orca,USDC,BCvzjDbADhnT3K35kc5TSeMAafNgu9KZVywUq9zWH2mA,163.56,160.01,2026-10-02T20:00:01Z,CLOSED,2.2186,5909.08,887.79,341,1,0
2026-10-04T01:00:03Z,MSTR,MSTRx,xStocks (Backed),solana,meteora,CRCLx,ExwtCL871L2QhHw7EikDPBHfoEHzadxcepdw1Fs3ofoR,162.91,160.01,2026-10-02T20:00:01Z,CLOSED,1.8124,7741.58,10.72,22,0,0
2026-10-04T01:00:03Z,MSTR,MSTRx,xStocks (Backed),solana,meteora,SOL,8yvEgE72BvZs86ZRr9j6ZHgn1zgVpBz2gTmwq7tMcgyH,163.48,160.01,2026-10-02T20:00:01Z,CLOSED,2.1686,6930.98,369.25,50,1,0
2026-10-04T01:00:03Z,COIN,COINx,xStocks (Backed),solana,raydium,USDC,w7SGmPeXoMCsjvXqgsAmUn56uypyDsjAtsxeVkaiqxa,183.38,183.0,2026-10-02T20:00:01Z,CLOSED,0.2077,1449729.04,19744.03,93,1,0
2026-10-04T01:00:03Z,COIN,COINx,xStocks (Backed),solana,raydium,SOL,9NJ7rtJzEnfwvoM6HyB2v6YHcsfS6ZY9DFGprphVX6W,184.24,183.0,2026-10-02T20:00:01Z,CLOSED,0.6776,119187.78,843.32,26,1,0
2026-10-04T01:00:03Z,COIN,COINx,xStocks (Backed),solana,orca,USDC,7ouGUDRMy4C9RJpTgPizRyfcxyJusAEe9ZbjqYv7BSqe,184.41,183.0,2026-10-02T20:00:01Z,CLOSED,0.7705,36802.42,45373.03,292,1,0
2026-10-04T01:00:03Z,COIN,COINx,xStocks (Backed),solana,orca,SOL,A4D97SV1dfCffDo58FEJtZoYycqVTaGVZiDdLiZffDNK,184.2,183.0,2026-10-02T20:00:01Z,CLOSED,0.6557,26491.73,6242.8,241,1,0
2026-10-04T01:00:03Z,HOOD,HOODx,xStocks (Backed),solana,raydium,USDC,DXWbip5LducMAbDSSpLYz9Xik3253EPeAYQufQtx7LXs,113.48,112.74,2026-10-02T20:00:00Z,CLOSED,0.6564,1455517.43,8230.87,22,1,0
2026-10-04T01:00:03Z,HOOD,HOODx,xStocks (Backed),solana,orca,USDC,48dhPm83sXfnRMxKRfv2YuE45DPqrhwPMvGrnTLufvFf,113.47,112.74,2026-10-02T20:00:00Z,CLOSED,0.6475,78100.05,146661.73,1273,1,0
2026-10-04T01:00:03Z,HOOD,HOODx,xStocks (Backed),solana,raydium,SOL,DznDQ6YVmgtZAvwZ4ui6k9MNun9uaozyVFFsiAeAs9f,114.018,112.74,2026-10-02T20:00:00Z,CLOSED,1.1336,66078.6,4706.34,44,1,0
2026-10-04T01:00:03Z,HOOD,HOODx,xStocks (Backed),solana,meteora,SOL,DQ8fjmP2haYxyyJRU99aCaHznK1GSihYyBRZxfP9sfbU,113.32,112.74,2026-10-02T20:00:00Z,CLOSED,0.5145,11112.71,9226.64,389,1,0
2026-10-04T01:00:03Z,CRCL,CRCLon,Ondo Global Markets,bsc,pancakeswap,比特币,0xc1d141d6A9F8e8eb7B9Ce1AEcD4A8932F047c075,82.67,81.25,2026-10-02T20:00:03Z,CLOSED,1.7477,7087.52,27.56,8,0,0
2026-10-04T01:00:03Z,SPY,SPYx,xStocks (Backed),solana,raydium,USDC,4pCZCVEiYyT4efNdXUdL2tJF8VGMgiMXrZWq6FiNXhRw,774.92,769.64,2026-10-02T20:00:00Z,CLOSED,0.686,524103.11,2774616.15,11418,1,0
2026-10-04T01:00:03Z,SPY,SPYx,xStocks (Backed),solana,raydium,SOL,BS9uyGV6XmNnPkM4f3xgxCdQEaFv7RSKs6fwrpvYHxfL,776.76,769.64,2026-10-02T20:00:00Z,CLOSED,0.9251,764155.09,310435.05,3086,1,0
2026-10-04T01:00:03Z,SPY,SPYx,xStocks (Backed),solana,orca,USDC,Fae5dWVntUt6zbWu2voXxioDpMii7SqQwtsxBmoVCsHR,775.032,769.64,2026-10-02T20:00:00Z,CLOSED,0.7006,339039.71,121305.0,1006,1,0
2026-10-04T01:00:03Z,SPY,SPYx,xStocks (Backed),solana,raydium,USDC,6truu3rZuiB9rKQg4VYC3Dt3QwV7DgwGqXrYUcrvnDDE,774.59,769.64,2026-10-02T20:00:00Z,CLOSED,0.6432,2999492.85,250474.77,587,1,0
2026-10-04T01:00:03Z,SPY,SPYx,xStocks (Backed),solana,raydium,USDC,7sHMnvE7WqP7vQFWJGEnMT4vZg6Za9K7PpddDoXJCqME,773.88,769.64,2026-10-02T20:00:00Z,CLOSED,0.5509,76226.09,4.71,2,1,0
2026-10-04T01:00:03Z,SPY,SPYx,xStocks (Backed),solana,orca,SOL,2dN3fK8xTgYrwoCyt7EydAqVvPvCodYuwGqR2d8sKGFU,774.55,769.64,2026-10-02T20:00:00Z,CLOSED,0.638,51279.79,1715.75,375,1,0
2026-10-04T01:00:03Z,SPY,SPYx,xStocks (Backed),solana,orca,USDC,gef4pD5g6GJSjX7hfXKUfhCVpE89BzX9TXnXJNW6kSt,775.013,769.64,2026-10-02T20:00:00Z,CLOSED,0.6981,15902.47,11118.15,2617,1,0
2026-10-04T01:00:03Z,SPY,SPYx,xStocks (Backed),solana,meteora,SOL,5JWX8pQhJNpFMjPwKhFSSVWRpss4wSyoqgRGnBNJfyuX,773.23,769.64,2026-10-02T20:00:00Z,CLOSED,0.4665,38936.38,24977.11,1056,1,0
2026-10-04T01:00:03Z,SPY,SPYx,xStocks (Backed),solana,orca,SOL,DAcfUT7Xnfm91xv4YZojgpYirLC3JfDG6PbtNqtaAkTn,773.81,769.64,2026-10-02T20:00:00Z,CLOSED,0.5418,20293.28,1128.05,393,1,0
2026-10-04T01:00:03Z,QQQ,QQQx,xStocks (Backed),solana,raydium,USDC,GMjGLWzvK75LPetrgAmdeXnvxc4fUuQPwJxeQqTDU1aG,752.69,749.58,2026-10-02T20:00:00Z,CLOSED,0.4149,2241786.5,74014.73,729,1,0
2026-10-04T01:00:03Z,QQQ,QQQx,xStocks (Backed),solana,raydium,SOL,B6FEtQdwsq8Wuw4G52pW9WEWEA7ALGfyUgXDRKigDSHH,754.35,749.58,2026-10-02T20:00:00Z,CLOSED,0.6364,128675.61,12243.57,208,1,0
2026-10-04T01:00:03Z,QQQ,QQQx,xStocks (Backed),solana,raydium,USDC,FknDV1F5n6QaA7rLmjquDjuU6wcPMNm5RYq7zWbqhpZw,751.56,749.58,2026-10-02T20:00:00Z,CLOSED,0.2641,48840.64,97.27,11,1,0
2026-10-04T01:00:03Z,QQQ,QQQx,xStocks (Backed),solana,raydium,SPYx,FN27PwZpDnSBNZR5vzx6B7waxowV84ZNFQrzgr6XeYbf,752.38,749.58,2026-10-02T20:00:00Z,CLOSED,0.3735,30818.46,59.43,1,0,0
2026-10-04T01:00:03Z,QQQ,QQQx,xStocks (Backed),solana,orca,SPYx,7mYFrN2TQtYc2HMZEXuVfWkPu9n5EFfX9Ha59X3n6PWE,753.11,749.58,2026-10-02T20:00:00Z,CLOSED,0.4709,11767.99,2784.12,531,0,0
2026-10-04T01:00:03Z,QQQ,QQQx,xStocks (Backed),solana,orca,USDC,3GVB4bXtcrP3MM376mrcJDwfTNThvyorLmVgSTf6kxFt,750.73,749.58,2026-10-02T20:00:00Z,CLOSED,0.1534,14046.6,0.0,3,1,0
2026-10-04T01:10:03Z,TSLA,TSLAx,xStocks (Backed),solana,raydium,USDC,8aDaBQkTrS6HVMjyc6EZebgdiaXhLYGriDWKWWp1NpFF,370.96,370.59,2026-10-02T20:00:00Z,CLOSED,0.0998,2292638.52,278493.54,4328,1,0
2026-10-04T01:10:03Z,TSLA,TSLAx,xStocks (Backed),solana,orca,USDC,9p7abUFv31ycgu9kckvnoqMMvBy67dqTDM2m6HP9xokN,371.33,370.59,2026-10-02T20:00:00Z,CLOSED,0.1997,90533.45,56029.47,2082,1,0
2026-10-04T01:10:03Z,TSLA,TSLAx,xStocks (Backed),solana,raydium,SOL,CKmjDiqBCRqR8xk5FjnFiQXuCFsGchiLv9YwYVnE5RJ8,371.78,370.59,2026-10-02T20:00:00Z,CLOSED,0.3211,96466.16,36713.42,722,1,0
2026-10-04T01:10:03Z,TSLA,TSLAx,xStocks (Backed),solana,raydium,USDC,HHQUnUbmWLrYzkscDY1C3deEFbGtiGBGoHjpANogmvum,371.24,370.59,2026-10-02T20:00:00Z,CLOSED,0.1754,451800.41,9163.34,19,1,0
2026-10-04T01:10:03Z,TSLA,TSLAx,xStocks (Backed),solana,orca,SOL,26UY4D6pBHgxYdPWuBP3sfyc4jJf6qQjPDxCJPhtUx3H,370.98,370.59,2026-10-02T20:00:00Z,CLOSED,0.1052,8825.17,658.45,46,1,0
2026-10-04T01:10:03Z,TSLA,TSLAx,xStocks (Backed),solana,meteora,SOL,CHGfdEfKFYDWGPASCsZnpkDzvpLKNEVoAb4UEorPPkGK,371.27,370.59,2026-10-02T20:00:00Z,CLOSED,0.1835,6376.06,3145.01,108,1,0
2026-10-04T01:10:03Z,TSLA,TSLAx,xStocks (Backed),solana,meteora,NVDAx,8is7SBzMYLUTUtVU5H4QEPkgeQP7WaM7rQ6QPxXTa4PB,370.41,370.59,2026-10-02T20:00:00Z,CLOSED,-0.0486,6271.7,235.73,23,0,0
2026-10-04T01:10:03Z,TSLA,TSLAon,Ondo Global Markets,ethereum,uniswap,USDC,0x31227b50eCCDC9C589826AA2D9E7C5619B1895Da,369.13,370.59,2026-10-02T20:00:00Z,CLOSED,-0.394,83337.2,35781.71,133,1,0
2026-10-04T01:10:03Z,TSLA,TSLAon,Ondo Global Markets,ethereum,0x00a38533c68327aBE0Cc265436e036066E2D6B38,USDC,0x49b7b66457297f9E0E763BBb151B6DB0c149E988,368.052,370.59,2026-10-02T20:00:00Z,CLOSED,-0.6849,35423.84,9.98,1,1,0
2026-10-04T01:10:03Z,TSLA,TSLAon,Ondo Global Markets,ethereum,0x00a38533c68327aBE0Cc265436e036066E2D6B38,USDC,0xfd62Ce2489f37B9357CD1Aa66a33351580B33231,369.68,370.59,2026-10-02T20:00:00Z,CLOSED,-0.2456,28050.65,228.68,2,1,0
2026-10-04T01:10:03Z,TSLA,TSLAon,Ondo Global Markets,ethereum,0x00a38533c68327aBE0Cc265436e036066E2D6B38,USDC,0xbcD5a4823C3B3faF81EECEfd3b37E1185419E9Ee,370.52,370.59,2026-10-02T20:00:00Z,CLOSED,-0.0189,26137.24,1902.33,7,1,0
2026-10-04T01:10:03Z,NVDA,NVDAx,xStocks (Backed),solana,orca,USDC,6R4r93V5fcMzc13CL2enEepDSYcr4Qx3ptZBDwudTXCo,235.48,233.95,2026-10-02T20:00:01Z,CLOSED,0.654,585176.81,4291970.15,43589,1,0
2026-10-04T01:10:03Z,NVDA,NVDAx,xStocks (Backed),solana,raydium,SOL,38rXq2BuwdNcfnwydw6S2srpNK9N4gVzf39f69suPMsF,235.92,233.95,2026-10-02T20:00:01Z,CLOSED,0.8421,370976.72,522757.56,5707,1,0
2026-10-04T01:10:03Z,NVDA,NVDAx,xStocks (Backed),solana,meteora,SOL,FCn5zw4gAcfRpQgst5ThFuzBGXbbJ6RocVErgC4vJ9j1,235.37,233.95,2026-10-02T20:00:01Z,CLOSED,0.607,280166.93,382030.65,3606,1,0
2026-10-04T01:10:03Z,NVDA,NVDAx,xStocks (Backed),solana,raydium,USDC,49iMatQtoyabsYAQc8GafVq6aeBFVDxSRH44oiatyyw6,235.47,233.95,2026-10-02T20:00:01Z,CLOSED,0.6497,3086621.87,435492.43,2400,1,0
2026-10-04T01:10:03Z,NVDA,NVDAx,xStocks (Backed),solana,orca,SOL,8Vy5Rjb9vg5nLb8L1r4Di8p9py5BTkp8UJSMHG8AD2zs,236.11,233.95,2026-10-02T20:00:01Z,CLOSED,0.9233,78485.94,153671.28,2963,1,0
2026-10-04T01:10:03Z,NVDA,NVDAx,xStocks (Backed),solana,raydium,USDC,4KqQN6u1pFKroFE2jVEhoepAMRKPcuAzWVDCgm9zRBYN,235.24,233.95,2026-10-02T20:00:01Z,CLOSED,0.5514,130167.11,1067.86,47,1,0
2026-10-04T01:10:03Z,NVDA,NVDAx,xStocks (Backed),solana,orca,CRCLx,HZck8d6gt9n4B2fam9JGLm2w2hYJKm98iAWw1176QgeB,235.14,233.95,2026-10-02T20:00:01Z,CLOSED,0.5087,26442.18,900.93,53,0,0
2026-10-04T01:10:03Z,NVDA,NVDAx,xStocks (Backed),solana,orca,SPCXx,FTw5jCaWibNK8GeeJXAy8dEWW57UxZquX82P7vZbSoBJ,230.68,233.95,2026-10-02T20:00:01Z,CLOSED,-1.3977,8281.34,38.3,2,0,0
2026-10-04T01:10:03Z,NVDA,NVDAx,xStocks (Backed),solana,meteora,NIGGA,5zFXe8DTPvcmnZMy5uWr8ahNSKcAa3vypiNhm9yUm6aD,2695.77,233.95,2026-10-02T20:00:01Z,CLOSED,1052.2847,21915.4,533.63,7,0,1
2026-10-04T01:10:03Z,NVDA,NVDAon,Ondo Global Markets,ethereum,uniswap,USDC,0xc9b4bC7C15423FCFe6B75aB5118bA773945A3A46,235.67,233.95,2026-10-02T20:00:01Z,CLOSED,0.7352,243204.16,140699.68,505,1,0
2026-10-04T01:10:03Z,NVDA,NVDAon,Ondo Global Markets,ethereum,uniswap,USDC,0xa9a6651fba74df1aab94065ffaabe750d6ed835b94a9e28925ec79beec2d5f73,236.1,233.95,2026-10-02T20:00:01Z,CLOSED,0.919,40162.63,12425.04,103,1,0
2026-10-04T01:10:03Z,NVDA,NVDAon,Ondo Global Markets,ethereum,uniswap,USDC,0xf5294094BCe435bFbd0eC488be5C462aAF32Bc7A,236.17,233.95,2026-10-02T20:00:01Z,CLOSED,0.9489,17441.2,2.67,1,1,0
2026-10-04T01:10:03Z,NVDA,NVDAon,Ondo Global Markets,ethereum,uniswap,ZIK,0xeA0F5b999C66214De7300c5910171A356fdfb3d0,234.38,233.95,2026-10-02T20:00:01Z,CLOSED,0.1838,7699.38,4.09,1,0,0
2026-10-04T01:10:03Z,NVDA,NVDAon,Ondo Global Markets,bsc,pancakeswap,USDT,0xB90BDBFBdfFd4Af5a636b5805539eDeafb969308,235.8,233.95,2026-10-02T20:00:01Z,CLOSED,0.7908,9742.22,516.37,56,1,0
2026-10-04T01:10:03Z,AAPL,AAPLx,xStocks (Backed),solana,raydium,USDC,CKwJZwm7oj3nu4653N1EpDrqXbXAYXoPFiPeEnLouF8y,334.36,333.69,2026-10-02T20:00:01Z,CLOSED,0.2008,305980.38,69943.67,1023,1,0
2026-10-04T01:10:03Z,AAPL,AAPLx,xStocks (Backed),solana,orca,SOL,5VgwxAPD37EHPqtW6v6gWq2bznPDqvpaGDuJoyGm6aJG,334.19,333.69,2026-10-02T20:00:01Z,CLOSED,0.1498,28112.74,996.98,57,1,0
2026-10-04T01:10:03Z,AAPL,AAPLx,xStocks (Backed),solana,orca,SOL,HQijmgUPWBCYyvjBCymBVS9MZbJPmdJuvQXSfFtTZRz5,334.19,333.69,2026-10-02T20:00:01Z,CLOSED,0.1498,13512.22,4283.58,179,1,0
2026-10-04T01:10:03Z,AAPL,AAPLx,xStocks (Backed),solana,raydium,SOL,EUnoAwXybSenwkvQ3Qp4aWQxmw2AZrVCbAn6Sztjhbjo,333.89,333.69,2026-10-02T20:00:01Z,CLOSED,0.0599,13317.45,2471.49,46,1,0
2026-10-04T01:10:03Z,AAPL,AAPLx,xStocks (Backed),solana,raydium,USDC,ApniVWuZbZoruTAJdyJcLBA4AVw4DKGdV5fHxo6qrAZT,334.28,333.69,2026-10-02T20:00:01Z,CLOSED,0.1768,253687.71,56898.08,1043,1,0
2026-10-04T01:10:03Z,AAPL,AAPLx,xStocks (Backed),solana,orca,USDC,CNsYTuhHBkLQmoWtdoQxqkNxtyhXYvWvQJqzmG2evNEa,333.42,333.69,2026-10-02T20:00:01Z,CLOSED,-0.0809,21373.26,4333.87,147,1,0
2026-10-04T01:10:03Z,AAPL,AAPLon,Ondo Global Markets,ethereum,uniswap,USDC,0xad82C9EB065a5CFed71DB087e4a52C8a09c69921,333.26,333.69,2026-10-02T20:00:01Z,CLOSED,-0.1289,43728.52,8243.22,46,1,0
2026-10-04T01:10:03Z,AAPL,AAPLon,Ondo Global Markets,ethereum,0x00a38533c68327aBE0Cc265436e036066E2D6B38,USDC,0x0d3A432237328D279EcD4A3ED5F462C2A84d8017,334.41,333.69,2026-10-02T20:00:01Z,CLOSED,0.2158,15427.09,906.63,18,1,0
2026-10-04T01:10:03Z,AAPL,AAPLon,Ondo Global Markets,bsc,pancakeswap,ASX,0x061306dF92c6a0538154A40F060573Be638B1066,326.15,333.69,2026-10-02T20:00:01Z,CLOSED,-2.2596,8099.26,23.49,3,0,0
2026-10-04T01:10:03Z,MSFT,MSFTon,Ondo Global Markets,ethereum,uniswap,USDC,0xb97c30485cfdb895a811331e2a3aab1233a5bf8ff27b6be149edbdc7e9a37333,519.36,517.53,2026-10-02T20:00:01Z,CLOSED,0.3536,8513.18,963.75,6,1,0
2026-10-04T01:10:03Z,AMZN,AMZNx,xStocks (Backed),solana,raydium,USDC,6m5aXAve4uh6Kt4ytKyCLWNMjd8PYP5vujwNCtycrUiD,251.74,251.52,2026-10-02T20:00:01Z,CLOSED,0.0875,405248.44,28895.51,590,1,0
2026-10-04T01:10:03Z,AMZN,AMZNx,xStocks (Backed),solana,raydium,SOL,HWZk6MfN28mYqDN1igNETjN2kueEryL33oVgt92Wkv6N,252.62,251.52,2026-10-02T20:00:01Z,CLOSED,0.4373,26925.33,7005.85,229,1,0
2026-10-04T01:10:03Z,AMZN,AMZNx,xStocks (Backed),solana,meteora,SOL,DXAbc6Q3BzfnWbJKVdVyEdLfvMprMNtxb8iz36W2ttZj,251.98,251.52,2026-10-02T20:00:01Z,CLOSED,0.1829,6629.49,545.48,107,1,0
2026-10-04T01:10:03Z,AMZN,AMZNon,Ondo Global Markets,bsc,pancakeswap,WBNB,0x8617Ba6DEEE616694601ADc41Ab7ffE0e610907E,252.00057,251.52,2026-10-02T20:00:01Z,CLOSED,0.1911,6576.19,40.73,5,1,0
2026-10-04T01:10:03Z,GOOGL,GOOGLx,xStocks (Backed),solana,raydium,USDC,B8YAwjGYk6qidWzGBXMAxP7nYfG8g74EZ3Y4gFSsobRw,344.75,343.5,2026-10-02T20:00:01Z,CLOSED,0.3639,785319.24,54009.66,654,1,0
2026-10-04T01:10:03Z,GOOGL,GOOGLx,xStocks (Backed),solana,meteora,SOL,CmcVVxuMMCdsevwThLwU4PdESB5NxiZJU4mGrxB6QDE4,345.032,343.5,2026-10-02T20:00:01Z,CLOSED,0.446,70605.99,13761.78,259,1,0
2026-10-04T01:10:03Z,GOOGL,GOOGLx,xStocks (Backed),solana,orca,USDC,Bd8GgEYaHi3zkyjr5ojQKXA82wYqGpB3suV9PQJ8kJ1b,344.28,343.5,2026-10-02T20:00:01Z,CLOSED,0.2271,63173.37,26643.55,473,1,0
2026-10-04T01:10:03Z,GOOGL,GOOGLx,xStocks (Backed),solana,raydium,SOL,3P1PwneDrKfyUVQstaqAQDBWnK2Mcqi1xZ9nteMhDbSB,346.26,343.5,2026-10-02T20:00:01Z,CLOSED,0.8035,66842.66,2049.06,74,1,0
2026-10-04T01:10:03Z,GOOGL,GOOGLx,xStocks (Backed),solana,orca,SOL,Bh3njVo6i3UjgmaevEQMGoidphcueNjoPqGkYLbthzV5,344.4,343.5,2026-10-02T20:00:01Z,CLOSED,0.262,11854.1,6372.03,497,1,0
2026-10-04T01:10:03Z,GOOGL,GOOGLx,xStocks (Backed),solana,raydium,USDC,Cc2K1QfaVh6XnBgAtzhQK8arWqXYQGhkMNkGaDiHN98Y,344.66,343.5,2026-10-02T20:00:01Z,CLOSED,0.3377,5959.99,501.44,119,1,0
2026-10-04T01:10:03Z,GOOGL,GOOGLx,xStocks (Backed),solana,orca,USDC,FaGxc8NXSXBrT6idTxjw3o8et4MmFjxRMQvVF7ChsgZV,345.15,343.5,2026-10-02T20:00:01Z,CLOSED,0.4803,5417.68,20.03,1,1,0
2026-10-04T01:10:03Z,GOOGL,GOOGLx,xStocks (Backed),solana,raydium,USDC,9sw1NZjXFsy5GKkqMpQWV7wopGgMcdkanDqg3f15zQZv,344.85,343.5,2026-10-02T20:00:01Z,CLOSED,0.393,36465.14,9072.56,312,1,0
2026-10-04T01:10:03Z,GOOGL,GOOGLon,Ondo Global Markets,ethereum,uniswap,USDC,0x39FCB1935f6Ccb0A106D05eB928205C59646af57,343.3,343.5,2026-10-02T20:00:01Z,CLOSED,-0.0582,23064.19,67.71,2,1,0
2026-10-04T01:10:03Z,META,METAx,xStocks (Backed),solana,raydium,USDC,3L7KbPVaAQA4UTecaGQYsm6UCq5F3sZM9zAYkxqYt63j,730.69,728.08,2026-10-02T20:00:01Z,CLOSED,0.3585,875532.33,110789.19,1185,1,0
2026-10-04T01:10:03Z,META,METAx,xStocks (Backed),solana,orca,USDC,59qH56HhMXrXiCMWH46NZ5M3SWhyzVzZnvMP2R27aR7Z,732.48,728.08,2026-10-02T20:00:01Z,CLOSED,0.6043,106687.84,3042.59,83,1,0
2026-10-04T01:10:03Z,META,METAx,xStocks (Backed),solana,meteora,USDC,D8pGWVN3vWeyexBtMZjyyPbcLhM1oeTEMibE9h3nNRYL,732.28,728.08,2026-10-02T20:00:01Z,CLOSED,0.5769,16700.43,21911.39,978,1,0
2026-10-04T01:10:03Z,META,METAx,xStocks (Backed),solana,raydium,SOL,BE9uiVCxUovYpgA6ard68QRRzo3sCneAkhUtSgy8AjVW,732.16,728.08,2026-10-02T20:00:01Z,CLOSED,0.5604,63210.21,31142.28,729,1,0
2026-10-04T01:10:03Z,META,METAx,xStocks (Backed),solana,raydium,USDC,DpzGDvRfwDk4xfydfjRoSeE9fm1mQnTd3zQaSKhw1oE6,731.4,728.08,2026-10-02T20:00:01Z,CLOSED,0.456,102966.88,40543.76,298,1,0
2026-10-04T01:10:03Z,META,METAx,xStocks (Backed),solana,meteora,SOL,DUKmnaXkB6AoYBUkeeb25Arfq4oeK4XPf4gkYe7evwkh,730.84,728.08,2026-10-02T20:00:01Z,CLOSED,0.3791,21833.59,4260.98,123,1,0
2026-10-04T01:10:03Z,MSTR,MSTRx,xStocks (Backed),solana,raydium,SOL,2ngTuP7xA581dqX9uJkGRqxmKuehY3k4SDfPebeoRG2J,163.8,160.01,2026-10-02T20:00:01Z,CLOSED,2.3686,875773.82,109600.62,642,1,0
2026-10-04T01:10:03Z,MSTR,MSTRx,xStocks (Backed),solana,raydium,USDC,RyhF4cksVZY7vcqJpoytHcxcGNKRp27PEGhSnEPpbGv,163.52,160.01,2026-10-02T20:00:01Z,CLOSED,2.1936,727717.32,74674.09,200,1,0
2026-10-04T01:10:03Z,MSTR,MSTRx,xStocks (Backed),solana,orca,USDC,CHSijZ92W1A5z93WzGjvBygtxN2LWgAt58uejMDmFVpY,163.79,160.01,2026-10-02T20:00:01Z,CLOSED,2.3624,40106.23,251.24,30,1,0
2026-10-04T01:10:03Z,MSTR,MSTRx,xStocks (Backed),solana,orca,SOL,HzyHKnwmRnnu3yZKzvqfhm2VeWo8V4qWtyNVGVLXrcjC,163.86,160.01,2026-10-02T20:00:01Z,CLOSED,2.4061,33219.05,219.89,10,1,0
2026-10-04T01:10:03Z,MSTR,MSTRx,xStocks (Backed),solana,raydium,CRCLx,Beq8qZeJ4UkdWW7yhnssLzgcGYj9syivePzrtFyc1AYF,163.22,160.01,2026-10-02T20:00:01Z,CLOSED,2.0061,23816.33,583.79,33,0,0
2026-10-04T01:10:03Z,MSTR,MSTRx,xStocks (Backed),solana,raydium,cbBTC,CJJV5dsFXcSoKvjmurS1nfBioH3KcTkP1s23SgQz1Jrs,163.043,160.01,2026-10-02T20:00:01Z,CLOSED,1.8955,16505.07,3438.73,49,0,0
2026-10-04T01:10:03Z,MSTR,MSTRx,xStocks (Backed),solana,orca,USDC,BCvzjDbADhnT3K35kc5TSeMAafNgu9KZVywUq9zWH2mA,163.56,160.01,2026-10-02T20:00:01Z,CLOSED,2.2186,5909.08,881.65,335,1,0
2026-10-04T01:10:03Z,MSTR,MSTRx,xStocks (Backed),solana,meteora,CRCLx,ExwtCL871L2QhHw7EikDPBHfoEHzadxcepdw1Fs3ofoR,162.91,160.01,2026-10-02T20:00:01Z,CLOSED,1.8124,7741.58,10.72,22,0,0
2026-10-04T01:10:03Z,MSTR,MSTRx,xStocks (Backed),solana,meteora,SOL,8yvEgE72BvZs86ZRr9j6ZHgn1zgVpBz2gTmwq7tMcgyH,163.68,160.01,2026-10-02T20:00:01Z,CLOSED,2.2936,6939.64,369.47,51,1,0
2026-10-04T01:10:03Z,COIN,COINx,xStocks (Backed),solana,raydium,USDC,w7SGmPeXoMCsjvXqgsAmUn56uypyDsjAtsxeVkaiqxa,183.38,183.0,2026-10-02T20:00:01Z,CLOSED,0.2077,1449729.04,19744.03,93,1,0
2026-10-04T01:10:03Z,COIN,COINx,xStocks (Backed),solana,raydium,SOL,9NJ7rtJzEnfwvoM6HyB2v6YHcsfS6ZY9DFGprphVX6W,184.24,183.0,2026-10-02T20:00:01Z,CLOSED,0.6776,119187.78,843.32,26,1,0
2026-10-04T01:10:03Z,COIN,COINx,xStocks (Backed),solana,orca,USDC,7ouGUDRMy4C9RJpTgPizRyfcxyJusAEe9ZbjqYv7BSqe,184.45,183.0,2026-10-02T20:00:01Z,CLOSED,0.7923,36806.43,45369.84,289,1,0
2026-10-04T01:10:03Z,COIN,COINx,xStocks (Backed),solana,orca,SOL,A4D97SV1dfCffDo58FEJtZoYycqVTaGVZiDdLiZffDNK,184.059,183.0,2026-10-02T20:00:01Z,CLOSED,0.5787,26476.89,6343.09,245,1,0
2026-10-04T01:10:03Z,HOOD,HOODx,xStocks (Backed),solana,raydium,USDC,DXWbip5LducMAbDSSpLYz9Xik3253EPeAYQufQtx7LXs,113.48,112.74,2026-10-02T20:00:00Z,CLOSED,0.6564,1455517.43,8230.87,22,1,0
2026-10-04T01:10:03Z,HOOD,HOODx,xStocks (Backed),solana,orca,USDC,48dhPm83sXfnRMxKRfv2YuE45DPqrhwPMvGrnTLufvFf,113.43,112.74,2026-10-02T20:00:00Z,CLOSED,0.612,78081.19,147340.34,1269,1,0
2026-10-04T01:10:03Z,HOOD,HOODx,xStocks (Backed),solana,raydium,SOL,DznDQ6YVmgtZAvwZ4ui6k9MNun9uaozyVFFsiAeAs9f,114.018,112.74,2026-10-02T20:00:00Z,CLOSED,1.1336,66078.6,4684.87,43,1,0
2026-10-04T01:10:03Z,HOOD,HOODx,xStocks (Backed),solana,meteora,SOL,DQ8fjmP2haYxyyJRU99aCaHznK1GSihYyBRZxfP9sfbU,112.99,112.74,2026-10-02T20:00:00Z,CLOSED,0.2217,11087.75,9229.86,390,1,0
2026-10-04T01:10:03Z,CRCL,CRCLon,Ondo Global Markets,bsc,pancakeswap,比特币,0xc1d141d6A9F8e8eb7B9Ce1AEcD4A8932F047c075,82.67,81.25,2026-10-02T20:00:03Z,CLOSED,1.7477,7087.52,27.56,8,0,0
2026-10-04T01:10:03Z,SPY,SPYx,xStocks (Backed),solana,raydium,USDC,4pCZCVEiYyT4efNdXUdL2tJF8VGMgiMXrZWq6FiNXhRw,775.058,769.64,2026-10-02T20:00:00Z,CLOSED,0.704,524128.52,2548448.81,10716,1,0
2026-10-04T01:10:03Z,SPY,SPYx,xStocks (Backed),solana,raydium,SOL,BS9uyGV6XmNnPkM4f3xgxCdQEaFv7RSKs6fwrpvYHxfL,776.5,769.64,2026-10-02T20:00:00Z,CLOSED,0.8913,764040.56,267638.88,2921,1,0
2026-10-04T01:10:03Z,SPY,SPYx,xStocks (Backed),solana,orca,USDC,Fae5dWVntUt6zbWu2voXxioDpMii7SqQwtsxBmoVCsHR,775.52,769.64,2026-10-02T20:00:00Z,CLOSED,0.764,339173.92,111408.12,963,1,0
2026-10-04T01:10:03Z,SPY,SPYx,xStocks (Backed),solana,raydium,USDC,6truu3rZuiB9rKQg4VYC3Dt3QwV7DgwGqXrYUcrvnDDE,774.59,769.64,2026-10-02T20:00:00Z,CLOSED,0.6432,2999493.01,187052.67,560,1,0
2026-10-04T01:10:03Z,SPY,SPYx,xStocks (Backed),solana,raydium,USDC,7sHMnvE7WqP7vQFWJGEnMT4vZg6Za9K7PpddDoXJCqME,773.88,769.64,2026-10-02T20:00:00Z,CLOSED,0.5509,76226.09,4.71,2,1,0
2026-10-04T01:10:03Z,SPY,SPYx,xStocks (Backed),solana,orca,SOL,2dN3fK8xTgYrwoCyt7EydAqVvPvCodYuwGqR2d8sKGFU,774.49,769.64,2026-10-02T20:00:00Z,CLOSED,0.6302,51293.84,2100.66,522,1,0
2026-10-04T01:10:03Z,SPY,SPYx,xStocks (Backed),solana,orca,USDC,gef4pD5g6GJSjX7hfXKUfhCVpE89BzX9TXnXJNW6kSt,774.98,769.64,2026-10-02T20:00:00Z,CLOSED,0.6938,15902.28,10640.78,2590,1,0
2026-10-04T01:10:03Z,SPY,SPYx,xStocks (Backed),solana,meteora,SOL,5JWX8pQhJNpFMjPwKhFSSVWRpss4wSyoqgRGnBNJfyuX,778.34,769.64,2026-10-02T20:00:00Z,CLOSED,1.1304,39056.75,23317.84,1033,1,0
2026-10-04T01:10:03Z,SPY,SPYx,xStocks (Backed),solana,orca,SOL,DAcfUT7Xnfm91xv4YZojgpYirLC3JfDG6PbtNqtaAkTn,774.2,769.64,2026-10-02T20:00:00Z,CLOSED,0.5925,20320.22,1069.41,408,1,0
2026-10-04T01:10:03Z,QQQ,QQQx,xStocks (Backed),solana,raydium,USDC,GMjGLWzvK75LPetrgAmdeXnvxc4fUuQPwJxeQqTDU1aG,752.71,749.58,2026-10-02T20:00:00Z,CLOSED,0.4176,2241806.41,73320.05,731,1,0
2026-10-04T01:10:03Z,QQQ,QQQx,xStocks (Backed),solana,raydium,SOL,B6FEtQdwsq8Wuw4G52pW9WEWEA7ALGfyUgXDRKigDSHH,754.27,749.58,2026-10-02T20:00:00Z,CLOSED,0.6257,128750.35,12680.97,213,1,0
2026-10-04T01:10:03Z,QQQ,QQQx,xStocks (Backed),solana,raydium,USDC,FknDV1F5n6QaA7rLmjquDjuU6wcPMNm5RYq7zWbqhpZw,751.56,749.58,2026-10-02T20:00:00Z,CLOSED,0.2641,48840.64,97.27,11,1,0
2026-10-04T01:10:03Z,QQQ,QQQx,xStocks (Backed),solana,raydium,SPYx,FN27PwZpDnSBNZR5vzx6B7waxowV84ZNFQrzgr6XeYbf,752.38,749.58,2026-10-02T20:00:00Z,CLOSED,0.3735,30818.46,59.43,1,0,0
2026-10-04T01:10:03Z,QQQ,QQQx,xStocks (Backed),solana,orca,SPYx,7mYFrN2TQtYc2HMZEXuVfWkPu9n5EFfX9Ha59X3n6PWE,753.18,749.58,2026-10-02T20:00:00Z,CLOSED,0.4803,11768.18,2732.14,530,0,0
2026-10-04T01:10:03Z,QQQ,QQQx,xStocks (Backed),solana,orca,USDC,3GVB4bXtcrP3MM376mrcJDwfTNThvyorLmVgSTf6kxFt,750.73,749.58,2026-10-02T20:00:00Z,CLOSED,0.1534,14046.6,0.0,3,1,0
2026-10-04T01:20:03Z,TSLA,TSLAx,xStocks (Backed),solana,raydium,USDC,8aDaBQkTrS6HVMjyc6EZebgdiaXhLYGriDWKWWp1NpFF,370.96,370.59,2026-10-02T20:00:00Z,CLOSED,0.0998,2292643.14,278507.84,4330,1,0
2026-10-04T01:20:03Z,TSLA,TSLAx,xStocks (Backed),solana,orca,USDC,9p7abUFv31ycgu9kckvnoqMMvBy67dqTDM2m6HP9xokN,371.22,370.59,2026-10-02T20:00:00Z,CLOSED,0.17,90511.27,55975.34,2072,1,0
2026-10-04T01:20:03Z,TSLA,TSLAx,xStocks (Backed),solana,raydium,SOL,CKmjDiqBCRqR8xk5FjnFiQXuCFsGchiLv9YwYVnE5RJ8,371.78,370.59,2026-10-02T20:00:00Z,CLOSED,0.3211,96466.16,35469.48,702,1,0
2026-10-04T01:20:03Z,TSLA,TSLAx,xStocks (Backed),solana,raydium,USDC,HHQUnUbmWLrYzkscDY1C3deEFbGtiGBGoHjpANogmvum,371.24,370.59,2026-10-02T20:00:00Z,CLOSED,0.1754,451800.41,9163.34,19,1,0
2026-10-04T01:20:03Z,TSLA,TSLAx,xStocks (Backed),solana,orca,SOL,26UY4D6pBHgxYdPWuBP3sfyc4jJf6qQjPDxCJPhtUx3H,371.078,370.59,2026-10-02T20:00:00Z,CLOSED,0.1317,8828.94,658.51,47,1,0
2026-10-04T01:20:03Z,TSLA,TSLAx,xStocks (Backed),solana,meteora,SOL,CHGfdEfKFYDWGPASCsZnpkDzvpLKNEVoAb4UEorPPkGK,371.27,370.59,2026-10-02T20:00:00Z,CLOSED,0.1835,6376.06,3001.19,104,1,0
2026-10-04T01:20:03Z,TSLA,TSLAx,xStocks (Backed),solana,meteora,NVDAx,8is7SBzMYLUTUtVU5H4QEPkgeQP7WaM7rQ6QPxXTa4PB,370.41,370.59,2026-10-02T20:00:00Z,CLOSED,-0.0486,6271.7,235.73,23,0,0
2026-10-04T01:20:03Z,TSLA,TSLAon,Ondo Global Markets,ethereum,uniswap,USDC,0x31227b50eCCDC9C589826AA2D9E7C5619B1895Da,369.002,370.59,2026-10-02T20:00:00Z,CLOSED,-0.4285,83331.63,36125.33,134,1,0
2026-10-04T01:20:03Z,TSLA,TSLAon,Ondo Global Markets,ethereum,0x00a38533c68327aBE0Cc265436e036066E2D6B38,USDC,0x49b7b66457297f9E0E763BBb151B6DB0c149E988,368.052,370.59,2026-10-02T20:00:00Z,CLOSED,-0.6849,35423.84,9.98,1,1,0
2026-10-04T01:20:03Z,TSLA,TSLAon,Ondo Global Markets,ethereum,0x00a38533c68327aBE0Cc265436e036066E2D6B38,USDC,0xfd62Ce2489f37B9357CD1Aa66a33351580B33231,369.68,370.59,2026-10-02T20:00:00Z,CLOSED,-0.2456,28050.65,228.68,2,1,0
2026-10-04T01:20:03Z,TSLA,TSLAon,Ondo Global Markets,ethereum,0x00a38533c68327aBE0Cc265436e036066E2D6B38,USDC,0xbcD5a4823C3B3faF81EECEfd3b37E1185419E9Ee,370.52,370.59,2026-10-02T20:00:00Z,CLOSED,-0.0189,26137.24,1902.33,7,1,0
2026-10-04T01:20:03Z,NVDA,NVDAx,xStocks (Backed),solana,orca,USDC,6R4r93V5fcMzc13CL2enEepDSYcr4Qx3ptZBDwudTXCo,235.45,233.95,2026-10-02T20:00:01Z,CLOSED,0.6412,585068.72,4144647.01,42297,1,0
2026-10-04T01:20:03Z,NVDA,NVDAx,xStocks (Backed),solana,raydium,SOL,38rXq2BuwdNcfnwydw6S2srpNK9N4gVzf39f69suPMsF,235.84,233.95,2026-10-02T20:00:01Z,CLOSED,0.8079,370852.74,497691.03,5556,1,0
2026-10-04T01:20:03Z,NVDA,NVDAx,xStocks (Backed),solana,meteora,SOL,FCn5zw4gAcfRpQgst5ThFuzBGXbbJ6RocVErgC4vJ9j1,235.37,233.95,2026-10-02T20:00:01Z,CLOSED,0.607,280166.93,368014.71,3538,1,0
2026-10-04T01:20:03Z,NVDA,NVDAx,xStocks (Backed),solana,raydium,USDC,49iMatQtoyabsYAQc8GafVq6aeBFVDxSRH44oiatyyw6,235.46,233.95,2026-10-02T20:00:01Z,CLOSED,0.6454,3086614.55,426120.93,2363,1,0
2026-10-04T01:20:03Z,NVDA,NVDAx,xStocks (Backed),solana,orca,SOL,8Vy5Rjb9vg5nLb8L1r4Di8p9py5BTkp8UJSMHG8AD2zs,234.97,233.95,2026-10-02T20:00:01Z,CLOSED,0.436,78215.78,142639.2,2848,1,0
2026-10-04T01:20:03Z,NVDA,NVDAx,xStocks (Backed),solana,raydium,USDC,4KqQN6u1pFKroFE2jVEhoepAMRKPcuAzWVDCgm9zRBYN,235.24,233.95,2026-10-02T20:00:01Z,CLOSED,0.5514,130167.11,1067.86,47,1,0
2026-10-04T01:20:03Z,NVDA,NVDAx,xStocks (Backed),solana,orca,CRCLx,HZck8d6gt9n4B2fam9JGLm2w2hYJKm98iAWw1176QgeB,235.14,233.95,2026-10-02T20:00:01Z,CLOSED,0.5087,26442.18,900.93,53,0,0
2026-10-04T01:20:03Z,NVDA,NVDAx,xStocks (Backed),solana,orca,SPCXx,FTw5jCaWibNK8GeeJXAy8dEWW57UxZquX82P7vZbSoBJ,230.68,233.95,2026-10-02T20:00:01Z,CLOSED,-1.3977,8281.34,38.3,2,0,0
2026-10-04T01:20:03Z,NVDA,NVDAx,xStocks (Backed),solana,meteora,NIGGA,5zFXe8DTPvcmnZMy5uWr8ahNSKcAa3vypiNhm9yUm6aD,2695.77,233.95,2026-10-02T20:00:01Z,CLOSED,1052.2847,21915.4,533.63,7,0,1
2026-10-04T01:20:03Z,NVDA,NVDAon,Ondo Global Markets,ethereum,uniswap,USDC,0xc9b4bC7C15423FCFe6B75aB5118bA773945A3A46,235.67,233.95,2026-10-02T20:00:01Z,CLOSED,0.7352,243204.69,140726.32,506,1,0
2026-10-04T01:20:03Z,NVDA,NVDAon,Ondo Global Markets,ethereum,uniswap,USDC,0xa9a6651fba74df1aab94065ffaabe750d6ed835b94a9e28925ec79beec2d5f73,236.1,233.95,2026-10-02T20:00:01Z,CLOSED,0.919,40162.63,12425.04,103,1,0
2026-10-04T01:20:03Z,NVDA,NVDAon,Ondo Global Markets,ethereum,uniswap,USDC,0xf5294094BCe435bFbd0eC488be5C462aAF32Bc7A,236.17,233.95,2026-10-02T20:00:01Z,CLOSED,0.9489,17441.2,2.67,1,1,0
2026-10-04T01:20:03Z,NVDA,NVDAon,Ondo Global Markets,ethereum,uniswap,ZIK,0xeA0F5b999C66214De7300c5910171A356fdfb3d0,234.38,233.95,2026-10-02T20:00:01Z,CLOSED,0.1838,7699.38,4.09,1,0,0
2026-10-04T01:20:03Z,NVDA,NVDAon,Ondo Global Markets,bsc,pancakeswap,USDT,0xB90BDBFBdfFd4Af5a636b5805539eDeafb969308,235.8,233.95,2026-10-02T20:00:01Z,CLOSED,0.7908,9742.22,516.26,55,1,0
2026-10-04T01:20:03Z,AAPL,AAPLx,xStocks (Backed),solana,raydium,USDC,CKwJZwm7oj3nu4653N1EpDrqXbXAYXoPFiPeEnLouF8y,334.36,333.69,2026-10-02T20:00:01Z,CLOSED,0.2008,305980.37,69926.06,1020,1,0
2026-10-04T01:20:03Z,AAPL,AAPLx,xStocks (Backed),solana,orca,SOL,5VgwxAPD37EHPqtW6v6gWq2bznPDqvpaGDuJoyGm6aJG,334.19,333.69,2026-10-02T20:00:01Z,CLOSED,0.1498,28112.74,883.26,45,1,0
2026-10-04T01:20:03Z,AAPL,AAPLx,xStocks (Backed),solana,orca,SOL,HQijmgUPWBCYyvjBCymBVS9MZbJPmdJuvQXSfFtTZRz5,334.19,333.69,2026-10-02T20:00:01Z,CLOSED,0.1498,13512.22,3992.98,163,1,0
2026-10-04T01:20:03Z,AAPL,AAPLx,xStocks (Backed),solana,raydium,SOL,EUnoAwXybSenwkvQ3Qp4aWQxmw2AZrVCbAn6Sztjhbjo,333.89,333.69,2026-10-02T20:00:01Z,CLOSED,0.0599,13317.45,2299.07,33,1,0
2026-10-04T01:20:03Z,AAPL,AAPLx,xStocks (Backed),solana,raydium,USDC,ApniVWuZbZoruTAJdyJcLBA4AVw4DKGdV5fHxo6qrAZT,334.27,333.69,2026-10-02T20:00:01Z,CLOSED,0.1738,253683.2,56651.42,1031,1,0
2026-10-04T01:20:03Z,AAPL,AAPLx,xStocks (Backed),solana,orca,USDC,CNsYTuhHBkLQmoWtdoQxqkNxtyhXYvWvQJqzmG2evNEa,333.42,333.69,2026-10-02T20:00:01Z,CLOSED,-0.0809,21373.26,4333.87,147,1,0
2026-10-04T01:20:03Z,AAPL,AAPLon,Ondo Global Markets,ethereum,uniswap,USDC,0xad82C9EB065a5CFed71DB087e4a52C8a09c69921,333.26,333.69,2026-10-02T20:00:01Z,CLOSED,-0.1289,43728.52,8243.22,46,1,0
2026-10-04T01:20:03Z,AAPL,AAPLon,Ondo Global Markets,ethereum,0x00a38533c68327aBE0Cc265436e036066E2D6B38,USDC,0x0d3A432237328D279EcD4A3ED5F462C2A84d8017,334.41,333.69,2026-10-02T20:00:01Z,CLOSED,0.2158,15427.09,906.63,18,1,0
2026-10-04T01:20:03Z,AAPL,AAPLon,Ondo Global Markets,bsc,pancakeswap,ASX,0x061306dF92c6a0538154A40F060573Be638B1066,326.15,333.69,2026-10-02T20:00:01Z,CLOSED,-2.2596,8099.26,23.49,3,0,0
2026-10-04T01:20:03Z,MSFT,MSFTon,Ondo Global Markets,ethereum,uniswap,USDC,0xb97c30485cfdb895a811331e2a3aab1233a5bf8ff27b6be149edbdc7e9a37333,519.36,517.53,2026-10-02T20:00:01Z,CLOSED,0.3536,8513.18,963.75,6,1,0
2026-10-04T01:20:03Z,AMZN,AMZNx,xStocks (Backed),solana,raydium,USDC,6m5aXAve4uh6Kt4ytKyCLWNMjd8PYP5vujwNCtycrUiD,251.74,251.52,2026-10-02T20:00:01Z,CLOSED,0.0875,405248.44,28652.53,577,1,0
2026-10-04T01:20:03Z,AMZN,AMZNx,xStocks (Backed),solana,raydium,SOL,HWZk6MfN28mYqDN1igNETjN2kueEryL33oVgt92Wkv6N,252.66,251.52,2026-10-02T20:00:01Z,CLOSED,0.4532,26929.7,6753.34,211,1,0
2026-10-04T01:20:03Z,AMZN,AMZNx,xStocks (Backed),solana,meteora,SOL,DXAbc6Q3BzfnWbJKVdVyEdLfvMprMNtxb8iz36W2ttZj,252.066,251.52,2026-10-02T20:00:01Z,CLOSED,0.2171,6631.69,506.72,107,1,0
2026-10-04T01:20:03Z,AMZN,AMZNon,Ondo Global Markets,bsc,pancakeswap,WBNB,0x8617Ba6DEEE616694601ADc41Ab7ffE0e610907E,252.00057,251.52,2026-10-02T20:00:01Z,CLOSED,0.1911,6576.19,40.73,5,1,0
2026-10-04T01:20:03Z,GOOGL,GOOGLx,xStocks (Backed),solana,raydium,USDC,B8YAwjGYk6qidWzGBXMAxP7nYfG8g74EZ3Y4gFSsobRw,344.75,343.5,2026-10-02T20:00:01Z,CLOSED,0.3639,785319.06,54012.44,656,1,0
2026-10-04T01:20:03Z,GOOGL,GOOGLx,xStocks (Backed),solana,meteora,SOL,CmcVVxuMMCdsevwThLwU4PdESB5NxiZJU4mGrxB6QDE4,345.032,343.5,2026-10-02T20:00:01Z,CLOSED,0.446,70605.99,10998.44,252,1,0
2026-10-04T01:20:03Z,GOOGL,GOOGLx,xStocks (Backed),solana,orca,USDC,Bd8GgEYaHi3zkyjr5ojQKXA82wYqGpB3suV9PQJ8kJ1b,344.28,343.5,2026-10-02T20:00:01Z,CLOSED,0.2271,63173.37,26591.79,472,1,0
2026-10-04T01:20:03Z,GOOGL,GOOGLx,xStocks (Backed),solana,raydium,SOL,3P1PwneDrKfyUVQstaqAQDBWnK2Mcqi1xZ9nteMhDbSB,346.26,343.5,2026-10-02T20:00:01Z,CLOSED,0.8035,66842.66,1472.96,71,1,0
2026-10-04T01:20:03Z,GOOGL,GOOGLx,xStocks (Backed),solana,orca,SOL,Bh3njVo6i3UjgmaevEQMGoidphcueNjoPqGkYLbthzV5,345.043,343.5,2026-10-02T20:00:01Z,CLOSED,0.4492,11867.75,6187.7,498,1,0
2026-10-04T01:20:03Z,GOOGL,GOOGLx,xStocks (Backed),solana,raydium,USDC,Cc2K1QfaVh6XnBgAtzhQK8arWqXYQGhkMNkGaDiHN98Y,344.66,343.5,2026-10-02T20:00:01Z,CLOSED,0.3377,5959.99,497.55,118,1,0
2026-10-04T01:20:03Z,GOOGL,GOOGLx,xStocks (Backed),solana,orca,USDC,FaGxc8NXSXBrT6idTxjw3o8et4MmFjxRMQvVF7ChsgZV,345.15,343.5,2026-10-02T20:00:01Z,CLOSED,0.4803,5417.68,20.03,1,1,0
2026-10-04T01:20:03Z,GOOGL,GOOGLx,xStocks (Backed),solana,raydium,USDC,9sw1NZjXFsy5GKkqMpQWV7wopGgMcdkanDqg3f15zQZv,344.85,343.5,2026-10-02T20:00:01Z,CLOSED,0.393,36465.14,8234.66,310,1,0
2026-10-04T01:20:03Z,GOOGL,GOOGLon,Ondo Global Markets,ethereum,uniswap,USDC,0x39FCB1935f6Ccb0A106D05eB928205C59646af57,343.3,343.5,2026-10-02T20:00:01Z,CLOSED,-0.0582,23064.19,67.71,2,1,0
2026-10-04T01:20:03Z,META,METAx,xStocks (Backed),solana,raydium,USDC,3L7KbPVaAQA4UTecaGQYsm6UCq5F3sZM9zAYkxqYt63j,730.69,728.08,2026-10-02T20:00:01Z,CLOSED,0.3585,875532.3,110577.88,1172,1,0
2026-10-04T01:20:03Z,META,METAx,xStocks (Backed),solana,orca,USDC,59qH56HhMXrXiCMWH46NZ5M3SWhyzVzZnvMP2R27aR7Z,732.48,728.08,2026-10-02T20:00:01Z,CLOSED,0.6043,106687.84,3011.17,81,1,0
2026-10-04T01:20:03Z,META,METAx,xStocks (Backed),solana,meteora,USDC,D8pGWVN3vWeyexBtMZjyyPbcLhM1oeTEMibE9h3nNRYL,730.82,728.08,2026-10-02T20:00:01Z,CLOSED,0.3763,16686.69,21494.37,961,1,0
2026-10-04T01:20:03Z,META,METAx,xStocks (Backed),solana,raydium,SOL,BE9uiVCxUovYpgA6ard68QRRzo3sCneAkhUtSgy8AjVW,732.27,728.08,2026-10-02T20:00:01Z,CLOSED,0.5755,63219.8,28166.62,702,1,0
2026-10-04T01:20:03Z,META,METAx,xStocks (Backed),solana,raydium,USDC,DpzGDvRfwDk4xfydfjRoSeE9fm1mQnTd3zQaSKhw1oE6,731.32,728.08,2026-10-02T20:00:01Z,CLOSED,0.445,102964.59,41261.88,299,1,0
2026-10-04T01:20:03Z,META,METAx,xStocks (Backed),solana,meteora,SOL,DUKmnaXkB6AoYBUkeeb25Arfq4oeK4XPf4gkYe7evwkh,730.84,728.08,2026-10-02T20:00:01Z,CLOSED,0.3791,21833.59,3436.56,111,1,0
2026-10-04T01:20:03Z,MSTR,MSTRx,xStocks (Backed),solana,raydium,SOL,2ngTuP7xA581dqX9uJkGRqxmKuehY3k4SDfPebeoRG2J,163.8,160.01,2026-10-02T20:00:01Z,CLOSED,2.3686,875773.82,109229.12,640,1,0
2026-10-04T01:20:03Z,MSTR,MSTRx,xStocks (Backed),solana,raydium,USDC,RyhF4cksVZY7vcqJpoytHcxcGNKRp27PEGhSnEPpbGv,163.52,160.01,2026-10-02T20:00:01Z,CLOSED,2.1936,727717.32,73081.93,193,1,0
2026-10-04T01:20:03Z,MSTR,MSTRx,xStocks (Backed),solana,orca,USDC,CHSijZ92W1A5z93WzGjvBygtxN2LWgAt58uejMDmFVpY,163.79,160.01,2026-10-02T20:00:01Z,CLOSED,2.3624,40106.23,243.74,29,1,0
2026-10-04T01:20:03Z,MSTR,MSTRx,xStocks (Backed),solana,orca,SOL,HzyHKnwmRnnu3yZKzvqfhm2VeWo8V4qWtyNVGVLXrcjC,163.86,160.01,2026-10-02T20:00:01Z,CLOSED,2.4061,33219.05,219.89,10,1,0
2026-10-04T01:20:03Z,MSTR,MSTRx,xStocks (Backed),solana,raydium,CRCLx,Beq8qZeJ4UkdWW7yhnssLzgcGYj9syivePzrtFyc1AYF,163.22,160.01,2026-10-02T20:00:01Z,CLOSED,2.0061,23816.33,583.79,33,0,0
2026-10-04T01:20:03Z,MSTR,MSTRx,xStocks (Backed),solana,raydium,cbBTC,CJJV5dsFXcSoKvjmurS1nfBioH3KcTkP1s23SgQz1Jrs,163.043,160.01,2026-10-02T20:00:01Z,CLOSED,1.8955,16505.07,3438.73,49,0,0
2026-10-04T01:20:03Z,MSTR,MSTRx,xStocks (Backed),solana,orca,USDC,BCvzjDbADhnT3K35kc5TSeMAafNgu9KZVywUq9zWH2mA,163.52,160.01,2026-10-02T20:00:01Z,CLOSED,2.1936,5908.04,889.19,339,1,0
2026-10-04T01:20:03Z,MSTR,MSTRx,xStocks (Backed),solana,meteora,CRCLx,ExwtCL871L2QhHw7EikDPBHfoEHzadxcepdw1Fs3ofoR,162.91,160.01,2026-10-02T20:00:01Z,CLOSED,1.8124,7741.58,10.49,21,0,0
2026-10-04T01:20:03Z,MSTR,MSTRx,xStocks (Backed),solana,meteora,SOL,8yvEgE72BvZs86ZRr9j6ZHgn1zgVpBz2gTmwq7tMcgyH,163.68,160.01,2026-10-02T20:00:01Z,CLOSED,2.2936,6939.64,358.21,50,1,0
2026-10-04T01:20:03Z,COIN,COINx,xStocks (Backed),solana,raydium,USDC,w7SGmPeXoMCsjvXqgsAmUn56uypyDsjAtsxeVkaiqxa,183.38,183.0,2026-10-02T20:00:01Z,CLOSED,0.2077,1449729.04,19744.03,93,1,0
2026-10-04T01:20:03Z,COIN,COINx,xStocks (Backed),solana,raydium,SOL,9NJ7rtJzEnfwvoM6HyB2v6YHcsfS6ZY9DFGprphVX6W,184.24,183.0,2026-10-02T20:00:01Z,CLOSED,0.6776,119187.78,843.32,26,1,0
2026-10-04T01:20:03Z,COIN,COINx,xStocks (Backed),solana,orca,USDC,7ouGUDRMy4C9RJpTgPizRyfcxyJusAEe9ZbjqYv7BSqe,184.42,183.0,2026-10-02T20:00:01Z,CLOSED,0.776,36803.05,45244.31,280,1,0
2026-10-04T01:20:03Z,COIN,COINx,xStocks (Backed),solana,orca,SOL,A4D97SV1dfCffDo58FEJtZoYycqVTaGVZiDdLiZffDNK,184.059,183.0,2026-10-02T20:00:01Z,CLOSED,0.5787,26476.89,5994.14,234,1,0
2026-10-04T01:20:03Z,HOOD,HOODx,xStocks (Backed),solana,raydium,USDC,DXWbip5LducMAbDSSpLYz9Xik3253EPeAYQufQtx7LXs,113.48,112.74,2026-10-02T20:00:00Z,CLOSED,0.6564,1455517.43,8230.87,22,1,0
2026-10-04T01:20:03Z,HOOD,HOODx,xStocks (Backed),solana,orca,USDC,48dhPm83sXfnRMxKRfv2YuE45DPqrhwPMvGrnTLufvFf,113.14,112.74,2026-10-02T20:00:00Z,CLOSED,0.3548,77936.17,148239.13,1262,1,0
2026-10-04T01:20:03Z,HOOD,HOODx,xStocks (Backed),solana,raydium,SOL,DznDQ6YVmgtZAvwZ4ui6k9MNun9uaozyVFFsiAeAs9f,114.018,112.74,2026-10-02T20:00:00Z,CLOSED,1.1336,66078.6,4684.87,43,1,0
2026-10-04T01:20:03Z,HOOD,HOODx,xStocks (Backed),solana,meteora,SOL,DQ8fjmP2haYxyyJRU99aCaHznK1GSihYyBRZxfP9sfbU,112.99,112.74,2026-10-02T20:00:00Z,CLOSED,0.2217,11087.75,9083.0,384,1,0
2026-10-04T01:20:03Z,CRCL,CRCLon,Ondo Global Markets,bsc,pancakeswap,比特币,0xc1d141d6A9F8e8eb7B9Ce1AEcD4A8932F047c075,82.67,81.25,2026-10-02T20:00:03Z,CLOSED,1.7477,7087.52,27.56,8,0,0
2026-10-04T01:20:03Z,SPY,SPYx,xStocks (Backed),solana,raydium,USDC,4pCZCVEiYyT4efNdXUdL2tJF8VGMgiMXrZWq6FiNXhRw,774.99,769.64,2026-10-02T20:00:00Z,CLOSED,0.6951,524116.26,2467557.69,10275,1,0
2026-10-04T01:20:03Z,SPY,SPYx,xStocks (Backed),solana,raydium,SOL,BS9uyGV6XmNnPkM4f3xgxCdQEaFv7RSKs6fwrpvYHxfL,776.23,769.64,2026-10-02T20:00:00Z,CLOSED,0.8562,763760.79,259578.01,2851,1,0
2026-10-04T01:20:03Z,SPY,SPYx,xStocks (Backed),solana,orca,USDC,Fae5dWVntUt6zbWu2voXxioDpMii7SqQwtsxBmoVCsHR,775.52,769.64,2026-10-02T20:00:00Z,CLOSED,0.764,339173.92,107924.29,941,1,0
2026-10-04T01:20:03Z,SPY,SPYx,xStocks (Backed),solana,raydium,USDC,6truu3rZuiB9rKQg4VYC3Dt3QwV7DgwGqXrYUcrvnDDE,774.59,769.64,2026-10-02T20:00:00Z,CLOSED,0.6432,2999493.78,177104.1,550,1,0
2026-10-04T01:20:03Z,SPY,SPYx,xStocks (Backed),solana,raydium,USDC,7sHMnvE7WqP7vQFWJGEnMT4vZg6Za9K7PpddDoXJCqME,773.88,769.64,2026-10-02T20:00:00Z,CLOSED,0.5509,76226.09,4.71,2,1,0
2026-10-04T01:20:03Z,SPY,SPYx,xStocks (Backed),solana,orca,SOL,2dN3fK8xTgYrwoCyt7EydAqVvPvCodYuwGqR2d8sKGFU,774.24,769.64,2026-10-02T20:00:00Z,CLOSED,0.5977,51276.78,2100.94,550,1,0
2026-10-04T01:20:03Z,SPY,SPYx,xStocks (Backed),solana,orca,USDC,gef4pD5g6GJSjX7hfXKUfhCVpE89BzX9TXnXJNW6kSt,774.93,769.64,2026-10-02T20:00:00Z,CLOSED,0.6873,15901.81,10179.75,2535,1,0
2026-10-04T01:20:03Z,SPY,SPYx,xStocks (Backed),solana,meteora,SOL,5JWX8pQhJNpFMjPwKhFSSVWRpss4wSyoqgRGnBNJfyuX,778.34,769.64,2026-10-02T20:00:00Z,CLOSED,1.1304,39056.75,22502.83,1030,1,0
2026-10-04T01:20:03Z,SPY,SPYx,xStocks (Backed),solana,orca,SOL,DAcfUT7Xnfm91xv4YZojgpYirLC3JfDG6PbtNqtaAkTn,774.2,769.64,2026-10-02T20:00:00Z,CLOSED,0.5925,20320.22,1069.41,408,1,0
2026-10-04T01:20:03Z,QQQ,QQQx,xStocks (Backed),solana,raydium,USDC,GMjGLWzvK75LPetrgAmdeXnvxc4fUuQPwJxeQqTDU1aG,752.73,749.58,2026-10-02T20:00:00Z,CLOSED,0.4202,2241822.7,73438.63,732,1,0
2026-10-04T01:20:03Z,QQQ,QQQx,xStocks (Backed),solana,raydium,SOL,B6FEtQdwsq8Wuw4G52pW9WEWEA7ALGfyUgXDRKigDSHH,754.27,749.58,2026-10-02T20:00:00Z,CLOSED,0.6257,128750.35,11641.77,200,1,0
2026-10-04T01:20:03Z,QQQ,QQQx,xStocks (Backed),solana,raydium,USDC,FknDV1F5n6QaA7rLmjquDjuU6wcPMNm5RYq7zWbqhpZw,751.56,749.58,2026-10-02T20:00:00Z,CLOSED,0.2641,48840.64,97.27,11,1,0
2026-10-04T01:20:03Z,QQQ,QQQx,xStocks (Backed),solana,raydium,SPYx,FN27PwZpDnSBNZR5vzx6B7waxowV84ZNFQrzgr6XeYbf,752.38,749.58,2026-10-02T20:00:00Z,CLOSED,0.3735,30818.46,59.43,1,0,0
2026-10-04T01:20:03Z,QQQ,QQQx,xStocks (Backed),solana,orca,SPYx,7mYFrN2TQtYc2HMZEXuVfWkPu9n5EFfX9Ha59X3n6PWE,752.36,749.58,2026-10-02T20:00:00Z,CLOSED,0.3709,11766.44,2744.99,534,0,0
2026-10-04T01:20:03Z,QQQ,QQQx,xStocks (Backed),solana,orca,USDC,3GVB4bXtcrP3MM376mrcJDwfTNThvyorLmVgSTf6kxFt,750.73,749.58,2026-10-02T20:00:00Z,CLOSED,0.1534,14046.6,0.0,3,1,0
2026-10-04T01:30:03Z,TSLA,TSLAx,xStocks (Backed),solana,raydium,USDC,8aDaBQkTrS6HVMjyc6EZebgdiaXhLYGriDWKWWp1NpFF,371.091,370.59,2026-10-02T20:00:00Z,CLOSED,0.1352,2293109.45,285752.9,4398,1,0
2026-10-04T01:30:03Z,TSLA,TSLAx,xStocks (Backed),solana,orca,USDC,9p7abUFv31ycgu9kckvnoqMMvBy67dqTDM2m6HP9xokN,371.3,370.59,2026-10-02T20:00:00Z,CLOSED,0.1916,90528.2,55958.65,2060,1,0
2026-10-04T01:30:03Z,TSLA,TSLAx,xStocks (Backed),solana,raydium,SOL,CKmjDiqBCRqR8xk5FjnFiQXuCFsGchiLv9YwYVnE5RJ8,371.89,370.59,2026-10-02T20:00:00Z,CLOSED,0.3508,96460.47,36661.85,711,1,0
2026-10-04T01:30:03Z,TSLA,TSLAx,xStocks (Backed),solana,raydium,USDC,HHQUnUbmWLrYzkscDY1C3deEFbGtiGBGoHjpANogmvum,371.24,370.59,2026-10-02T20:00:00Z,CLOSED,0.1754,451800.41,9163.34,19,1,0
2026-10-04T01:30:03Z,TSLA,TSLAx,xStocks (Backed),solana,orca,SOL,26UY4D6pBHgxYdPWuBP3sfyc4jJf6qQjPDxCJPhtUx3H,371.078,370.59,2026-10-02T20:00:00Z,CLOSED,0.1317,8828.94,658.51,47,1,0
2026-10-04T01:30:03Z,TSLA,TSLAx,xStocks (Backed),solana,meteora,SOL,CHGfdEfKFYDWGPASCsZnpkDzvpLKNEVoAb4UEorPPkGK,371.27,370.59,2026-10-02T20:00:00Z,CLOSED,0.1835,6376.06,3001.19,104,1,0
2026-10-04T01:30:03Z,TSLA,TSLAx,xStocks (Backed),solana,meteora,NVDAx,8is7SBzMYLUTUtVU5H4QEPkgeQP7WaM7rQ6QPxXTa4PB,370.41,370.59,2026-10-02T20:00:00Z,CLOSED,-0.0486,6271.7,235.73,23,0,0
2026-10-04T01:30:03Z,TSLA,TSLAon,Ondo Global Markets,ethereum,uniswap,USDC,0x31227b50eCCDC9C589826AA2D9E7C5619B1895Da,369.11,370.59,2026-10-02T20:00:00Z,CLOSED,-0.3994,83342.97,36470.16,137,1,0
2026-10-04T01:30:03Z,TSLA,TSLAon,Ondo Global Markets,ethereum,0x00a38533c68327aBE0Cc265436e036066E2D6B38,USDC,0x49b7b66457297f9E0E763BBb151B6DB0c149E988,368.052,370.59,2026-10-02T20:00:00Z,CLOSED,-0.6849,35423.84,9.98,1,1,0
2026-10-04T01:30:03Z,TSLA,TSLAon,Ondo Global Markets,ethereum,0x00a38533c68327aBE0Cc265436e036066E2D6B38,USDC,0xfd62Ce2489f37B9357CD1Aa66a33351580B33231,369.68,370.59,2026-10-02T20:00:00Z,CLOSED,-0.2456,28050.65,228.68,2,1,0
2026-10-04T01:30:03Z,TSLA,TSLAon,Ondo Global Markets,ethereum,0x00a38533c68327aBE0Cc265436e036066E2D6B38,USDC,0xbcD5a4823C3B3faF81EECEfd3b37E1185419E9Ee,370.52,370.59,2026-10-02T20:00:00Z,CLOSED,-0.0189,26137.24,1902.33,7,1,0
2026-10-04T01:30:03Z,NVDA,NVDAx,xStocks (Backed),solana,orca,USDC,6R4r93V5fcMzc13CL2enEepDSYcr4Qx3ptZBDwudTXCo,235.45,233.95,2026-10-02T20:00:01Z,CLOSED,0.6412,584742.37,4000175.14,40545,1,0
2026-10-04T01:30:03Z,NVDA,NVDAx,xStocks (Backed),solana,raydium,SOL,38rXq2BuwdNcfnwydw6S2srpNK9N4gVzf39f69suPMsF,235.58,233.95,2026-10-02T20:00:01Z,CLOSED,0.6967,370426.56,478047.01,5319,1,0
2026-10-04T01:30:03Z,NVDA,NVDAx,xStocks (Backed),solana,meteora,SOL,FCn5zw4gAcfRpQgst5ThFuzBGXbbJ6RocVErgC4vJ9j1,235.37,233.95,2026-10-02T20:00:01Z,CLOSED,0.607,280166.93,367947.82,3531,1,0
2026-10-04T01:30:03Z,NVDA,NVDAx,xStocks (Backed),solana,raydium,USDC,49iMatQtoyabsYAQc8GafVq6aeBFVDxSRH44oiatyyw6,235.46,233.95,2026-10-02T20:00:01Z,CLOSED,0.6454,3086614.37,401877.08,2252,1,0
2026-10-04T01:30:03Z,NVDA,NVDAx,xStocks (Backed),solana,orca,SOL,8Vy5Rjb9vg5nLb8L1r4Di8p9py5BTkp8UJSMHG8AD2zs,234.98,233.95,2026-10-02T20:00:01Z,CLOSED,0.4403,78220.8,140115.55,2776,1,0
2026-10-04T01:30:03Z,NVDA,NVDAx,xStocks (Backed),solana,raydium,USDC,4KqQN6u1pFKroFE2jVEhoepAMRKPcuAzWVDCgm9zRBYN,235.24,233.95,2026-10-02T20:00:01Z,CLOSED,0.5514,130167.11,1053.01,45,1,0
2026-10-04T01:30:03Z,NVDA,NVDAx,xStocks (Backed),solana,orca,CRCLx,HZck8d6gt9n4B2fam9JGLm2w2hYJKm98iAWw1176QgeB,235.14,233.95,2026-10-02T20:00:01Z,CLOSED,0.5087,26442.18,900.93,53,0,0
2026-10-04T01:30:03Z,NVDA,NVDAx,xStocks (Backed),solana,orca,SPCXx,FTw5jCaWibNK8GeeJXAy8dEWW57UxZquX82P7vZbSoBJ,230.68,233.95,2026-10-02T20:00:01Z,CLOSED,-1.3977,8281.34,38.3,2,0,0
2026-10-04T01:30:03Z,NVDA,NVDAx,xStocks (Backed),solana,meteora,NIGGA,5zFXe8DTPvcmnZMy5uWr8ahNSKcAa3vypiNhm9yUm6aD,2695.77,233.95,2026-10-02T20:00:01Z,CLOSED,1052.2847,21915.4,533.63,7,0,1
2026-10-04T01:30:03Z,NVDA,NVDAon,Ondo Global Markets,ethereum,uniswap,USDC,0xc9b4bC7C15423FCFe6B75aB5118bA773945A3A46,235.55,233.95,2026-10-02T20:00:01Z,CLOSED,0.6839,243184.1,138725.14,504,1,0
2026-10-04T01:30:03Z,NVDA,NVDAon,Ondo Global Markets,ethereum,uniswap,USDC,0xa9a6651fba74df1aab94065ffaabe750d6ed835b94a9e28925ec79beec2d5f73,236.1,233.95,2026-10-02T20:00:01Z,CLOSED,0.919,40162.63,12425.04,103,1,0
2026-10-04T01:30:03Z,NVDA,NVDAon,Ondo Global Markets,ethereum,uniswap,USDC,0xf5294094BCe435bFbd0eC488be5C462aAF32Bc7A,236.17,233.95,2026-10-02T20:00:01Z,CLOSED,0.9489,17441.2,2.67,1,1,0
2026-10-04T01:30:03Z,NVDA,NVDAon,Ondo Global Markets,ethereum,uniswap,ZIK,0xeA0F5b999C66214De7300c5910171A356fdfb3d0,234.38,233.95,2026-10-02T20:00:01Z,CLOSED,0.1838,7699.38,4.09,1,0,0
2026-10-04T01:30:03Z,NVDA,NVDAon,Ondo Global Markets,bsc,pancakeswap,USDT,0xB90BDBFBdfFd4Af5a636b5805539eDeafb969308,235.8,233.95,2026-10-02T20:00:01Z,CLOSED,0.7908,9742.22,516.26,55,1,0
2026-10-04T01:30:03Z,AAPL,AAPLx,xStocks (Backed),solana,raydium,USDC,CKwJZwm7oj3nu4653N1EpDrqXbXAYXoPFiPeEnLouF8y,334.36,333.69,2026-10-02T20:00:01Z,CLOSED,0.2008,305980.37,69926.06,1020,1,0
2026-10-04T01:30:03Z,AAPL,AAPLx,xStocks (Backed),solana,orca,SOL,5VgwxAPD37EHPqtW6v6gWq2bznPDqvpaGDuJoyGm6aJG,334.19,333.69,2026-10-02T20:00:01Z,CLOSED,0.1498,28112.74,883.26,45,1,0
2026-10-04T01:30:03Z,AAPL,AAPLx,xStocks (Backed),solana,orca,SOL,HQijmgUPWBCYyvjBCymBVS9MZbJPmdJuvQXSfFtTZRz5,334.19,333.69,2026-10-02T20:00:01Z,CLOSED,0.1498,13512.22,3992.98,163,1,0
2026-10-04T01:30:03Z,AAPL,AAPLx,xStocks (Backed),solana,raydium,SOL,EUnoAwXybSenwkvQ3Qp4aWQxmw2AZrVCbAn6Sztjhbjo,333.89,333.69,2026-10-02T20:00:01Z,CLOSED,0.0599,13317.45,2299.07,33,1,0
2026-10-04T01:30:03Z,AAPL,AAPLx,xStocks (Backed),solana,raydium,USDC,ApniVWuZbZoruTAJdyJcLBA4AVw4DKGdV5fHxo6qrAZT,334.26,333.69,2026-10-02T20:00:01Z,CLOSED,0.1708,253679.18,56650.29,1031,1,0
2026-10-04T01:30:03Z,AAPL,AAPLx,xStocks (Backed),solana,orca,USDC,CNsYTuhHBkLQmoWtdoQxqkNxtyhXYvWvQJqzmG2evNEa,333.42,333.69,2026-10-02T20:00:01Z,CLOSED,-0.0809,21373.26,4333.87,147,1,0
2026-10-04T01:30:03Z,AAPL,AAPLon,Ondo Global Markets,ethereum,uniswap,USDC,0xad82C9EB065a5CFed71DB087e4a52C8a09c69921,333.26,333.69,2026-10-02T20:00:01Z,CLOSED,-0.1289,43728.52,8243.22,46,1,0
2026-10-04T01:30:03Z,AAPL,AAPLon,Ondo Global Markets,ethereum,0x00a38533c68327aBE0Cc265436e036066E2D6B38,USDC,0x0d3A432237328D279EcD4A3ED5F462C2A84d8017,334.41,333.69,2026-10-02T20:00:01Z,CLOSED,0.2158,15427.09,906.63,18,1,0
2026-10-04T01:30:03Z,AAPL,AAPLon,Ondo Global Markets,bsc,pancakeswap,ASX,0x061306dF92c6a0538154A40F060573Be638B1066,326.15,333.69,2026-10-02T20:00:01Z,CLOSED,-2.2596,8099.26,23.49,3,0,0
2026-10-04T01:30:03Z,MSFT,MSFTon,Ondo Global Markets,ethereum,uniswap,USDC,0xb97c30485cfdb895a811331e2a3aab1233a5bf8ff27b6be149edbdc7e9a37333,519.36,517.53,2026-10-02T20:00:01Z,CLOSED,0.3536,8513.18,963.75,6,1,0
2026-10-04T01:30:03Z,AMZN,AMZNx,xStocks (Backed),solana,raydium,USDC,6m5aXAve4uh6Kt4ytKyCLWNMjd8PYP5vujwNCtycrUiD,251.74,251.52,2026-10-02T20:00:01Z,CLOSED,0.0875,405248.44,28652.53,577,1,0
2026-10-04T01:30:03Z,AMZN,AMZNx,xStocks (Backed),solana,raydium,SOL,HWZk6MfN28mYqDN1igNETjN2kueEryL33oVgt92Wkv6N,252.37,251.52,2026-10-02T20:00:01Z,CLOSED,0.3379,26898.21,6754.35,213,1,0
2026-10-04T01:30:03Z,AMZN,AMZNx,xStocks (Backed),solana,meteora,SOL,DXAbc6Q3BzfnWbJKVdVyEdLfvMprMNtxb8iz36W2ttZj,252.066,251.52,2026-10-02T20:00:01Z,CLOSED,0.2171,6631.69,506.72,107,1,0
2026-10-04T01:30:03Z,AMZN,AMZNon,Ondo Global Markets,bsc,pancakeswap,WBNB,0x8617Ba6DEEE616694601ADc41Ab7ffE0e610907E,252.00057,251.52,2026-10-02T20:00:01Z,CLOSED,0.1911,6576.19,40.73,5,1,0
2026-10-04T01:30:03Z,GOOGL,GOOGLx,xStocks (Backed),solana,raydium,USDC,B8YAwjGYk6qidWzGBXMAxP7nYfG8g74EZ3Y4gFSsobRw,344.75,343.5,2026-10-02T20:00:01Z,CLOSED,0.3639,785319.06,54012.44,655,1,0
2026-10-04T01:30:03Z,GOOGL,GOOGLx,xStocks (Backed),solana,meteora,SOL,CmcVVxuMMCdsevwThLwU4PdESB5NxiZJU4mGrxB6QDE4,345.032,343.5,2026-10-02T20:00:01Z,CLOSED,0.446,70605.99,10998.44,252,1,0
2026-10-04T01:30:03Z,GOOGL,GOOGLx,xStocks (Backed),solana,orca,USDC,Bd8GgEYaHi3zkyjr5ojQKXA82wYqGpB3suV9PQJ8kJ1b,344.28,343.5,2026-10-02T20:00:01Z,CLOSED,0.2271,63173.37,26591.79,472,1,0
2026-10-04T01:30:03Z,GOOGL,GOOGLx,xStocks (Backed),solana,raydium,SOL,3P1PwneDrKfyUVQstaqAQDBWnK2Mcqi1xZ9nteMhDbSB,346.26,343.5,2026-10-02T20:00:01Z,CLOSED,0.8035,66842.66,1472.96,71,1,0
2026-10-04T01:30:03Z,GOOGL,GOOGLx,xStocks (Backed),solana,orca,SOL,Bh3njVo6i3UjgmaevEQMGoidphcueNjoPqGkYLbthzV5,344.6,343.5,2026-10-02T20:00:01Z,CLOSED,0.3202,11852.81,6076.46,495,1,0
2026-10-04T01:30:03Z,GOOGL,GOOGLx,xStocks (Backed),solana,raydium,USDC,Cc2K1QfaVh6XnBgAtzhQK8arWqXYQGhkMNkGaDiHN98Y,344.66,343.5,2026-10-02T20:00:01Z,CLOSED,0.3377,5959.99,497.13,114,1,0
2026-10-04T01:30:03Z,GOOGL,GOOGLx,xStocks (Backed),solana,orca,USDC,FaGxc8NXSXBrT6idTxjw3o8et4MmFjxRMQvVF7ChsgZV,345.15,343.5,2026-10-02T20:00:01Z,CLOSED,0.4803,5417.68,20.03,1,1,0
2026-10-04T01:30:03Z,GOOGL,GOOGLx,xStocks (Backed),solana,raydium,USDC,9sw1NZjXFsy5GKkqMpQWV7wopGgMcdkanDqg3f15zQZv,344.49,343.5,2026-10-02T20:00:01Z,CLOSED,0.2882,36448.24,8582.54,311,1,0
2026-10-04T01:30:03Z,GOOGL,GOOGLon,Ondo Global Markets,ethereum,uniswap,USDC,0x39FCB1935f6Ccb0A106D05eB928205C59646af57,343.3,343.5,2026-10-02T20:00:01Z,CLOSED,-0.0582,23064.19,67.71,2,1,0
2026-10-04T01:30:03Z,META,METAx,xStocks (Backed),solana,raydium,USDC,3L7KbPVaAQA4UTecaGQYsm6UCq5F3sZM9zAYkxqYt63j,730.69,728.08,2026-10-02T20:00:01Z,CLOSED,0.3585,875532.3,110323.26,1149,1,0
2026-10-04T01:30:03Z,META,METAx,xStocks (Backed),solana,orca,USDC,59qH56HhMXrXiCMWH46NZ5M3SWhyzVzZnvMP2R27aR7Z,732.48,728.08,2026-10-02T20:00:01Z,CLOSED,0.6043,106687.84,3011.17,81,1,0
2026-10-04T01:30:03Z,META,METAx,xStocks (Backed),solana,meteora,USDC,D8pGWVN3vWeyexBtMZjyyPbcLhM1oeTEMibE9h3nNRYL,730.82,728.08,2026-10-02T20:00:01Z,CLOSED,0.3763,16686.82,21597.56,964,1,0
2026-10-04T01:30:03Z,META,METAx,xStocks (Backed),solana,raydium,SOL,BE9uiVCxUovYpgA6ard68QRRzo3sCneAkhUtSgy8AjVW,732.27,728.08,2026-10-02T20:00:01Z,CLOSED,0.5755,63219.8,27471.46,692,1,0
2026-10-04T01:30:03Z,META,METAx,xStocks (Backed),solana,raydium,USDC,DpzGDvRfwDk4xfydfjRoSeE9fm1mQnTd3zQaSKhw1oE6,731.32,728.08,2026-10-02T20:00:01Z,CLOSED,0.445,102964.61,41265.14,300,1,0
2026-10-04T01:30:03Z,META,METAx,xStocks (Backed),solana,meteora,SOL,DUKmnaXkB6AoYBUkeeb25Arfq4oeK4XPf4gkYe7evwkh,730.84,728.08,2026-10-02T20:00:01Z,CLOSED,0.3791,21833.59,3436.56,111,1,0
2026-10-04T01:30:03Z,MSTR,MSTRx,xStocks (Backed),solana,raydium,SOL,2ngTuP7xA581dqX9uJkGRqxmKuehY3k4SDfPebeoRG2J,163.55,160.01,2026-10-02T20:00:01Z,CLOSED,2.2124,874641.73,109984.02,642,1,0
2026-10-04T01:30:03Z,MSTR,MSTRx,xStocks (Backed),solana,raydium,USDC,RyhF4cksVZY7vcqJpoytHcxcGNKRp27PEGhSnEPpbGv,163.52,160.01,2026-10-02T20:00:01Z,CLOSED,2.1936,727717.32,73081.93,193,1,0
2026-10-04T01:30:03Z,MSTR,MSTRx,xStocks (Backed),solana,orca,USDC,CHSijZ92W1A5z93WzGjvBygtxN2LWgAt58uejMDmFVpY,163.79,160.01,2026-10-02T20:00:01Z,CLOSED,2.3624,40106.23,243.74,29,1,0
2026-10-04T01:30:03Z,MSTR,MSTRx,xStocks (Backed),solana,orca,SOL,HzyHKnwmRnnu3yZKzvqfhm2VeWo8V4qWtyNVGVLXrcjC,163.86,160.01,2026-10-02T20:00:01Z,CLOSED,2.4061,33219.05,219.89,10,1,0
2026-10-04T01:30:03Z,MSTR,MSTRx,xStocks (Backed),solana,raydium,CRCLx,Beq8qZeJ4UkdWW7yhnssLzgcGYj9syivePzrtFyc1AYF,163.22,160.01,2026-10-02T20:00:01Z,CLOSED,2.0061,23816.33,583.79,33,0,0
2026-10-04T01:30:03Z,MSTR,MSTRx,xStocks (Backed),solana,raydium,cbBTC,CJJV5dsFXcSoKvjmurS1nfBioH3KcTkP1s23SgQz1Jrs,163.043,160.01,2026-10-02T20:00:01Z,CLOSED,1.8955,16505.07,3438.73,49,0,0
2026-10-04T01:30:03Z,MSTR,MSTRx,xStocks (Backed),solana,orca,USDC,BCvzjDbADhnT3K35kc5TSeMAafNgu9KZVywUq9zWH2mA,163.25,160.01,2026-10-02T20:00:01Z,CLOSED,2.0249,5901.19,886.48,336,1,0
2026-10-04T01:30:03Z,MSTR,MSTRx,xStocks (Backed),solana,meteora,CRCLx,ExwtCL871L2QhHw7EikDPBHfoEHzadxcepdw1Fs3ofoR,162.91,160.01,2026-10-02T20:00:01Z,CLOSED,1.8124,7741.58,10.36,20,0,0
2026-10-04T01:30:03Z,MSTR,MSTRx,xStocks (Backed),solana,meteora,SOL,8yvEgE72BvZs86ZRr9j6ZHgn1zgVpBz2gTmwq7tMcgyH,163.68,160.01,2026-10-02T20:00:01Z,CLOSED,2.2936,6939.64,358.21,50,1,0
2026-10-04T01:30:03Z,COIN,COINx,xStocks (Backed),solana,raydium,USDC,w7SGmPeXoMCsjvXqgsAmUn56uypyDsjAtsxeVkaiqxa,183.38,183.0,2026-10-02T20:00:01Z,CLOSED,0.2077,1449729.04,19744.03,93,1,0
2026-10-04T01:30:03Z,COIN,COINx,xStocks (Backed),solana,raydium,SOL,9NJ7rtJzEnfwvoM6HyB2v6YHcsfS6ZY9DFGprphVX6W,184.24,183.0,2026-10-02T20:00:01Z,CLOSED,0.6776,119187.78,843.32,26,1,0
2026-10-04T01:30:03Z,COIN,COINx,xStocks (Backed),solana,orca,USDC,7ouGUDRMy4C9RJpTgPizRyfcxyJusAEe9ZbjqYv7BSqe,184.42,183.0,2026-10-02T20:00:01Z,CLOSED,0.776,36803.05,45244.31,280,1,0
2026-10-04T01:30:03Z,COIN,COINx,xStocks (Backed),solana,orca,SOL,A4D97SV1dfCffDo58FEJtZoYycqVTaGVZiDdLiZffDNK,184.059,183.0,2026-10-02T20:00:01Z,CLOSED,0.5787,26476.89,5994.14,234,1,0
2026-10-04T01:30:03Z,HOOD,HOODx,xStocks (Backed),solana,raydium,USDC,DXWbip5LducMAbDSSpLYz9Xik3253EPeAYQufQtx7LXs,113.48,112.74,2026-10-02T20:00:00Z,CLOSED,0.6564,1455517.43,8230.87,22,1,0
2026-10-04T01:30:03Z,HOOD,HOODx,xStocks (Backed),solana,orca,USDC,48dhPm83sXfnRMxKRfv2YuE45DPqrhwPMvGrnTLufvFf,113.14,112.74,2026-10-02T20:00:00Z,CLOSED,0.3548,77936.57,148185.47,1242,1,0
2026-10-04T01:30:03Z,HOOD,HOODx,xStocks (Backed),solana,raydium,SOL,DznDQ6YVmgtZAvwZ4ui6k9MNun9uaozyVFFsiAeAs9f,114.018,112.74,2026-10-02T20:00:00Z,CLOSED,1.1336,66078.6,4684.87,43,1,0
2026-10-04T01:30:03Z,HOOD,HOODx,xStocks (Backed),solana,meteora,SOL,DQ8fjmP2haYxyyJRU99aCaHznK1GSihYyBRZxfP9sfbU,113.39,112.74,2026-10-02T20:00:00Z,CLOSED,0.5765,11116.55,9089.21,385,1,0
2026-10-04T01:30:03Z,CRCL,CRCLon,Ondo Global Markets,bsc,pancakeswap,比特币,0xc1d141d6A9F8e8eb7B9Ce1AEcD4A8932F047c075,82.67,81.25,2026-10-02T20:00:03Z,CLOSED,1.7477,7087.52,27.56,8,0,0
2026-10-04T01:30:03Z,SPY,SPYx,xStocks (Backed),solana,raydium,USDC,4pCZCVEiYyT4efNdXUdL2tJF8VGMgiMXrZWq6FiNXhRw,774.96,769.64,2026-10-02T20:00:00Z,CLOSED,0.6912,524111.64,2430296.03,10078,1,0
2026-10-04T01:30:03Z,SPY,SPYx,xStocks (Backed),solana,raydium,SOL,BS9uyGV6XmNnPkM4f3xgxCdQEaFv7RSKs6fwrpvYHxfL,775.33,769.64,2026-10-02T20:00:00Z,CLOSED,0.7393,762871.18,253874.79,2826,1,0
2026-10-04T01:30:03Z,SPY,SPYx,xStocks (Backed),solana,orca,USDC,Fae5dWVntUt6zbWu2voXxioDpMii7SqQwtsxBmoVCsHR,775.52,769.64,2026-10-02T20:00:00Z,CLOSED,0.764,339173.92,105221.24,917,1,0
2026-10-04T01:30:03Z,SPY,SPYx,xStocks (Backed),solana,raydium,USDC,6truu3rZuiB9rKQg4VYC3Dt3QwV7DgwGqXrYUcrvnDDE,774.59,769.64,2026-10-02T20:00:00Z,CLOSED,0.6432,2999494.46,155311.01,545,1,0
2026-10-04T01:30:03Z,SPY,SPYx,xStocks (Backed),solana,raydium,USDC,7sHMnvE7WqP7vQFWJGEnMT4vZg6Za9K7PpddDoXJCqME,773.88,769.64,2026-10-02T20:00:00Z,CLOSED,0.5509,76226.09,4.71,2,1,0
2026-10-04T01:30:03Z,SPY,SPYx,xStocks (Backed),solana,orca,SOL,2dN3fK8xTgYrwoCyt7EydAqVvPvCodYuwGqR2d8sKGFU,773.27,769.64,2026-10-02T20:00:00Z,CLOSED,0.4716,51212.8,2101.0,556,1,0
2026-10-04T01:30:03Z,SPY,SPYx,xStocks (Backed),solana,orca,USDC,gef4pD5g6GJSjX7hfXKUfhCVpE89BzX9TXnXJNW6kSt,775.077,769.64,2026-10-02T20:00:00Z,CLOSED,0.7064,15903.01,10133.27,2531,1,0
2026-10-04T01:30:03Z,SPY,SPYx,xStocks (Backed),solana,meteora,SOL,5JWX8pQhJNpFMjPwKhFSSVWRpss4wSyoqgRGnBNJfyuX,772.76,769.64,2026-10-02T20:00:00Z,CLOSED,0.4054,38907.94,22502.54,1028,1,0
2026-10-04T01:30:03Z,SPY,SPYx,xStocks (Backed),solana,orca,SOL,DAcfUT7Xnfm91xv4YZojgpYirLC3JfDG6PbtNqtaAkTn,773.12,769.64,2026-10-02T20:00:00Z,CLOSED,0.4522,20289.33,1065.47,408,1,0
2026-10-04T01:30:03Z,QQQ,QQQx,xStocks (Backed),solana,raydium,USDC,GMjGLWzvK75LPetrgAmdeXnvxc4fUuQPwJxeQqTDU1aG,752.73,749.58,2026-10-02T20:00:00Z,CLOSED,0.4202,2241822.7,70169.1,702,1,0
2026-10-04T01:30:03Z,QQQ,QQQx,xStocks (Backed),solana,raydium,SOL,B6FEtQdwsq8Wuw4G52pW9WEWEA7ALGfyUgXDRKigDSHH,754.27,749.58,2026-10-02T20:00:00Z,CLOSED,0.6257,128750.35,11403.39,199,1,0
2026-10-04T01:30:03Z,QQQ,QQQx,xStocks (Backed),solana,raydium,USDC,FknDV1F5n6QaA7rLmjquDjuU6wcPMNm5RYq7zWbqhpZw,751.56,749.58,2026-10-02T20:00:00Z,CLOSED,0.2641,48840.64,97.27,11,1,0
2026-10-04T01:30:03Z,QQQ,QQQx,xStocks (Backed),solana,orca,SPYx,7mYFrN2TQtYc2HMZEXuVfWkPu9n5EFfX9Ha59X3n6PWE,752.34,749.58,2026-10-02T20:00:00Z,CLOSED,0.3682,11766.4,2667.01,531,0,0
2026-10-04T01:30:03Z,QQQ,QQQx,xStocks (Backed),solana,orca,USDC,3GVB4bXtcrP3MM376mrcJDwfTNThvyorLmVgSTf6kxFt,750.73,749.58,2026-10-02T20:00:00Z,CLOSED,0.1534,14046.6,0.0,3,1,0
2026-10-04T01:40:03Z,TSLA,TSLAx,xStocks (Backed),solana,raydium,USDC,8aDaBQkTrS6HVMjyc6EZebgdiaXhLYGriDWKWWp1NpFF,371.092,370.59,2026-10-02T20:00:00Z,CLOSED,0.1355,2293129.01,301122.2,4566,1,0
2026-10-04T01:40:03Z,TSLA,TSLAx,xStocks (Backed),solana,orca,USDC,9p7abUFv31ycgu9kckvnoqMMvBy67dqTDM2m6HP9xokN,371.17,370.59,2026-10-02T20:00:00Z,CLOSED,0.1565,90501.58,57458.78,2099,1,0
2026-10-04T01:40:03Z,TSLA,TSLAx,xStocks (Backed),solana,raydium,SOL,CKmjDiqBCRqR8xk5FjnFiQXuCFsGchiLv9YwYVnE5RJ8,371.53,370.59,2026-10-02T20:00:00Z,CLOSED,0.2536,96401.42,37134.88,734,1,0
2026-10-04T01:40:03Z,TSLA,TSLAx,xStocks (Backed),solana,raydium,USDC,HHQUnUbmWLrYzkscDY1C3deEFbGtiGBGoHjpANogmvum,371.24,370.59,2026-10-02T20:00:00Z,CLOSED,0.1754,451800.41,9163.34,19,1,0
2026-10-04T01:40:03Z,TSLA,TSLAx,xStocks (Backed),solana,orca,SOL,26UY4D6pBHgxYdPWuBP3sfyc4jJf6qQjPDxCJPhtUx3H,370.8,370.59,2026-10-02T20:00:00Z,CLOSED,0.0567,8821.82,894.98,54,1,0
2026-10-04T01:40:03Z,TSLA,TSLAx,xStocks (Backed),solana,meteora,SOL,CHGfdEfKFYDWGPASCsZnpkDzvpLKNEVoAb4UEorPPkGK,370.85,370.59,2026-10-02T20:00:00Z,CLOSED,0.0702,6369.28,2547.01,96,1,0
2026-10-04T01:40:03Z,TSLA,TSLAx,xStocks (Backed),solana,meteora,NVDAx,8is7SBzMYLUTUtVU5H4QEPkgeQP7WaM7rQ6QPxXTa4PB,371.42,370.59,2026-10-02T20:00:00Z,CLOSED,0.224,6284.72,251.12,24,0,0
2026-10-04T01:40:03Z,TSLA,TSLAon,Ondo Global Markets,ethereum,uniswap,USDC,0x31227b50eCCDC9C589826AA2D9E7C5619B1895Da,369.24,370.59,2026-10-02T20:00:00Z,CLOSED,-0.3643,83355.16,36811.11,140,1,0
2026-10-04T01:40:03Z,TSLA,TSLAon,Ondo Global Markets,ethereum,0x00a38533c68327aBE0Cc265436e036066E2D6B38,USDC,0x49b7b66457297f9E0E763BBb151B6DB0c149E988,368.052,370.59,2026-10-02T20:00:00Z,CLOSED,-0.6849,35423.84,9.98,1,1,0
2026-10-04T01:40:03Z,TSLA,TSLAon,Ondo Global Markets,ethereum,0x00a38533c68327aBE0Cc265436e036066E2D6B38,USDC,0xfd62Ce2489f37B9357CD1Aa66a33351580B33231,369.68,370.59,2026-10-02T20:00:00Z,CLOSED,-0.2456,28050.65,228.68,2,1,0
2026-10-04T01:40:03Z,TSLA,TSLAon,Ondo Global Markets,ethereum,0x00a38533c68327aBE0Cc265436e036066E2D6B38,USDC,0xbcD5a4823C3B3faF81EECEfd3b37E1185419E9Ee,370.52,370.59,2026-10-02T20:00:00Z,CLOSED,-0.0189,26137.24,1902.33,7,1,0
2026-10-04T01:40:03Z,NVDA,NVDAx,xStocks (Backed),solana,orca,USDC,6R4r93V5fcMzc13CL2enEepDSYcr4Qx3ptZBDwudTXCo,235.47,233.95,2026-10-02T20:00:01Z,CLOSED,0.6497,584765.7,3887564.07,39403,1,0
2026-10-04T01:40:03Z,NVDA,NVDAx,xStocks (Backed),solana,raydium,SOL,38rXq2BuwdNcfnwydw6S2srpNK9N4gVzf39f69suPMsF,235.52,233.95,2026-10-02T20:00:01Z,CLOSED,0.6711,370360.38,473831.7,5258,1,0
2026-10-04T01:40:03Z,NVDA,NVDAx,xStocks (Backed),solana,meteora,SOL,FCn5zw4gAcfRpQgst5ThFuzBGXbbJ6RocVErgC4vJ9j1,234.6,233.95,2026-10-02T20:00:01Z,CLOSED,0.2778,278613.55,357918.29,3449,1,0
2026-10-04T01:40:03Z,NVDA,NVDAx,xStocks (Backed),solana,raydium,USDC,49iMatQtoyabsYAQc8GafVq6aeBFVDxSRH44oiatyyw6,235.46,233.95,2026-10-02T20:00:01Z,CLOSED,0.6454,3086615.38,383524.08,2135,1,0
2026-10-04T01:40:03Z,NVDA,NVDAx,xStocks (Backed),solana,orca,SOL,8Vy5Rjb9vg5nLb8L1r4Di8p9py5BTkp8UJSMHG8AD2zs,234.97,233.95,2026-10-02T20:00:01Z,CLOSED,0.436,78215.68,135494.92,2707,1,0
2026-10-04T01:40:03Z,NVDA,NVDAx,xStocks (Backed),solana,raydium,USDC,4KqQN6u1pFKroFE2jVEhoepAMRKPcuAzWVDCgm9zRBYN,235.24,233.95,2026-10-02T20:00:01Z,CLOSED,0.5514,130167.11,1053.01,45,1,0
2026-10-04T01:40:03Z,NVDA,NVDAx,xStocks (Backed),solana,orca,CRCLx,HZck8d6gt9n4B2fam9JGLm2w2hYJKm98iAWw1176QgeB,235.14,233.95,2026-10-02T20:00:01Z,CLOSED,0.5087,26442.18,900.93,53,0,0
2026-10-04T01:40:03Z,NVDA,NVDAx,xStocks (Backed),solana,orca,SPCXx,FTw5jCaWibNK8GeeJXAy8dEWW57UxZquX82P7vZbSoBJ,230.68,233.95,2026-10-02T20:00:01Z,CLOSED,-1.3977,8281.34,38.3,2,0,0
2026-10-04T01:40:03Z,NVDA,NVDAx,xStocks (Backed),solana,meteora,NIGGA,5zFXe8DTPvcmnZMy5uWr8ahNSKcAa3vypiNhm9yUm6aD,2695.77,233.95,2026-10-02T20:00:01Z,CLOSED,1052.2847,21915.4,533.63,7,0,1
2026-10-04T01:40:03Z,NVDA,NVDAon,Ondo Global Markets,ethereum,uniswap,USDC,0xc9b4bC7C15423FCFe6B75aB5118bA773945A3A46,235.59,233.95,2026-10-02T20:00:01Z,CLOSED,0.701,243193.6,139190.86,505,1,0
2026-10-04T01:40:03Z,NVDA,NVDAon,Ondo Global Markets,ethereum,uniswap,USDC,0xa9a6651fba74df1aab94065ffaabe750d6ed835b94a9e28925ec79beec2d5f73,236.1,233.95,2026-10-02T20:00:01Z,CLOSED,0.919,40162.85,12434.45,105,1,0
2026-10-04T01:40:03Z,NVDA,NVDAon,Ondo Global Markets,ethereum,uniswap,USDC,0xf5294094BCe435bFbd0eC488be5C462aAF32Bc7A,236.17,233.95,2026-10-02T20:00:01Z,CLOSED,0.9489,17441.2,2.67,1,1,0
2026-10-04T01:40:03Z,NVDA,NVDAon,Ondo Global Markets,ethereum,uniswap,ZIK,0xeA0F5b999C66214De7300c5910171A356fdfb3d0,234.38,233.95,2026-10-02T20:00:01Z,CLOSED,0.1838,7699.38,4.09,1,0,0
2026-10-04T01:40:03Z,NVDA,NVDAon,Ondo Global Markets,bsc,pancakeswap,USDT,0xB90BDBFBdfFd4Af5a636b5805539eDeafb969308,235.8,233.95,2026-10-02T20:00:01Z,CLOSED,0.7908,9742.22,516.26,55,1,0
2026-10-04T01:40:03Z,AAPL,AAPLx,xStocks (Backed),solana,raydium,USDC,CKwJZwm7oj3nu4653N1EpDrqXbXAYXoPFiPeEnLouF8y,334.36,333.69,2026-10-02T20:00:01Z,CLOSED,0.2008,305980.37,69926.06,1020,1,0
2026-10-04T01:40:03Z,AAPL,AAPLx,xStocks (Backed),solana,orca,SOL,5VgwxAPD37EHPqtW6v6gWq2bznPDqvpaGDuJoyGm6aJG,334.19,333.69,2026-10-02T20:00:01Z,CLOSED,0.1498,28112.74,883.26,45,1,0
2026-10-04T01:40:03Z,AAPL,AAPLx,xStocks (Backed),solana,orca,SOL,HQijmgUPWBCYyvjBCymBVS9MZbJPmdJuvQXSfFtTZRz5,334.19,333.69,2026-10-02T20:00:01Z,CLOSED,0.1498,13512.22,3992.98,163,1,0
2026-10-04T01:40:03Z,AAPL,AAPLx,xStocks (Backed),solana,raydium,SOL,EUnoAwXybSenwkvQ3Qp4aWQxmw2AZrVCbAn6Sztjhbjo,333.89,333.69,2026-10-02T20:00:01Z,CLOSED,0.0599,13317.45,2299.07,33,1,0
2026-10-04T01:40:03Z,AAPL,AAPLx,xStocks (Backed),solana,raydium,USDC,ApniVWuZbZoruTAJdyJcLBA4AVw4DKGdV5fHxo6qrAZT,334.22,333.69,2026-10-02T20:00:01Z,CLOSED,0.1588,253666.11,56679.49,1032,1,0
2026-10-04T01:40:03Z,AAPL,AAPLx,xStocks (Backed),solana,orca,USDC,CNsYTuhHBkLQmoWtdoQxqkNxtyhXYvWvQJqzmG2evNEa,333.42,333.69,2026-10-02T20:00:01Z,CLOSED,-0.0809,21373.26,4333.87,147,1,0
2026-10-04T01:40:03Z,AAPL,AAPLon,Ondo Global Markets,ethereum,uniswap,USDC,0xad82C9EB065a5CFed71DB087e4a52C8a09c69921,333.26,333.69,2026-10-02T20:00:01Z,CLOSED,-0.1289,43728.52,8243.22,46,1,0
2026-10-04T01:40:03Z,AAPL,AAPLon,Ondo Global Markets,ethereum,0x00a38533c68327aBE0Cc265436e036066E2D6B38,USDC,0x0d3A432237328D279EcD4A3ED5F462C2A84d8017,334.41,333.69,2026-10-02T20:00:01Z,CLOSED,0.2158,15427.09,895.64,17,1,0
2026-10-04T01:40:03Z,AAPL,AAPLon,Ondo Global Markets,bsc,pancakeswap,ASX,0x061306dF92c6a0538154A40F060573Be638B1066,326.15,333.69,2026-10-02T20:00:01Z,CLOSED,-2.2596,8099.26,23.49,3,0,0
2026-10-04T01:40:03Z,MSFT,MSFTon,Ondo Global Markets,ethereum,uniswap,USDC,0xb97c30485cfdb895a811331e2a3aab1233a5bf8ff27b6be149edbdc7e9a37333,519.36,517.53,2026-10-02T20:00:01Z,CLOSED,0.3536,8513.18,963.75,6,1,0
2026-10-04T01:40:03Z,AMZN,AMZNx,xStocks (Backed),solana,raydium,USDC,6m5aXAve4uh6Kt4ytKyCLWNMjd8PYP5vujwNCtycrUiD,251.74,251.52,2026-10-02T20:00:01Z,CLOSED,0.0875,405248.68,28513.12,577,1,0
2026-10-04T01:40:03Z,AMZN,AMZNx,xStocks (Backed),solana,raydium,SOL,HWZk6MfN28mYqDN1igNETjN2kueEryL33oVgt92Wkv6N,252.38,251.52,2026-10-02T20:00:01Z,CLOSED,0.3419,26900.06,6743.58,213,1,0
2026-10-04T01:40:03Z,AMZN,AMZNx,xStocks (Backed),solana,meteora,SOL,DXAbc6Q3BzfnWbJKVdVyEdLfvMprMNtxb8iz36W2ttZj,252.066,251.52,2026-10-02T20:00:01Z,CLOSED,0.2171,6631.69,506.72,107,1,0
2026-10-04T01:40:03Z,AMZN,AMZNon,Ondo Global Markets,bsc,pancakeswap,WBNB,0x8617Ba6DEEE616694601ADc41Ab7ffE0e610907E,252.00057,251.52,2026-10-02T20:00:01Z,CLOSED,0.1911,6576.19,40.73,5,1,0
2026-10-04T01:40:03Z,GOOGL,GOOGLx,xStocks (Backed),solana,raydium,USDC,B8YAwjGYk6qidWzGBXMAxP7nYfG8g74EZ3Y4gFSsobRw,344.75,343.5,2026-10-02T20:00:01Z,CLOSED,0.3639,785318.94,53810.72,646,1,0
2026-10-04T01:40:03Z,GOOGL,GOOGLx,xStocks (Backed),solana,meteora,SOL,CmcVVxuMMCdsevwThLwU4PdESB5NxiZJU4mGrxB6QDE4,345.032,343.5,2026-10-02T20:00:01Z,CLOSED,0.446,70605.99,10998.44,252,1,0
2026-10-04T01:40:03Z,GOOGL,GOOGLx,xStocks (Backed),solana,orca,USDC,Bd8GgEYaHi3zkyjr5ojQKXA82wYqGpB3suV9PQJ8kJ1b,344.13,343.5,2026-10-02T20:00:01Z,CLOSED,0.1834,63156.26,26627.01,474,1,0
2026-10-04T01:40:03Z,GOOGL,GOOGLx,xStocks (Backed),solana,raydium,SOL,3P1PwneDrKfyUVQstaqAQDBWnK2Mcqi1xZ9nteMhDbSB,346.26,343.5,2026-10-02T20:00:01Z,CLOSED,0.8035,66842.66,1472.96,71,1,0
2026-10-04T01:40:03Z,GOOGL,GOOGLx,xStocks (Backed),solana,orca,SOL,Bh3njVo6i3UjgmaevEQMGoidphcueNjoPqGkYLbthzV5,344.65,343.5,2026-10-02T20:00:01Z,CLOSED,0.3348,11854.69,6079.36,496,1,0
2026-10-04T01:40:03Z,GOOGL,GOOGLx,xStocks (Backed),solana,raydium,USDC,Cc2K1QfaVh6XnBgAtzhQK8arWqXYQGhkMNkGaDiHN98Y,344.66,343.5,2026-10-02T20:00:01Z,CLOSED,0.3377,5959.99,494.19,110,1,0
2026-10-04T01:40:03Z,GOOGL,GOOGLx,xStocks (Backed),solana,orca,USDC,FaGxc8NXSXBrT6idTxjw3o8et4MmFjxRMQvVF7ChsgZV,345.15,343.5,2026-10-02T20:00:01Z,CLOSED,0.4803,5417.68,20.03,1,1,0
2026-10-04T01:40:03Z,GOOGL,GOOGLx,xStocks (Backed),solana,raydium,USDC,9sw1NZjXFsy5GKkqMpQWV7wopGgMcdkanDqg3f15zQZv,344.49,343.5,2026-10-02T20:00:01Z,CLOSED,0.2882,36448.24,8582.54,311,1,0
2026-10-04T01:40:03Z,GOOGL,GOOGLon,Ondo Global Markets,ethereum,uniswap,USDC,0x39FCB1935f6Ccb0A106D05eB928205C59646af57,343.3,343.5,2026-10-02T20:00:01Z,CLOSED,-0.0582,23064.19,67.71,2,1,0
2026-10-04T01:40:03Z,META,METAx,xStocks (Backed),solana,raydium,USDC,3L7KbPVaAQA4UTecaGQYsm6UCq5F3sZM9zAYkxqYt63j,730.69,728.08,2026-10-02T20:00:01Z,CLOSED,0.3585,875532.3,109994.92,1129,1,0
2026-10-04T01:40:03Z,META,METAx,xStocks (Backed),solana,orca,USDC,59qH56HhMXrXiCMWH46NZ5M3SWhyzVzZnvMP2R27aR7Z,732.48,728.08,2026-10-02T20:00:01Z,CLOSED,0.6043,106687.84,3011.17,81,1,0
2026-10-04T01:40:03Z,META,METAx,xStocks (Backed),solana,meteora,USDC,D8pGWVN3vWeyexBtMZjyyPbcLhM1oeTEMibE9h3nNRYL,730.82,728.08,2026-10-02T20:00:01Z,CLOSED,0.3763,16686.84,21708.25,966,1,0
2026-10-04T01:40:03Z,META,METAx,xStocks (Backed),solana,raydium,SOL,BE9uiVCxUovYpgA6ard68QRRzo3sCneAkhUtSgy8AjVW,732.27,728.08,2026-10-02T20:00:01Z,CLOSED,0.5755,63219.8,27345.49,689,1,0
2026-10-04T01:40:03Z,META,METAx,xStocks (Backed),solana,raydium,USDC,DpzGDvRfwDk4xfydfjRoSeE9fm1mQnTd3zQaSKhw1oE6,731.32,728.08,2026-10-02T20:00:01Z,CLOSED,0.445,102965.98,42093.82,300,1,0
2026-10-04T01:40:03Z,META,METAx,xStocks (Backed),solana,meteora,SOL,DUKmnaXkB6AoYBUkeeb25Arfq4oeK4XPf4gkYe7evwkh,730.84,728.08,2026-10-02T20:00:01Z,CLOSED,0.3791,21833.59,3436.56,111,1,0
2026-10-04T01:40:03Z,MSTR,MSTRx,xStocks (Backed),solana,raydium,SOL,2ngTuP7xA581dqX9uJkGRqxmKuehY3k4SDfPebeoRG2J,163.55,160.01,2026-10-02T20:00:01Z,CLOSED,2.2124,874641.73,109984.02,642,1,0
2026-10-04T01:40:03Z,MSTR,MSTRx,xStocks (Backed),solana,raydium,USDC,RyhF4cksVZY7vcqJpoytHcxcGNKRp27PEGhSnEPpbGv,163.52,160.01,2026-10-02T20:00:01Z,CLOSED,2.1936,727717.32,73081.93,193,1,0
2026-10-04T01:40:03Z,MSTR,MSTRx,xStocks (Backed),solana,orca,USDC,CHSijZ92W1A5z93WzGjvBygtxN2LWgAt58uejMDmFVpY,163.79,160.01,2026-10-02T20:00:01Z,CLOSED,2.3624,40106.23,243.74,29,1,0
2026-10-04T01:40:03Z,MSTR,MSTRx,xStocks (Backed),solana,orca,SOL,HzyHKnwmRnnu3yZKzvqfhm2VeWo8V4qWtyNVGVLXrcjC,163.86,160.01,2026-10-02T20:00:01Z,CLOSED,2.4061,33219.05,219.89,10,1,0
2026-10-04T01:40:03Z,MSTR,MSTRx,xStocks (Backed),solana,raydium,CRCLx,Beq8qZeJ4UkdWW7yhnssLzgcGYj9syivePzrtFyc1AYF,163.22,160.01,2026-10-02T20:00:01Z,CLOSED,2.0061,23816.33,583.79,33,0,0
2026-10-04T01:40:03Z,MSTR,MSTRx,xStocks (Backed),solana,raydium,cbBTC,CJJV5dsFXcSoKvjmurS1nfBioH3KcTkP1s23SgQz1Jrs,163.088,160.01,2026-10-02T20:00:01Z,CLOSED,1.9236,16501.62,3517.62,50,0,0
2026-10-04T01:40:03Z,MSTR,MSTRx,xStocks (Backed),solana,orca,USDC,BCvzjDbADhnT3K35kc5TSeMAafNgu9KZVywUq9zWH2mA,163.59,160.01,2026-10-02T20:00:01Z,CLOSED,2.2374,5910.0,898.67,337,1,0
2026-10-04T01:40:03Z,MSTR,MSTRx,xStocks (Backed),solana,meteora,CRCLx,ExwtCL871L2QhHw7EikDPBHfoEHzadxcepdw1Fs3ofoR,162.91,160.01,2026-10-02T20:00:01Z,CLOSED,1.8124,7741.58,10.36,20,0,0
2026-10-04T01:40:03Z,MSTR,MSTRx,xStocks (Backed),solana,meteora,SOL,8yvEgE72BvZs86ZRr9j6ZHgn1zgVpBz2gTmwq7tMcgyH,163.2,160.01,2026-10-02T20:00:01Z,CLOSED,1.9936,6932.23,359.26,51,1,0
2026-10-04T01:40:03Z,COIN,COINx,xStocks (Backed),solana,raydium,USDC,w7SGmPeXoMCsjvXqgsAmUn56uypyDsjAtsxeVkaiqxa,183.38,183.0,2026-10-02T20:00:01Z,CLOSED,0.2077,1449729.04,19744.03,93,1,0
2026-10-04T01:40:03Z,COIN,COINx,xStocks (Backed),solana,raydium,SOL,9NJ7rtJzEnfwvoM6HyB2v6YHcsfS6ZY9DFGprphVX6W,184.24,183.0,2026-10-02T20:00:01Z,CLOSED,0.6776,119187.78,843.32,26,1,0
2026-10-04T01:40:03Z,COIN,COINx,xStocks (Backed),solana,orca,USDC,7ouGUDRMy4C9RJpTgPizRyfcxyJusAEe9ZbjqYv7BSqe,184.42,183.0,2026-10-02T20:00:01Z,CLOSED,0.776,36803.26,45274.27,279,1,0
2026-10-04T01:40:03Z,COIN,COINx,xStocks (Backed),solana,orca,SOL,A4D97SV1dfCffDo58FEJtZoYycqVTaGVZiDdLiZffDNK,184.059,183.0,2026-10-02T20:00:01Z,CLOSED,0.5787,26476.89,5994.14,234,1,0
2026-10-04T01:40:03Z,HOOD,HOODx,xStocks (Backed),solana,raydium,USDC,DXWbip5LducMAbDSSpLYz9Xik3253EPeAYQufQtx7LXs,113.48,112.74,2026-10-02T20:00:00Z,CLOSED,0.6564,1455517.43,8230.87,22,1,0
2026-10-04T01:40:03Z,HOOD,HOODx,xStocks (Backed),solana,orca,USDC,48dhPm83sXfnRMxKRfv2YuE45DPqrhwPMvGrnTLufvFf,113.13,112.74,2026-10-02T20:00:00Z,CLOSED,0.3459,77934.57,148225.68,1233,1,0
2026-10-04T01:40:03Z,HOOD,HOODx,xStocks (Backed),solana,raydium,SOL,DznDQ6YVmgtZAvwZ4ui6k9MNun9uaozyVFFsiAeAs9f,114.018,112.74,2026-10-02T20:00:00Z,CLOSED,1.1336,66078.6,4684.87,43,1,0
2026-10-04T01:40:03Z,HOOD,HOODx,xStocks (Backed),solana,meteora,SOL,DQ8fjmP2haYxyyJRU99aCaHznK1GSihYyBRZxfP9sfbU,113.4,112.74,2026-10-02T20:00:00Z,CLOSED,0.5854,11117.41,9096.11,387,1,0
2026-10-04T01:40:03Z,CRCL,CRCLon,Ondo Global Markets,bsc,pancakeswap,比特币,0xc1d141d6A9F8e8eb7B9Ce1AEcD4A8932F047c075,82.67,81.25,2026-10-02T20:00:03Z,CLOSED,1.7477,7087.52,27.56,8,0,0
2026-10-04T01:40:03Z,SPY,SPYx,xStocks (Backed),solana,raydium,USDC,4pCZCVEiYyT4efNdXUdL2tJF8VGMgiMXrZWq6FiNXhRw,775.012,769.64,2026-10-02T20:00:00Z,CLOSED,0.698,524121.28,2388887.55,9979,1,0
2026-10-04T01:40:03Z,SPY,SPYx,xStocks (Backed),solana,raydium,SOL,BS9uyGV6XmNnPkM4f3xgxCdQEaFv7RSKs6fwrpvYHxfL,775.4,769.64,2026-10-02T20:00:00Z,CLOSED,0.7484,762934.63,250637.2,2740,1,0
2026-10-04T01:40:03Z,SPY,SPYx,xStocks (Backed),solana,orca,USDC,Fae5dWVntUt6zbWu2voXxioDpMii7SqQwtsxBmoVCsHR,774.92,769.64,2026-10-02T20:00:00Z,CLOSED,0.686,339009.94,103486.92,910,1,0
2026-10-04T01:40:03Z,SPY,SPYx,xStocks (Backed),solana,raydium,USDC,6truu3rZuiB9rKQg4VYC3Dt3QwV7DgwGqXrYUcrvnDDE,774.59,769.64,2026-10-02T20:00:00Z,CLOSED,0.6432,2996973.62,155278.41,538,1,0
2026-10-04T01:40:03Z,SPY,SPYx,xStocks (Backed),solana,raydium,USDC,7sHMnvE7WqP7vQFWJGEnMT4vZg6Za9K7PpddDoXJCqME,773.88,769.64,2026-10-02T20:00:00Z,CLOSED,0.5509,76226.09,4.71,2,1,0
2026-10-04T01:40:03Z,SPY,SPYx,xStocks (Backed),solana,orca,SOL,2dN3fK8xTgYrwoCyt7EydAqVvPvCodYuwGqR2d8sKGFU,773.21,769.64,2026-10-02T20:00:00Z,CLOSED,0.4639,51208.53,2101.27,583,1,0
2026-10-04T01:40:03Z,SPY,SPYx,xStocks (Backed),solana,orca,USDC,gef4pD5g6GJSjX7hfXKUfhCVpE89BzX9TXnXJNW6kSt,774.95,769.64,2026-10-02T20:00:00Z,CLOSED,0.6899,15902.0,10068.87,2519,1,0
2026-10-04T01:40:03Z,SPY,SPYx,xStocks (Backed),solana,meteora,SOL,5JWX8pQhJNpFMjPwKhFSSVWRpss4wSyoqgRGnBNJfyuX,772.76,769.64,2026-10-02T20:00:00Z,CLOSED,0.4054,38907.94,22398.94,1016,1,0
2026-10-04T01:40:03Z,SPY,SPYx,xStocks (Backed),solana,orca,SOL,DAcfUT7Xnfm91xv4YZojgpYirLC3JfDG6PbtNqtaAkTn,773.3,769.64,2026-10-02T20:00:00Z,CLOSED,0.4755,20291.03,1065.47,409,1,0
2026-10-04T01:40:03Z,QQQ,QQQx,xStocks (Backed),solana,raydium,USDC,GMjGLWzvK75LPetrgAmdeXnvxc4fUuQPwJxeQqTDU1aG,752.73,749.58,2026-10-02T20:00:00Z,CLOSED,0.4202,2241822.7,70169.1,702,1,0
2026-10-04T01:40:03Z,QQQ,QQQx,xStocks (Backed),solana,raydium,SOL,B6FEtQdwsq8Wuw4G52pW9WEWEA7ALGfyUgXDRKigDSHH,754.27,749.58,2026-10-02T20:00:00Z,CLOSED,0.6257,128750.35,11403.39,199,1,0
2026-10-04T01:40:03Z,QQQ,QQQx,xStocks (Backed),solana,raydium,USDC,FknDV1F5n6QaA7rLmjquDjuU6wcPMNm5RYq7zWbqhpZw,751.56,749.58,2026-10-02T20:00:00Z,CLOSED,0.2641,48840.64,97.27,11,1,0
2026-10-04T01:40:03Z,QQQ,QQQx,xStocks (Backed),solana,orca,SPYx,7mYFrN2TQtYc2HMZEXuVfWkPu9n5EFfX9Ha59X3n6PWE,752.31,749.58,2026-10-02T20:00:00Z,CLOSED,0.3642,11766.37,2523.76,523,0,0
2026-10-04T01:40:03Z,QQQ,QQQx,xStocks (Backed),solana,orca,USDC,3GVB4bXtcrP3MM376mrcJDwfTNThvyorLmVgSTf6kxFt,750.73,749.58,2026-10-02T20:00:00Z,CLOSED,0.1534,14046.6,0.0,3,1,0
2026-10-04T01:50:03Z,TSLA,TSLAx,xStocks (Backed),solana,raydium,USDC,8aDaBQkTrS6HVMjyc6EZebgdiaXhLYGriDWKWWp1NpFF,371.14,370.59,2026-10-02T20:00:00Z,CLOSED,0.1484,2293322.31,301783.19,4568,1,0
2026-10-04T01:50:03Z,TSLA,TSLAx,xStocks (Backed),solana,orca,USDC,9p7abUFv31ycgu9kckvnoqMMvBy67dqTDM2m6HP9xokN,371.079,370.59,2026-10-02T20:00:00Z,CLOSED,0.132,90482.94,57501.45,2101,1,0
2026-10-04T01:50:03Z,TSLA,TSLAx,xStocks (Backed),solana,raydium,SOL,CKmjDiqBCRqR8xk5FjnFiQXuCFsGchiLv9YwYVnE5RJ8,370.63,370.59,2026-10-02T20:00:00Z,CLOSED,0.0108,96219.69,38356.63,737,1,0
2026-10-04T01:50:03Z,TSLA,TSLAx,xStocks (Backed),solana,raydium,USDC,HHQUnUbmWLrYzkscDY1C3deEFbGtiGBGoHjpANogmvum,371.24,370.59,2026-10-02T20:00:00Z,CLOSED,0.1754,451800.41,9163.34,19,1,0
2026-10-04T01:50:03Z,TSLA,TSLAx,xStocks (Backed),solana,orca,SOL,26UY4D6pBHgxYdPWuBP3sfyc4jJf6qQjPDxCJPhtUx3H,370.8,370.59,2026-10-02T20:00:00Z,CLOSED,0.0567,8821.82,894.98,54,1,0
2026-10-04T01:50:03Z,TSLA,TSLAx,xStocks (Backed),solana,meteora,SOL,CHGfdEfKFYDWGPASCsZnpkDzvpLKNEVoAb4UEorPPkGK,369.98,370.59,2026-10-02T20:00:00Z,CLOSED,-0.1646,6357.75,2549.06,96,1,0
2026-10-04T01:50:03Z,TSLA,TSLAx,xStocks (Backed),solana,meteora,NVDAx,8is7SBzMYLUTUtVU5H4QEPkgeQP7WaM7rQ6QPxXTa4PB,371.42,370.59,2026-10-02T20:00:00Z,CLOSED,0.224,6284.72,251.12,24,0,0
2026-10-04T01:50:03Z,TSLA,TSLAon,Ondo Global Markets,ethereum,uniswap,USDC,0x31227b50eCCDC9C589826AA2D9E7C5619B1895Da,369.97,370.59,2026-10-02T20:00:00Z,CLOSED,-0.1673,83417.19,38031.19,150,1,0
2026-10-04T01:50:03Z,TSLA,TSLAon,Ondo Global Markets,ethereum,0x00a38533c68327aBE0Cc265436e036066E2D6B38,USDC,0x49b7b66457297f9E0E763BBb151B6DB0c149E988,368.052,370.59,2026-10-02T20:00:00Z,CLOSED,-0.6849,35423.84,9.98,1,1,0
2026-10-04T01:50:03Z,TSLA,TSLAon,Ondo Global Markets,ethereum,0x00a38533c68327aBE0Cc265436e036066E2D6B38,USDC,0xfd62Ce2489f37B9357CD1Aa66a33351580B33231,369.68,370.59,2026-10-02T20:00:00Z,CLOSED,-0.2456,28050.65,228.68,2,1,0
2026-10-04T01:50:03Z,TSLA,TSLAon,Ondo Global Markets,ethereum,0x00a38533c68327aBE0Cc265436e036066E2D6B38,USDC,0xbcD5a4823C3B3faF81EECEfd3b37E1185419E9Ee,370.53,370.59,2026-10-02T20:00:00Z,CLOSED,-0.0162,26137.88,1906.43,8,1,0
2026-10-04T01:50:03Z,NVDA,NVDAx,xStocks (Backed),solana,orca,USDC,6R4r93V5fcMzc13CL2enEepDSYcr4Qx3ptZBDwudTXCo,235.43,233.95,2026-10-02T20:00:01Z,CLOSED,0.6326,584734.27,3803196.06,38535,1,0
2026-10-04T01:50:03Z,NVDA,NVDAx,xStocks (Backed),solana,raydium,SOL,38rXq2BuwdNcfnwydw6S2srpNK9N4gVzf39f69suPMsF,235.4,233.95,2026-10-02T20:00:01Z,CLOSED,0.6198,370053.09,466818.6,5204,1,0
2026-10-04T01:50:03Z,NVDA,NVDAx,xStocks (Backed),solana,meteora,SOL,FCn5zw4gAcfRpQgst5ThFuzBGXbbJ6RocVErgC4vJ9j1,234.6,233.95,2026-10-02T20:00:01Z,CLOSED,0.2778,278613.55,348377.22,3316,1,0
2026-10-04T01:50:03Z,NVDA,NVDAx,xStocks (Backed),solana,raydium,USDC,49iMatQtoyabsYAQc8GafVq6aeBFVDxSRH44oiatyyw6,235.46,233.95,2026-10-02T20:00:01Z,CLOSED,0.6454,3086614.79,379562.78,2113,1,0
2026-10-04T01:50:03Z,NVDA,NVDAx,xStocks (Backed),solana,orca,SOL,8Vy5Rjb9vg5nLb8L1r4Di8p9py5BTkp8UJSMHG8AD2zs,235.64,233.95,2026-10-02T20:00:01Z,CLOSED,0.7224,78327.15,133574.27,2687,1,0
2026-10-04T01:50:03Z,NVDA,NVDAx,xStocks (Backed),solana,raydium,USDC,4KqQN6u1pFKroFE2jVEhoepAMRKPcuAzWVDCgm9zRBYN,235.24,233.95,2026-10-02T20:00:01Z,CLOSED,0.5514,130167.11,1053.01,45,1,0
2026-10-04T01:50:03Z,NVDA,NVDAx,xStocks (Backed),solana,orca,CRCLx,HZck8d6gt9n4B2fam9JGLm2w2hYJKm98iAWw1176QgeB,235.14,233.95,2026-10-02T20:00:01Z,CLOSED,0.5087,26442.18,900.93,53,0,0
2026-10-04T01:50:03Z,NVDA,NVDAx,xStocks (Backed),solana,orca,SPCXx,FTw5jCaWibNK8GeeJXAy8dEWW57UxZquX82P7vZbSoBJ,230.68,233.95,2026-10-02T20:00:01Z,CLOSED,-1.3977,8281.34,38.3,2,0,0
2026-10-04T01:50:03Z,NVDA,NVDAx,xStocks (Backed),solana,meteora,NIGGA,5zFXe8DTPvcmnZMy5uWr8ahNSKcAa3vypiNhm9yUm6aD,2695.77,233.95,2026-10-02T20:00:01Z,CLOSED,1052.2847,21915.4,533.63,7,0,1
2026-10-04T01:50:03Z,NVDA,NVDAon,Ondo Global Markets,ethereum,uniswap,USDC,0xc9b4bC7C15423FCFe6B75aB5118bA773945A3A46,235.95,233.95,2026-10-02T20:00:01Z,CLOSED,0.8549,243288.77,146386.38,533,1,0
2026-10-04T01:50:03Z,NVDA,NVDAon,Ondo Global Markets,ethereum,uniswap,USDC,0xa9a6651fba74df1aab94065ffaabe750d6ed835b94a9e28925ec79beec2d5f73,236.14,233.95,2026-10-02T20:00:01Z,CLOSED,0.9361,40164.81,12188.64,105,1,0
2026-10-04T01:50:03Z,NVDA,NVDAon,Ondo Global Markets,ethereum,uniswap,USDC,0xf5294094BCe435bFbd0eC488be5C462aAF32Bc7A,236.17,233.95,2026-10-02T20:00:01Z,CLOSED,0.9489,17441.2,2.67,1,1,0
2026-10-04T01:50:03Z,NVDA,NVDAon,Ondo Global Markets,ethereum,uniswap,ZIK,0xeA0F5b999C66214De7300c5910171A356fdfb3d0,234.38,233.95,2026-10-02T20:00:01Z,CLOSED,0.1838,7699.38,4.09,1,0,0
2026-10-04T01:50:03Z,NVDA,NVDAon,Ondo Global Markets,bsc,pancakeswap,USDT,0xB90BDBFBdfFd4Af5a636b5805539eDeafb969308,235.8,233.95,2026-10-02T20:00:01Z,CLOSED,0.7908,9742.22,516.26,55,1,0
2026-10-04T01:50:03Z,AAPL,AAPLx,xStocks (Backed),solana,raydium,USDC,CKwJZwm7oj3nu4653N1EpDrqXbXAYXoPFiPeEnLouF8y,334.36,333.69,2026-10-02T20:00:01Z,CLOSED,0.2008,305980.37,69924.76,1018,1,0
2026-10-04T01:50:03Z,AAPL,AAPLx,xStocks (Backed),solana,orca,SOL,5VgwxAPD37EHPqtW6v6gWq2bznPDqvpaGDuJoyGm6aJG,334.19,333.69,2026-10-02T20:00:01Z,CLOSED,0.1498,28112.74,883.26,45,1,0
2026-10-04T01:50:03Z,AAPL,AAPLx,xStocks (Backed),solana,orca,SOL,HQijmgUPWBCYyvjBCymBVS9MZbJPmdJuvQXSfFtTZRz5,334.19,333.69,2026-10-02T20:00:01Z,CLOSED,0.1498,13512.22,3992.98,163,1,0
2026-10-04T01:50:03Z,AAPL,AAPLx,xStocks (Backed),solana,raydium,SOL,EUnoAwXybSenwkvQ3Qp4aWQxmw2AZrVCbAn6Sztjhbjo,333.89,333.69,2026-10-02T20:00:01Z,CLOSED,0.0599,13317.45,2299.07,33,1,0
2026-10-04T01:50:03Z,AAPL,AAPLx,xStocks (Backed),solana,raydium,USDC,ApniVWuZbZoruTAJdyJcLBA4AVw4DKGdV5fHxo6qrAZT,334.21,333.69,2026-10-02T20:00:01Z,CLOSED,0.1558,253663.28,56752.52,1035,1,0
2026-10-04T01:50:03Z,AAPL,AAPLx,xStocks (Backed),solana,orca,USDC,CNsYTuhHBkLQmoWtdoQxqkNxtyhXYvWvQJqzmG2evNEa,333.42,333.69,2026-10-02T20:00:01Z,CLOSED,-0.0809,21373.26,4333.87,147,1,0
2026-10-04T01:50:03Z,AAPL,AAPLon,Ondo Global Markets,ethereum,uniswap,USDC,0xad82C9EB065a5CFed71DB087e4a52C8a09c69921,333.34,333.69,2026-10-02T20:00:01Z,CLOSED,-0.1049,43735.01,8296.49,47,1,0
2026-10-04T01:50:03Z,AAPL,AAPLon,Ondo Global Markets,ethereum,0x00a38533c68327aBE0Cc265436e036066E2D6B38,USDC,0x0d3A432237328D279EcD4A3ED5F462C2A84d8017,334.41,333.69,2026-10-02T20:00:01Z,CLOSED,0.2158,15427.09,895.64,17,1,0
2026-10-04T01:50:03Z,AAPL,AAPLon,Ondo Global Markets,bsc,pancakeswap,ASX,0x061306dF92c6a0538154A40F060573Be638B1066,326.15,333.69,2026-10-02T20:00:01Z,CLOSED,-2.2596,8099.26,23.49,3,0,0
2026-10-04T01:50:03Z,MSFT,MSFTon,Ondo Global Markets,ethereum,uniswap,USDC,0xb97c30485cfdb895a811331e2a3aab1233a5bf8ff27b6be149edbdc7e9a37333,519.36,517.53,2026-10-02T20:00:01Z,CLOSED,0.3536,8513.18,963.75,6,1,0
2026-10-04T01:50:03Z,AMZN,AMZNx,xStocks (Backed),solana,raydium,USDC,6m5aXAve4uh6Kt4ytKyCLWNMjd8PYP5vujwNCtycrUiD,251.74,251.52,2026-10-02T20:00:01Z,CLOSED,0.0875,405248.68,28513.12,577,1,0
2026-10-04T01:50:03Z,AMZN,AMZNx,xStocks (Backed),solana,raydium,SOL,HWZk6MfN28mYqDN1igNETjN2kueEryL33oVgt92Wkv6N,252.18,251.52,2026-10-02T20:00:01Z,CLOSED,0.2624,26879.49,6736.81,210,1,0
2026-10-04T01:50:03Z,AMZN,AMZNx,xStocks (Backed),solana,meteora,SOL,DXAbc6Q3BzfnWbJKVdVyEdLfvMprMNtxb8iz36W2ttZj,252.066,251.52,2026-10-02T20:00:01Z,CLOSED,0.2171,6631.69,506.69,106,1,0
2026-10-04T01:50:03Z,AMZN,AMZNon,Ondo Global Markets,bsc,pancakeswap,WBNB,0x8617Ba6DEEE616694601ADc41Ab7ffE0e610907E,252.00057,251.52,2026-10-02T20:00:01Z,CLOSED,0.1911,6576.19,40.73,5,1,0
2026-10-04T01:50:03Z,GOOGL,GOOGLx,xStocks (Backed),solana,raydium,USDC,B8YAwjGYk6qidWzGBXMAxP7nYfG8g74EZ3Y4gFSsobRw,344.75,343.5,2026-10-02T20:00:01Z,CLOSED,0.3639,785318.17,53823.1,648,1,0
2026-10-04T01:50:03Z,GOOGL,GOOGLx,xStocks (Backed),solana,meteora,SOL,CmcVVxuMMCdsevwThLwU4PdESB5NxiZJU4mGrxB6QDE4,345.032,343.5,2026-10-02T20:00:01Z,CLOSED,0.446,70605.99,10998.44,252,1,0
2026-10-04T01:50:03Z,GOOGL,GOOGLx,xStocks (Backed),solana,orca,USDC,Bd8GgEYaHi3zkyjr5ojQKXA82wYqGpB3suV9PQJ8kJ1b,344.1,343.5,2026-10-02T20:00:01Z,CLOSED,0.1747,63152.66,26692.7,467,1,0
2026-10-04T01:50:03Z,GOOGL,GOOGLx,xStocks (Backed),solana,raydium,SOL,3P1PwneDrKfyUVQstaqAQDBWnK2Mcqi1xZ9nteMhDbSB,346.26,343.5,2026-10-02T20:00:01Z,CLOSED,0.8035,66842.66,1472.96,71,1,0
2026-10-04T01:50:03Z,GOOGL,GOOGLx,xStocks (Backed),solana,orca,SOL,Bh3njVo6i3UjgmaevEQMGoidphcueNjoPqGkYLbthzV5,344.41,343.5,2026-10-02T20:00:01Z,CLOSED,0.2649,11846.02,6072.74,496,1,0
2026-10-04T01:50:03Z,GOOGL,GOOGLx,xStocks (Backed),solana,raydium,USDC,Cc2K1QfaVh6XnBgAtzhQK8arWqXYQGhkMNkGaDiHN98Y,344.66,343.5,2026-10-02T20:00:01Z,CLOSED,0.3377,5959.99,485.04,106,1,0
2026-10-04T01:50:03Z,GOOGL,GOOGLx,xStocks (Backed),solana,orca,USDC,FaGxc8NXSXBrT6idTxjw3o8et4MmFjxRMQvVF7ChsgZV,345.15,343.5,2026-10-02T20:00:01Z,CLOSED,0.4803,5417.68,20.03,1,1,0
2026-10-04T01:50:03Z,GOOGL,GOOGLx,xStocks (Backed),solana,raydium,USDC,9sw1NZjXFsy5GKkqMpQWV7wopGgMcdkanDqg3f15zQZv,344.49,343.5,2026-10-02T20:00:01Z,CLOSED,0.2882,36448.24,8582.53,310,1,0
2026-10-04T01:50:03Z,GOOGL,GOOGLon,Ondo Global Markets,ethereum,uniswap,USDC,0x39FCB1935f6Ccb0A106D05eB928205C59646af57,343.3,343.5,2026-10-02T20:00:01Z,CLOSED,-0.0582,23064.19,67.71,2,1,0
2026-10-04T01:50:03Z,META,METAx,xStocks (Backed),solana,raydium,USDC,3L7KbPVaAQA4UTecaGQYsm6UCq5F3sZM9zAYkxqYt63j,730.69,728.08,2026-10-02T20:00:01Z,CLOSED,0.3585,875532.3,109895.54,1123,1,0
2026-10-04T01:50:03Z,META,METAx,xStocks (Backed),solana,orca,USDC,59qH56HhMXrXiCMWH46NZ5M3SWhyzVzZnvMP2R27aR7Z,732.48,728.08,2026-10-02T20:00:01Z,CLOSED,0.6043,106687.84,3011.17,81,1,0
2026-10-04T01:50:03Z,META,METAx,xStocks (Backed),solana,meteora,USDC,D8pGWVN3vWeyexBtMZjyyPbcLhM1oeTEMibE9h3nNRYL,732.29,728.08,2026-10-02T20:00:01Z,CLOSED,0.5782,16700.91,21861.46,972,1,0
2026-10-04T01:50:03Z,META,METAx,xStocks (Backed),solana,raydium,SOL,BE9uiVCxUovYpgA6ard68QRRzo3sCneAkhUtSgy8AjVW,731.16,728.08,2026-10-02T20:00:01Z,CLOSED,0.423,63116.49,27503.43,692,1,0
2026-10-04T01:50:03Z,META,METAx,xStocks (Backed),solana,raydium,USDC,DpzGDvRfwDk4xfydfjRoSeE9fm1mQnTd3zQaSKhw1oE6,731.36,728.08,2026-10-02T20:00:01Z,CLOSED,0.4505,102967.82,42389.61,303,1,0
2026-10-04T01:50:03Z,META,METAx,xStocks (Backed),solana,meteora,SOL,DUKmnaXkB6AoYBUkeeb25Arfq4oeK4XPf4gkYe7evwkh,730.84,728.08,2026-10-02T20:00:01Z,CLOSED,0.3791,21833.59,3436.56,111,1,0
2026-10-04T01:50:03Z,MSTR,MSTRx,xStocks (Backed),solana,raydium,SOL,2ngTuP7xA581dqX9uJkGRqxmKuehY3k4SDfPebeoRG2J,163.55,160.01,2026-10-02T20:00:01Z,CLOSED,2.2124,874641.73,109984.02,642,1,0
2026-10-04T01:50:03Z,MSTR,MSTRx,xStocks (Backed),solana,raydium,USDC,RyhF4cksVZY7vcqJpoytHcxcGNKRp27PEGhSnEPpbGv,163.52,160.01,2026-10-02T20:00:01Z,CLOSED,2.1936,727717.32,73081.93,193,1,0
2026-10-04T01:50:03Z,MSTR,MSTRx,xStocks (Backed),solana,orca,USDC,CHSijZ92W1A5z93WzGjvBygtxN2LWgAt58uejMDmFVpY,163.79,160.01,2026-10-02T20:00:01Z,CLOSED,2.3624,40106.23,243.74,29,1,0
2026-10-04T01:50:03Z,MSTR,MSTRx,xStocks (Backed),solana,orca,SOL,HzyHKnwmRnnu3yZKzvqfhm2VeWo8V4qWtyNVGVLXrcjC,163.86,160.01,2026-10-02T20:00:01Z,CLOSED,2.4061,33219.05,219.89,10,1,0
2026-10-04T01:50:03Z,MSTR,MSTRx,xStocks (Backed),solana,raydium,CRCLx,Beq8qZeJ4UkdWW7yhnssLzgcGYj9syivePzrtFyc1AYF,163.22,160.01,2026-10-02T20:00:01Z,CLOSED,2.0061,23816.33,583.79,33,0,0
2026-10-04T01:50:03Z,MSTR,MSTRx,xStocks (Backed),solana,raydium,cbBTC,CJJV5dsFXcSoKvjmurS1nfBioH3KcTkP1s23SgQz1Jrs,163.088,160.01,2026-10-02T20:00:01Z,CLOSED,1.9236,16501.62,3517.62,50,0,0
2026-10-04T01:50:03Z,MSTR,MSTRx,xStocks (Backed),solana,orca,USDC,BCvzjDbADhnT3K35kc5TSeMAafNgu9KZVywUq9zWH2mA,163.59,160.01,2026-10-02T20:00:01Z,CLOSED,2.2374,5910.0,897.42,332,1,0
2026-10-04T01:50:03Z,MSTR,MSTRx,xStocks (Backed),solana,meteora,CRCLx,ExwtCL871L2QhHw7EikDPBHfoEHzadxcepdw1Fs3ofoR,162.91,160.01,2026-10-02T20:00:01Z,CLOSED,1.8124,7741.58,10.36,20,0,0
2026-10-04T01:50:03Z,MSTR,MSTRx,xStocks (Backed),solana,meteora,SOL,8yvEgE72BvZs86ZRr9j6ZHgn1zgVpBz2gTmwq7tMcgyH,163.2,160.01,2026-10-02T20:00:01Z,CLOSED,1.9936,6932.23,359.26,51,1,0
2026-10-04T01:50:03Z,COIN,COINx,xStocks (Backed),solana,raydium,USDC,w7SGmPeXoMCsjvXqgsAmUn56uypyDsjAtsxeVkaiqxa,183.38,183.0,2026-10-02T20:00:01Z,CLOSED,0.2077,1449729.04,19744.03,93,1,0
2026-10-04T01:50:03Z,COIN,COINx,xStocks (Backed),solana,raydium,SOL,9NJ7rtJzEnfwvoM6HyB2v6YHcsfS6ZY9DFGprphVX6W,184.24,183.0,2026-10-02T20:00:01Z,CLOSED,0.6776,119187.78,843.32,26,1,0
2026-10-04T01:50:03Z,COIN,COINx,xStocks (Backed),solana,orca,USDC,7ouGUDRMy4C9RJpTgPizRyfcxyJusAEe9ZbjqYv7BSqe,184.41,183.0,2026-10-02T20:00:01Z,CLOSED,0.7705,36802.46,45309.33,282,1,0
2026-10-04T01:50:03Z,COIN,COINx,xStocks (Backed),solana,orca,SOL,A4D97SV1dfCffDo58FEJtZoYycqVTaGVZiDdLiZffDNK,184.059,183.0,2026-10-02T20:00:01Z,CLOSED,0.5787,26476.89,5992.92,232,1,0
2026-10-04T01:50:03Z,HOOD,HOODx,xStocks (Backed),solana,raydium,USDC,DXWbip5LducMAbDSSpLYz9Xik3253EPeAYQufQtx7LXs,113.48,112.74,2026-10-02T20:00:00Z,CLOSED,0.6564,1455517.43,8230.87,22,1,0
2026-10-04T01:50:03Z,HOOD,HOODx,xStocks (Backed),solana,orca,USDC,48dhPm83sXfnRMxKRfv2YuE45DPqrhwPMvGrnTLufvFf,113.13,112.74,2026-10-02T20:00:00Z,CLOSED,0.3459,77933.05,148068.15,1212,1,0
2026-10-04T01:50:03Z,HOOD,HOODx,xStocks (Backed),solana,raydium,SOL,DznDQ6YVmgtZAvwZ4ui6k9MNun9uaozyVFFsiAeAs9f,114.018,112.74,2026-10-02T20:00:00Z,CLOSED,1.1336,66078.6,4684.87,43,1,0
2026-10-04T01:50:03Z,HOOD,HOODx,xStocks (Backed),solana,meteora,SOL,DQ8fjmP2haYxyyJRU99aCaHznK1GSihYyBRZxfP9sfbU,113.32,112.74,2026-10-02T20:00:00Z,CLOSED,0.5145,11109.08,9148.6,389,1,0
2026-10-04T01:50:03Z,CRCL,CRCLon,Ondo Global Markets,bsc,pancakeswap,比特币,0xc1d141d6A9F8e8eb7B9Ce1AEcD4A8932F047c075,82.67,81.25,2026-10-02T20:00:03Z,CLOSED,1.7477,7087.52,27.56,8,0,0
2026-10-04T01:50:03Z,SPY,SPYx,xStocks (Backed),solana,raydium,USDC,4pCZCVEiYyT4efNdXUdL2tJF8VGMgiMXrZWq6FiNXhRw,774.92,769.64,2026-10-02T20:00:00Z,CLOSED,0.686,524162.16,2327138.49,9962,1,0
2026-10-04T01:50:03Z,SPY,SPYx,xStocks (Backed),solana,raydium,SOL,BS9uyGV6XmNnPkM4f3xgxCdQEaFv7RSKs6fwrpvYHxfL,775.32,769.64,2026-10-02T20:00:00Z,CLOSED,0.738,762788.46,254894.12,2703,1,0
2026-10-04T01:50:03Z,SPY,SPYx,xStocks (Backed),solana,orca,USDC,Fae5dWVntUt6zbWu2voXxioDpMii7SqQwtsxBmoVCsHR,774.79,769.64,2026-10-02T20:00:00Z,CLOSED,0.6691,338976.86,102848.76,881,1,0
2026-10-04T01:50:03Z,SPY,SPYx,xStocks (Backed),solana,raydium,USDC,6truu3rZuiB9rKQg4VYC3Dt3QwV7DgwGqXrYUcrvnDDE,774.59,769.64,2026-10-02T20:00:00Z,CLOSED,0.6432,2999497.97,155279.66,530,1,0
2026-10-04T01:50:03Z,SPY,SPYx,xStocks (Backed),solana,raydium,USDC,7sHMnvE7WqP7vQFWJGEnMT4vZg6Za9K7PpddDoXJCqME,773.88,769.64,2026-10-02T20:00:00Z,CLOSED,0.5509,76226.09,4.71,2,1,0
2026-10-04T01:50:03Z,SPY,SPYx,xStocks (Backed),solana,orca,SOL,2dN3fK8xTgYrwoCyt7EydAqVvPvCodYuwGqR2d8sKGFU,773.21,769.64,2026-10-02T20:00:00Z,CLOSED,0.4639,51208.53,2101.28,584,1,0
2026-10-04T01:50:03Z,SPY,SPYx,xStocks (Backed),solana,orca,USDC,gef4pD5g6GJSjX7hfXKUfhCVpE89BzX9TXnXJNW6kSt,774.91,769.64,2026-10-02T20:00:00Z,CLOSED,0.6847,15901.66,9846.38,2498,1,0
2026-10-04T01:50:03Z,SPY,SPYx,xStocks (Backed),solana,meteora,SOL,5JWX8pQhJNpFMjPwKhFSSVWRpss4wSyoqgRGnBNJfyuX,772.76,769.64,2026-10-02T20:00:00Z,CLOSED,0.4054,38907.94,22398.67,1010,1,0
2026-10-04T01:50:03Z,SPY,SPYx,xStocks (Backed),solana,orca,SOL,DAcfUT7Xnfm91xv4YZojgpYirLC3JfDG6PbtNqtaAkTn,772.98,769.64,2026-10-02T20:00:00Z,CLOSED,0.434,20287.03,1065.41,403,1,0
2026-10-04T01:50:03Z,QQQ,QQQx,xStocks (Backed),solana,raydium,USDC,GMjGLWzvK75LPetrgAmdeXnvxc4fUuQPwJxeQqTDU1aG,752.73,749.58,2026-10-02T20:00:00Z,CLOSED,0.4202,2241822.7,70068.62,700,1,0
2026-10-04T01:50:03Z,QQQ,QQQx,xStocks (Backed),solana,raydium,SOL,B6FEtQdwsq8Wuw4G52pW9WEWEA7ALGfyUgXDRKigDSHH,754.27,749.58,2026-10-02T20:00:00Z,CLOSED,0.6257,128750.35,11403.39,199,1,0
2026-10-04T01:50:03Z,QQQ,QQQx,xStocks (Backed),solana,raydium,USDC,FknDV1F5n6QaA7rLmjquDjuU6wcPMNm5RYq7zWbqhpZw,751.56,749.58,2026-10-02T20:00:00Z,CLOSED,0.2641,48840.64,97.27,11,1,0
2026-10-04T01:50:03Z,QQQ,QQQx,xStocks (Backed),solana,orca,SPYx,7mYFrN2TQtYc2HMZEXuVfWkPu9n5EFfX9Ha59X3n6PWE,752.27,749.58,2026-10-02T20:00:00Z,CLOSED,0.3589,11766.28,2484.45,519,0,0
2026-10-04T01:50:03Z,QQQ,QQQx,xStocks (Backed),solana,orca,USDC,3GVB4bXtcrP3MM376mrcJDwfTNThvyorLmVgSTf6kxFt,750.73,749.58,2026-10-02T20:00:00Z,CLOSED,0.1534,14046.6,0.0,3,1,0
2026-10-04T02:00:03Z,TSLA,TSLAx,xStocks (Backed),solana,raydium,USDC,8aDaBQkTrS6HVMjyc6EZebgdiaXhLYGriDWKWWp1NpFF,371.14,370.59,2026-10-02T20:00:00Z,CLOSED,0.1484,2293322.24,301783.4,4569,1,0
2026-10-04T02:00:03Z,TSLA,TSLAx,xStocks (Backed),solana,orca,USDC,9p7abUFv31ycgu9kckvnoqMMvBy67dqTDM2m6HP9xokN,371.34,370.59,2026-10-02T20:00:00Z,CLOSED,0.2024,90535.97,57334.99,2089,1,0
2026-10-04T02:00:03Z,TSLA,TSLAx,xStocks (Backed),solana,raydium,SOL,CKmjDiqBCRqR8xk5FjnFiQXuCFsGchiLv9YwYVnE5RJ8,370.63,370.59,2026-10-02T20:00:00Z,CLOSED,0.0108,96219.69,38356.63,737,1,0
2026-10-04T02:00:03Z,TSLA,TSLAx,xStocks (Backed),solana,raydium,USDC,HHQUnUbmWLrYzkscDY1C3deEFbGtiGBGoHjpANogmvum,371.24,370.59,2026-10-02T20:00:00Z,CLOSED,0.1754,451800.41,9163.34,19,1,0
2026-10-04T02:00:03Z,TSLA,TSLAx,xStocks (Backed),solana,orca,SOL,26UY4D6pBHgxYdPWuBP3sfyc4jJf6qQjPDxCJPhtUx3H,370.8,370.59,2026-10-02T20:00:00Z,CLOSED,0.0567,8821.82,894.98,54,1,0
2026-10-04T02:00:03Z,TSLA,TSLAx,xStocks (Backed),solana,meteora,SOL,CHGfdEfKFYDWGPASCsZnpkDzvpLKNEVoAb4UEorPPkGK,371.47,370.59,2026-10-02T20:00:00Z,CLOSED,0.2375,6375.63,2549.28,97,1,0
2026-10-04T02:00:03Z,TSLA,TSLAx,xStocks (Backed),solana,meteora,NVDAx,8is7SBzMYLUTUtVU5H4QEPkgeQP7WaM7rQ6QPxXTa4PB,371.42,370.59,2026-10-02T20:00:00Z,CLOSED,0.224,6284.72,251.12,24,0,0
2026-10-04T02:00:03Z,TSLA,TSLAon,Ondo Global Markets,ethereum,uniswap,USDC,0x31227b50eCCDC9C589826AA2D9E7C5619B1895Da,371.56,370.59,2026-10-02T20:00:00Z,CLOSED,0.2617,83545.59,41018.27,160,1,0
2026-10-04T02:00:03Z,TSLA,TSLAon,Ondo Global Markets,ethereum,0x00a38533c68327aBE0Cc265436e036066E2D6B38,USDC,0x49b7b66457297f9E0E763BBb151B6DB0c149E988,368.052,370.59,2026-10-02T20:00:00Z,CLOSED,-0.6849,35423.84,9.98,1,1,0
2026-10-04T02:00:03Z,TSLA,TSLAon,Ondo Global Markets,ethereum,0x00a38533c68327aBE0Cc265436e036066E2D6B38,USDC,0xfd62Ce2489f37B9357CD1Aa66a33351580B33231,369.68,370.59,2026-10-02T20:00:00Z,CLOSED,-0.2456,28050.65,228.68,2,1,0
2026-10-04T02:00:03Z,TSLA,TSLAon,Ondo Global Markets,ethereum,0x00a38533c68327aBE0Cc265436e036066E2D6B38,USDC,0xbcD5a4823C3B3faF81EECEfd3b37E1185419E9Ee,370.83,370.59,2026-10-02T20:00:00Z,CLOSED,0.0648,26152.88,2003.4,9,1,0
2026-10-04T02:00:03Z,NVDA,NVDAx,xStocks (Backed),solana,orca,USDC,6R4r93V5fcMzc13CL2enEepDSYcr4Qx3ptZBDwudTXCo,235.38,233.95,2026-10-02T20:00:01Z,CLOSED,0.6112,584690.69,3726432.14,37817,1,0
2026-10-04T02:00:03Z,NVDA,NVDAx,xStocks (Backed),solana,raydium,SOL,38rXq2BuwdNcfnwydw6S2srpNK9N4gVzf39f69suPMsF,235.48,233.95,2026-10-02T20:00:01Z,CLOSED,0.654,370227.07,450728.28,5142,1,0
2026-10-04T02:00:03Z,NVDA,NVDAx,xStocks (Backed),solana,meteora,SOL,FCn5zw4gAcfRpQgst5ThFuzBGXbbJ6RocVErgC4vJ9j1,234.6,233.95,2026-10-02T20:00:01Z,CLOSED,0.2778,278613.55,322056.63,3200,1,0
2026-10-04T02:00:03Z,NVDA,NVDAx,xStocks (Backed),solana,raydium,USDC,49iMatQtoyabsYAQc8GafVq6aeBFVDxSRH44oiatyyw6,235.47,233.95,2026-10-02T20:00:01Z,CLOSED,0.6497,3086621.23,378833.21,2095,1,0
2026-10-04T02:00:03Z,NVDA,NVDAx,xStocks (Backed),solana,orca,SOL,8Vy5Rjb9vg5nLb8L1r4Di8p9py5BTkp8UJSMHG8AD2zs,235.91,233.95,2026-10-02T20:00:01Z,CLOSED,0.8378,78415.87,133454.24,2682,1,0
2026-10-04T02:00:03Z,NVDA,NVDAx,xStocks (Backed),solana,raydium,USDC,4KqQN6u1pFKroFE2jVEhoepAMRKPcuAzWVDCgm9zRBYN,235.24,233.95,2026-10-02T20:00:01Z,CLOSED,0.5514,130167.11,1053.01,45,1,0
2026-10-04T02:00:03Z,NVDA,NVDAx,xStocks (Backed),solana,orca,CRCLx,HZck8d6gt9n4B2fam9JGLm2w2hYJKm98iAWw1176QgeB,235.14,233.95,2026-10-02T20:00:01Z,CLOSED,0.5087,26442.18,900.93,53,0,0
2026-10-04T02:00:03Z,NVDA,NVDAx,xStocks (Backed),solana,orca,SPCXx,FTw5jCaWibNK8GeeJXAy8dEWW57UxZquX82P7vZbSoBJ,230.68,233.95,2026-10-02T20:00:01Z,CLOSED,-1.3977,8281.34,38.3,2,0,0
2026-10-04T02:00:03Z,NVDA,NVDAx,xStocks (Backed),solana,meteora,NIGGA,5zFXe8DTPvcmnZMy5uWr8ahNSKcAa3vypiNhm9yUm6aD,2695.77,233.95,2026-10-02T20:00:01Z,CLOSED,1052.2847,21915.4,528.28,6,0,1
2026-10-04T02:00:03Z,NVDA,NVDAon,Ondo Global Markets,ethereum,uniswap,USDC,0xc9b4bC7C15423FCFe6B75aB5118bA773945A3A46,236.27,233.95,2026-10-02T20:00:01Z,CLOSED,0.9917,243365.37,151209.3,545,1,0
2026-10-04T02:00:03Z,NVDA,NVDAon,Ondo Global Markets,ethereum,uniswap,USDC,0xa9a6651fba74df1aab94065ffaabe750d6ed835b94a9e28925ec79beec2d5f73,236.17,233.95,2026-10-02T20:00:01Z,CLOSED,0.9489,40166.33,12234.27,105,1,0
2026-10-04T02:00:03Z,NVDA,NVDAon,Ondo Global Markets,ethereum,uniswap,USDC,0xf5294094BCe435bFbd0eC488be5C462aAF32Bc7A,236.17,233.95,2026-10-02T20:00:01Z,CLOSED,0.9489,17441.2,2.67,1,1,0
2026-10-04T02:00:03Z,NVDA,NVDAon,Ondo Global Markets,ethereum,uniswap,ZIK,0xeA0F5b999C66214De7300c5910171A356fdfb3d0,234.38,233.95,2026-10-02T20:00:01Z,CLOSED,0.1838,7699.38,4.09,1,0,0
2026-10-04T02:00:03Z,NVDA,NVDAon,Ondo Global Markets,bsc,pancakeswap,USDT,0xB90BDBFBdfFd4Af5a636b5805539eDeafb969308,235.8,233.95,2026-10-02T20:00:01Z,CLOSED,0.7908,9742.22,516.26,55,1,0
2026-10-04T02:00:03Z,AAPL,AAPLx,xStocks (Backed),solana,raydium,USDC,CKwJZwm7oj3nu4653N1EpDrqXbXAYXoPFiPeEnLouF8y,334.26,333.69,2026-10-02T20:00:01Z,CLOSED,0.1708,303794.27,71101.62,1019,1,0
2026-10-04T02:00:03Z,AAPL,AAPLx,xStocks (Backed),solana,orca,SOL,5VgwxAPD37EHPqtW6v6gWq2bznPDqvpaGDuJoyGm6aJG,333.61,333.69,2026-10-02T20:00:01Z,CLOSED,-0.024,28064.3,883.27,46,1,0
2026-10-04T02:00:03Z,AAPL,AAPLx,xStocks (Backed),solana,orca,SOL,HQijmgUPWBCYyvjBCymBVS9MZbJPmdJuvQXSfFtTZRz5,334.19,333.69,2026-10-02T20:00:01Z,CLOSED,0.1498,13512.22,3992.98,163,1,0
2026-10-04T02:00:03Z,AAPL,AAPLx,xStocks (Backed),solana,raydium,SOL,EUnoAwXybSenwkvQ3Qp4aWQxmw2AZrVCbAn6Sztjhbjo,333.89,333.69,2026-10-02T20:00:01Z,CLOSED,0.0599,13317.45,2291.33,32,1,0
2026-10-04T02:00:03Z,AAPL,AAPLx,xStocks (Backed),solana,raydium,USDC,ApniVWuZbZoruTAJdyJcLBA4AVw4DKGdV5fHxo6qrAZT,334.17,333.69,2026-10-02T20:00:01Z,CLOSED,0.1438,253649.53,55569.57,1026,1,0
2026-10-04T02:00:03Z,AAPL,AAPLx,xStocks (Backed),solana,orca,USDC,CNsYTuhHBkLQmoWtdoQxqkNxtyhXYvWvQJqzmG2evNEa,333.42,333.69,2026-10-02T20:00:01Z,CLOSED,-0.0809,21373.26,4095.45,145,1,0
2026-10-04T02:00:03Z,AAPL,AAPLon,Ondo Global Markets,ethereum,uniswap,USDC,0xad82C9EB065a5CFed71DB087e4a52C8a09c69921,334.58,333.69,2026-10-02T20:00:01Z,CLOSED,0.2667,43835.85,9340.09,51,1,0
2026-10-04T02:00:03Z,AAPL,AAPLon,Ondo Global Markets,ethereum,0x00a38533c68327aBE0Cc265436e036066E2D6B38,USDC,0x0d3A432237328D279EcD4A3ED5F462C2A84d8017,334.42,333.69,2026-10-02T20:00:01Z,CLOSED,0.2188,15428.0,1026.65,20,1,0
2026-10-04T02:00:03Z,AAPL,AAPLon,Ondo Global Markets,bsc,pancakeswap,ASX,0x061306dF92c6a0538154A40F060573Be638B1066,326.15,333.69,2026-10-02T20:00:01Z,CLOSED,-2.2596,8099.26,23.49,3,0,0
2026-10-04T02:00:03Z,MSFT,MSFTon,Ondo Global Markets,ethereum,uniswap,USDC,0xb97c30485cfdb895a811331e2a3aab1233a5bf8ff27b6be149edbdc7e9a37333,519.36,517.53,2026-10-02T20:00:01Z,CLOSED,0.3536,8513.18,963.75,6,1,0
2026-10-04T02:00:03Z,AMZN,AMZNx,xStocks (Backed),solana,raydium,USDC,6m5aXAve4uh6Kt4ytKyCLWNMjd8PYP5vujwNCtycrUiD,251.74,251.52,2026-10-02T20:00:01Z,CLOSED,0.0875,405248.68,28513.12,577,1,0
2026-10-04T02:00:03Z,AMZN,AMZNx,xStocks (Backed),solana,raydium,SOL,HWZk6MfN28mYqDN1igNETjN2kueEryL33oVgt92Wkv6N,252.33,251.52,2026-10-02T20:00:01Z,CLOSED,0.322,26895.15,6736.95,211,1,0
2026-10-04T02:00:03Z,AMZN,AMZNx,xStocks (Backed),solana,meteora,SOL,DXAbc6Q3BzfnWbJKVdVyEdLfvMprMNtxb8iz36W2ttZj,252.066,251.52,2026-10-02T20:00:01Z,CLOSED,0.2171,6631.69,506.69,106,1,0
2026-10-04T02:00:03Z,AMZN,AMZNon,Ondo Global Markets,bsc,pancakeswap,WBNB,0x8617Ba6DEEE616694601ADc41Ab7ffE0e610907E,252.00057,251.52,2026-10-02T20:00:01Z,CLOSED,0.1911,6576.19,40.73,5,1,0
2026-10-04T02:00:03Z,GOOGL,GOOGLx,xStocks (Backed),solana,raydium,USDC,B8YAwjGYk6qidWzGBXMAxP7nYfG8g74EZ3Y4gFSsobRw,344.75,343.5,2026-10-02T20:00:01Z,CLOSED,0.3639,785318.14,53821.66,647,1,0
2026-10-04T02:00:03Z,GOOGL,GOOGLx,xStocks (Backed),solana,meteora,SOL,CmcVVxuMMCdsevwThLwU4PdESB5NxiZJU4mGrxB6QDE4,345.032,343.5,2026-10-02T20:00:01Z,CLOSED,0.446,70605.99,10980.68,250,1,0
2026-10-04T02:00:03Z,GOOGL,GOOGLx,xStocks (Backed),solana,orca,USDC,Bd8GgEYaHi3zkyjr5ojQKXA82wYqGpB3suV9PQJ8kJ1b,344.092,343.5,2026-10-02T20:00:01Z,CLOSED,0.1723,63151.49,26010.58,462,1,0
2026-10-04T02:00:03Z,GOOGL,GOOGLx,xStocks (Backed),solana,raydium,SOL,3P1PwneDrKfyUVQstaqAQDBWnK2Mcqi1xZ9nteMhDbSB,347.33,343.5,2026-10-02T20:00:01Z,CLOSED,1.115,67049.24,1473.28,74,1,0
2026-10-04T02:00:03Z,GOOGL,GOOGLx,xStocks (Backed),solana,orca,SOL,Bh3njVo6i3UjgmaevEQMGoidphcueNjoPqGkYLbthzV5,344.41,343.5,2026-10-02T20:00:01Z,CLOSED,0.2649,11846.02,5962.62,493,1,0
2026-10-04T02:00:03Z,GOOGL,GOOGLx,xStocks (Backed),solana,raydium,USDC,Cc2K1QfaVh6XnBgAtzhQK8arWqXYQGhkMNkGaDiHN98Y,344.66,343.5,2026-10-02T20:00:01Z,CLOSED,0.3377,5959.99,455.19,104,1,0
2026-10-04T02:00:03Z,GOOGL,GOOGLx,xStocks (Backed),solana,orca,USDC,FaGxc8NXSXBrT6idTxjw3o8et4MmFjxRMQvVF7ChsgZV,345.15,343.5,2026-10-02T20:00:01Z,CLOSED,0.4803,5417.68,20.03,1,1,0
2026-10-04T02:00:03Z,GOOGL,GOOGLx,xStocks (Backed),solana,raydium,USDC,9sw1NZjXFsy5GKkqMpQWV7wopGgMcdkanDqg3f15zQZv,344.49,343.5,2026-10-02T20:00:01Z,CLOSED,0.2882,36448.24,8582.2,309,1,0
2026-10-04T02:00:03Z,GOOGL,GOOGLon,Ondo Global Markets,ethereum,uniswap,USDC,0x39FCB1935f6Ccb0A106D05eB928205C59646af57,343.3,343.5,2026-10-02T20:00:01Z,CLOSED,-0.0582,23064.19,67.71,2,1,0
2026-10-04T02:00:03Z,META,METAx,xStocks (Backed),solana,raydium,USDC,3L7KbPVaAQA4UTecaGQYsm6UCq5F3sZM9zAYkxqYt63j,730.69,728.08,2026-10-02T20:00:01Z,CLOSED,0.3585,872569.87,107619.6,1103,1,0
2026-10-04T02:00:03Z,META,METAx,xStocks (Backed),solana,orca,USDC,59qH56HhMXrXiCMWH46NZ5M3SWhyzVzZnvMP2R27aR7Z,732.48,728.08,2026-10-02T20:00:01Z,CLOSED,0.6043,106687.84,3008.49,79,1,0
2026-10-04T02:00:03Z,META,METAx,xStocks (Backed),solana,meteora,USDC,D8pGWVN3vWeyexBtMZjyyPbcLhM1oeTEMibE9h3nNRYL,732.28,728.08,2026-10-02T20:00:01Z,CLOSED,0.5769,16701.21,22091.83,970,1,0
2026-10-04T02:00:03Z,META,METAx,xStocks (Backed),solana,raydium,SOL,BE9uiVCxUovYpgA6ard68QRRzo3sCneAkhUtSgy8AjVW,731.16,728.08,2026-10-02T20:00:01Z,CLOSED,0.423,63116.49,27370.02,686,1,0
2026-10-04T02:00:03Z,META,METAx,xStocks (Backed),solana,raydium,USDC,DpzGDvRfwDk4xfydfjRoSeE9fm1mQnTd3zQaSKhw1oE6,731.37,728.08,2026-10-02T20:00:01Z,CLOSED,0.4519,102968.56,42455.88,302,1,0
2026-10-04T02:00:03Z,META,METAx,xStocks (Backed),solana,meteora,SOL,DUKmnaXkB6AoYBUkeeb25Arfq4oeK4XPf4gkYe7evwkh,730.84,728.08,2026-10-02T20:00:01Z,CLOSED,0.3791,21833.59,3415.63,108,1,0
2026-10-04T02:00:03Z,MSTR,MSTRx,xStocks (Backed),solana,raydium,SOL,2ngTuP7xA581dqX9uJkGRqxmKuehY3k4SDfPebeoRG2J,163.55,160.01,2026-10-02T20:00:01Z,CLOSED,2.2124,874641.73,109984.02,642,1,0
2026-10-04T02:00:03Z,MSTR,MSTRx,xStocks (Backed),solana,raydium,USDC,RyhF4cksVZY7vcqJpoytHcxcGNKRp27PEGhSnEPpbGv,163.55,160.01,2026-10-02T20:00:01Z,CLOSED,2.2124,728785.8,73525.58,194,1,0
2026-10-04T02:00:03Z,MSTR,MSTRx,xStocks (Backed),solana,orca,USDC,CHSijZ92W1A5z93WzGjvBygtxN2LWgAt58uejMDmFVpY,163.79,160.01,2026-10-02T20:00:01Z,CLOSED,2.3624,40106.23,243.74,29,1,0
2026-10-04T02:00:03Z,MSTR,MSTRx,xStocks (Backed),solana,orca,SOL,HzyHKnwmRnnu3yZKzvqfhm2VeWo8V4qWtyNVGVLXrcjC,163.86,160.01,2026-10-02T20:00:01Z,CLOSED,2.4061,33219.05,219.89,10,1,0
2026-10-04T02:00:03Z,MSTR,MSTRx,xStocks (Backed),solana,raydium,CRCLx,Beq8qZeJ4UkdWW7yhnssLzgcGYj9syivePzrtFyc1AYF,163.22,160.01,2026-10-02T20:00:01Z,CLOSED,2.0061,23816.33,583.79,33,0,0
2026-10-04T02:00:03Z,MSTR,MSTRx,xStocks (Backed),solana,raydium,cbBTC,CJJV5dsFXcSoKvjmurS1nfBioH3KcTkP1s23SgQz1Jrs,175.00045,160.01,2026-10-02T20:00:01Z,CLOSED,9.3684,17704.21,3544.13,51,0,0
2026-10-04T02:00:03Z,MSTR,MSTRx,xStocks (Backed),solana,orca,USDC,BCvzjDbADhnT3K35kc5TSeMAafNgu9KZVywUq9zWH2mA,163.46,160.01,2026-10-02T20:00:01Z,CLOSED,2.1561,5906.68,898.02,328,1,0
2026-10-04T02:00:03Z,MSTR,MSTRx,xStocks (Backed),solana,meteora,CRCLx,ExwtCL871L2QhHw7EikDPBHfoEHzadxcepdw1Fs3ofoR,162.91,160.01,2026-10-02T20:00:01Z,CLOSED,1.8124,7741.58,10.36,20,0,0
2026-10-04T02:00:03Z,MSTR,MSTRx,xStocks (Backed),solana,meteora,SOL,8yvEgE72BvZs86ZRr9j6ZHgn1zgVpBz2gTmwq7tMcgyH,163.83,160.01,2026-10-02T20:00:01Z,CLOSED,2.3874,6933.2,359.6,52,1,0
2026-10-04T02:00:03Z,COIN,COINx,xStocks (Backed),solana,raydium,USDC,w7SGmPeXoMCsjvXqgsAmUn56uypyDsjAtsxeVkaiqxa,183.38,183.0,2026-10-02T20:00:01Z,CLOSED,0.2077,1449729.04,19744.03,93,1,0
2026-10-04T02:00:03Z,COIN,COINx,xStocks (Backed),solana,raydium,SOL,9NJ7rtJzEnfwvoM6HyB2v6YHcsfS6ZY9DFGprphVX6W,184.24,183.0,2026-10-02T20:00:01Z,CLOSED,0.6776,119187.78,843.32,26,1,0
2026-10-04T02:00:03Z,COIN,COINx,xStocks (Backed),solana,orca,USDC,7ouGUDRMy4C9RJpTgPizRyfcxyJusAEe9ZbjqYv7BSqe,184.41,183.0,2026-10-02T20:00:01Z,CLOSED,0.7705,36802.46,44544.52,279,1,0
2026-10-04T02:00:03Z,COIN,COINx,xStocks (Backed),solana,orca,SOL,A4D97SV1dfCffDo58FEJtZoYycqVTaGVZiDdLiZffDNK,184.059,183.0,2026-10-02T20:00:01Z,CLOSED,0.5787,26476.89,5943.34,228,1,0
2026-10-04T02:00:03Z,HOOD,HOODx,xStocks (Backed),solana,raydium,USDC,DXWbip5LducMAbDSSpLYz9Xik3253EPeAYQufQtx7LXs,113.48,112.74,2026-10-02T20:00:00Z,CLOSED,0.6564,1455517.43,8230.87,22,1,0
2026-10-04T02:00:03Z,HOOD,HOODx,xStocks (Backed),solana,orca,USDC,48dhPm83sXfnRMxKRfv2YuE45DPqrhwPMvGrnTLufvFf,113.12,112.74,2026-10-02T20:00:00Z,CLOSED,0.3371,77928.3,148181.4,1195,1,0
2026-10-04T02:00:03Z,HOOD,HOODx,xStocks (Backed),solana,raydium,SOL,DznDQ6YVmgtZAvwZ4ui6k9MNun9uaozyVFFsiAeAs9f,114.018,112.74,2026-10-02T20:00:00Z,CLOSED,1.1336,66078.6,4684.87,43,1,0
2026-10-04T02:00:03Z,CRCL,CRCLon,Ondo Global Markets,bsc,pancakeswap,比特币,0xc1d141d6A9F8e8eb7B9Ce1AEcD4A8932F047c075,82.67,81.25,2026-10-02T20:00:03Z,CLOSED,1.7477,7087.52,27.56,8,0,0
2026-10-04T02:00:03Z,SPY,SPYx,xStocks (Backed),solana,raydium,USDC,4pCZCVEiYyT4efNdXUdL2tJF8VGMgiMXrZWq6FiNXhRw,775.061,769.64,2026-10-02T20:00:00Z,CLOSED,0.7044,524180.29,2320361.86,9924,1,0
2026-10-04T02:00:03Z,SPY,SPYx,xStocks (Backed),solana,raydium,SOL,BS9uyGV6XmNnPkM4f3xgxCdQEaFv7RSKs6fwrpvYHxfL,776.15,769.64,2026-10-02T20:00:00Z,CLOSED,0.8459,763604.32,248900.48,2575,1,0
2026-10-04T02:00:03Z,SPY,SPYx,xStocks (Backed),solana,orca,USDC,Fae5dWVntUt6zbWu2voXxioDpMii7SqQwtsxBmoVCsHR,774.97,769.64,2026-10-02T20:00:00Z,CLOSED,0.6925,339028.18,113555.99,865,1,0
2026-10-04T02:00:03Z,SPY,SPYx,xStocks (Backed),solana,raydium,USDC,6truu3rZuiB9rKQg4VYC3Dt3QwV7DgwGqXrYUcrvnDDE,774.72,769.64,2026-10-02T20:00:00Z,CLOSED,0.66,2999671.11,167839.56,505,1,0
2026-10-04T02:00:03Z,SPY,SPYx,xStocks (Backed),solana,raydium,USDC,7sHMnvE7WqP7vQFWJGEnMT4vZg6Za9K7PpddDoXJCqME,773.88,769.64,2026-10-02T20:00:00Z,CLOSED,0.5509,76226.09,4.71,2,1,0
2026-10-04T02:00:03Z,SPY,SPYx,xStocks (Backed),solana,orca,SOL,2dN3fK8xTgYrwoCyt7EydAqVvPvCodYuwGqR2d8sKGFU,773.27,769.64,2026-10-02T20:00:00Z,CLOSED,0.4716,51212.8,2101.3,586,1,0
2026-10-04T02:00:03Z,SPY,SPYx,xStocks (Backed),solana,orca,USDC,gef4pD5g6GJSjX7hfXKUfhCVpE89BzX9TXnXJNW6kSt,775.14,769.64,2026-10-02T20:00:00Z,CLOSED,0.7146,15903.55,9598.68,2465,1,0
2026-10-04T02:00:03Z,SPY,SPYx,xStocks (Backed),solana,meteora,SOL,5JWX8pQhJNpFMjPwKhFSSVWRpss4wSyoqgRGnBNJfyuX,772.76,769.64,2026-10-02T20:00:00Z,CLOSED,0.4054,38907.94,22398.63,1004,1,0
2026-10-04T02:00:03Z,SPY,SPYx,xStocks (Backed),solana,orca,SOL,DAcfUT7Xnfm91xv4YZojgpYirLC3JfDG6PbtNqtaAkTn,772.98,769.64,2026-10-02T20:00:00Z,CLOSED,0.434,20287.03,1065.39,401,1,0
2026-10-04T02:00:03Z,QQQ,QQQx,xStocks (Backed),solana,raydium,USDC,GMjGLWzvK75LPetrgAmdeXnvxc4fUuQPwJxeQqTDU1aG,752.73,749.58,2026-10-02T20:00:00Z,CLOSED,0.4202,2241822.7,69965.54,679,1,0
2026-10-04T02:00:03Z,QQQ,QQQx,xStocks (Backed),solana,raydium,SOL,B6FEtQdwsq8Wuw4G52pW9WEWEA7ALGfyUgXDRKigDSHH,754.27,749.58,2026-10-02T20:00:00Z,CLOSED,0.6257,128750.35,11403.39,199,1,0
2026-10-04T02:00:03Z,QQQ,QQQx,xStocks (Backed),solana,raydium,USDC,FknDV1F5n6QaA7rLmjquDjuU6wcPMNm5RYq7zWbqhpZw,751.56,749.58,2026-10-02T20:00:00Z,CLOSED,0.2641,48840.64,97.27,11,1,0
2026-10-04T02:00:03Z,QQQ,QQQx,xStocks (Backed),solana,orca,SPYx,7mYFrN2TQtYc2HMZEXuVfWkPu9n5EFfX9Ha59X3n6PWE,752.27,749.58,2026-10-02T20:00:00Z,CLOSED,0.3589,11766.28,2484.45,519,0,0
2026-10-04T02:00:03Z,QQQ,QQQx,xStocks (Backed),solana,orca,USDC,3GVB4bXtcrP3MM376mrcJDwfTNThvyorLmVgSTf6kxFt,750.73,749.58,2026-10-02T20:00:00Z,CLOSED,0.1534,14046.6,0.0,3,1,0
