ts_utc,ticker,token,issuer,chain,dex,quote,pair_address,price_usd,ref_price,ref_time_utc,market_state,premium_pct,liquidity_usd,volume_h24,txns_h24,trusted_quote,anomaly
2026-10-11T00:00:03Z,TSLA,TSLAx,xStocks (Backed),solana,orca,USDC,9p7abUFv31ycgu9kckvnoqMMvBy67dqTDM2m6HP9xokN,382.11,382.7,2026-10-09T20:00:00Z,CLOSED,-0.1542,93474.2,184240.16,5372,1,0
2026-10-11T00:00:03Z,TSLA,TSLAx,xStocks (Backed),solana,raydium,USDC,8aDaBQkTrS6HVMjyc6EZebgdiaXhLYGriDWKWWp1NpFF,382.23,382.7,2026-10-09T20:00:00Z,CLOSED,-0.1228,2332720.75,206158.61,2355,1,0
2026-10-11T00:00:03Z,TSLA,TSLAx,xStocks (Backed),solana,raydium,SOL,CKmjDiqBCRqR8xk5FjnFiQXuCFsGchiLv9YwYVnE5RJ8,381.65,382.7,2026-10-09T20:00:00Z,CLOSED,-0.2744,98296.15,55053.14,713,1,0
2026-10-11T00:00:03Z,TSLA,TSLAx,xStocks (Backed),solana,raydium,USDC,HHQUnUbmWLrYzkscDY1C3deEFbGtiGBGoHjpANogmvum,382.89,382.7,2026-10-09T20:00:00Z,CLOSED,0.0496,401199.69,2437.57,80,1,0
2026-10-11T00:00:03Z,TSLA,TSLAx,xStocks (Backed),solana,meteora,SOL,CHGfdEfKFYDWGPASCsZnpkDzvpLKNEVoAb4UEorPPkGK,382.56,382.7,2026-10-09T20:00:00Z,CLOSED,-0.0366,10531.84,10721.19,566,1,0
2026-10-11T00:00:03Z,TSLA,TSLAx,xStocks (Backed),solana,orca,SOL,26UY4D6pBHgxYdPWuBP3sfyc4jJf6qQjPDxCJPhtUx3H,377.6,382.7,2026-10-09T20:00:00Z,CLOSED,-1.3326,9568.03,476.61,15,1,0
2026-10-11T00:00:03Z,TSLA,TSLAx,xStocks (Backed),solana,meteora,NVDAx,8is7SBzMYLUTUtVU5H4QEPkgeQP7WaM7rQ6QPxXTa4PB,382.12,382.7,2026-10-09T20:00:00Z,CLOSED,-0.1516,6348.13,163.77,29,0,0
2026-10-11T00:00:03Z,TSLA,TSLAx,xStocks (Backed),solana,pancakeswap,SOL,EYF6xVtA8EGqjFdx5bgc3i6jMmyr8t6rXMTyqbyvKaW3,381.9,382.7,2026-10-09T20:00:00Z,CLOSED,-0.209,26318.62,3928.52,811,1,0
2026-10-11T00:00:03Z,TSLA,TSLAx,xStocks (Backed),solana,pancakeswap,USDC,2JUpEKcYkSytu3aWk7QzohPNX2hY8shEakEcmn3SgXFD,382.25,382.7,2026-10-09T20:00:00Z,CLOSED,-0.1176,13172.32,2552.16,266,1,0
2026-10-11T00:00:03Z,TSLA,TSLAon,Ondo Global Markets,ethereum,uniswap,USDC,0x31227b50eCCDC9C589826AA2D9E7C5619B1895Da,383.44,382.7,2026-10-09T20:00:00Z,CLOSED,0.1934,81709.63,12703.7,72,1,0
2026-10-11T00:00:03Z,TSLA,TSLAon,Ondo Global Markets,ethereum,0x00a38533c68327aBE0Cc265436e036066E2D6B38,USDC,0x49b7b66457297f9E0E763BBb151B6DB0c149E988,381.9,382.7,2026-10-09T20:00:00Z,CLOSED,-0.209,36286.78,2.19,1,1,0
2026-10-11T00:00:03Z,TSLA,TSLAon,Ondo Global Markets,ethereum,0x00a38533c68327aBE0Cc265436e036066E2D6B38,USDC,0xfd62Ce2489f37B9357CD1Aa66a33351580B33231,382.6,382.7,2026-10-09T20:00:00Z,CLOSED,-0.0261,28715.63,199.13,2,1,0
2026-10-11T00:00:03Z,TSLA,TSLAon,Ondo Global Markets,ethereum,0x00a38533c68327aBE0Cc265436e036066E2D6B38,USDC,0xbcD5a4823C3B3faF81EECEfd3b37E1185419E9Ee,383.17,382.7,2026-10-09T20:00:00Z,CLOSED,0.1228,26849.54,191.58,10,1,0
2026-10-11T00:00:03Z,TSLA,TSLAon,Ondo Global Markets,ethereum,0x00a38533c68327aBE0Cc265436e036066E2D6B38,USDC,0x52757BD6B226b50a75aC4Aec553Db7F338E841A7,376.33,382.7,2026-10-09T20:00:00Z,CLOSED,-1.6645,10304.34,147.17,1,1,0
2026-10-11T00:00:03Z,NVDA,NVDAx,xStocks (Backed),solana,raydium,USDC,49iMatQtoyabsYAQc8GafVq6aeBFVDxSRH44oiatyyw6,230.9,229.28,2026-10-09T20:00:00Z,CLOSED,0.7066,3294162.44,1155198.03,13233,1,0
2026-10-11T00:00:03Z,NVDA,NVDAx,xStocks (Backed),solana,orca,USDC,6R4r93V5fcMzc13CL2enEepDSYcr4Qx3ptZBDwudTXCo,230.81,229.28,2026-10-09T20:00:00Z,CLOSED,0.6673,476709.53,1109755.72,8664,1,0
2026-10-11T00:00:03Z,NVDA,NVDAx,xStocks (Backed),solana,raydium,SOL,38rXq2BuwdNcfnwydw6S2srpNK9N4gVzf39f69suPMsF,230.52,229.28,2026-10-09T20:00:00Z,CLOSED,0.5408,285947.19,268306.85,3112,1,0
2026-10-11T00:00:03Z,NVDA,NVDAx,xStocks (Backed),solana,meteora,SOL,FCn5zw4gAcfRpQgst5ThFuzBGXbbJ6RocVErgC4vJ9j1,231.08,229.28,2026-10-09T20:00:00Z,CLOSED,0.7851,181656.4,432037.42,1638,1,0
2026-10-11T00:00:03Z,NVDA,NVDAx,xStocks (Backed),solana,raydium,USDC,4KqQN6u1pFKroFE2jVEhoepAMRKPcuAzWVDCgm9zRBYN,230.65,229.28,2026-10-09T20:00:00Z,CLOSED,0.5975,118549.58,886.54,16,1,0
2026-10-11T00:00:03Z,NVDA,NVDAx,xStocks (Backed),solana,orca,SOL,8Vy5Rjb9vg5nLb8L1r4Di8p9py5BTkp8UJSMHG8AD2zs,230.9,229.28,2026-10-09T20:00:00Z,CLOSED,0.7066,77169.3,108078.53,1898,1,0
2026-10-11T00:00:03Z,NVDA,NVDAx,xStocks (Backed),solana,meteora,USDC,8Xx3VeN92DsZksHs2nXMiJUcR5JBofqmbXqacoeUTj2g,230.93,229.28,2026-10-09T20:00:00Z,CLOSED,0.7196,10813.85,738.75,276,1,0
2026-10-11T00:00:03Z,NVDA,NVDAon,Ondo Global Markets,ethereum,uniswap,USDC,0xc9b4bC7C15423FCFe6B75aB5118bA773945A3A46,230.49,229.28,2026-10-09T20:00:00Z,CLOSED,0.5277,306941.8,72522.15,446,1,0
2026-10-11T00:00:03Z,NVDA,NVDAon,Ondo Global Markets,ethereum,uniswap,USDC,0xa9a6651fba74df1aab94065ffaabe750d6ed835b94a9e28925ec79beec2d5f73,229.85,229.28,2026-10-09T20:00:00Z,CLOSED,0.2486,26287.87,3241.99,45,1,0
2026-10-11T00:00:03Z,NVDA,NVDAon,Ondo Global Markets,ethereum,uniswap,USDC,0xf5294094BCe435bFbd0eC488be5C462aAF32Bc7A,231.16,229.28,2026-10-09T20:00:00Z,CLOSED,0.82,13767.9,37.91,1,1,0
2026-10-11T00:00:03Z,NVDA,NVDAon,Ondo Global Markets,ethereum,uniswap,ZIK,0xeb35140d8090c35e75cdb8971f45eb2a1c553ec381ba361e89473f2ee292db39,232.12,229.28,2026-10-09T20:00:00Z,CLOSED,1.2387,8153.01,28.4,2,0,0
2026-10-11T00:00:03Z,NVDA,NVDAon,Ondo Global Markets,ethereum,uniswap,ZIK,0xeA0F5b999C66214De7300c5910171A356fdfb3d0,231.082,229.28,2026-10-09T20:00:00Z,CLOSED,0.7859,7492.97,13.6,2,0,0
2026-10-11T00:00:03Z,NVDA,NVDAon,Ondo Global Markets,bsc,pancakeswap,USDT,0xB90BDBFBdfFd4Af5a636b5805539eDeafb969308,231.83,229.28,2026-10-09T20:00:00Z,CLOSED,1.1122,9648.58,27.12,15,1,0
2026-10-11T00:00:03Z,AAPL,AAPLx,xStocks (Backed),solana,raydium,USDC,CKwJZwm7oj3nu4653N1EpDrqXbXAYXoPFiPeEnLouF8y,337.29,336.64,2026-10-09T20:00:00Z,CLOSED,0.1931,337659.64,34502.63,649,1,0
2026-10-11T00:00:03Z,AAPL,AAPLx,xStocks (Backed),solana,orca,SOL,5VgwxAPD37EHPqtW6v6gWq2bznPDqvpaGDuJoyGm6aJG,336.69,336.64,2026-10-09T20:00:00Z,CLOSED,0.0149,25262.68,1435.42,75,1,0
2026-10-11T00:00:03Z,AAPL,AAPLx,xStocks (Backed),solana,orca,USDC,CNsYTuhHBkLQmoWtdoQxqkNxtyhXYvWvQJqzmG2evNEa,336.89,336.64,2026-10-09T20:00:00Z,CLOSED,0.0743,21094.09,2583.67,42,1,0
2026-10-11T00:00:03Z,AAPL,AAPLx,xStocks (Backed),solana,meteora,SOL,3oJpVmbKATLWbKg4G3o1VBfDSMXQJwMv9VqgnS7yXf4R,338.53,336.64,2026-10-09T20:00:00Z,CLOSED,0.5614,10643.83,1171.78,32,1,0
2026-10-11T00:00:03Z,AAPL,AAPLx,xStocks (Backed),solana,orca,SOL,HQijmgUPWBCYyvjBCymBVS9MZbJPmdJuvQXSfFtTZRz5,337.14,336.64,2026-10-09T20:00:00Z,CLOSED,0.1485,7581.62,3485.04,168,1,0
2026-10-11T00:00:03Z,AAPL,AAPLx,xStocks (Backed),solana,raydium,SOL,EUnoAwXybSenwkvQ3Qp4aWQxmw2AZrVCbAn6Sztjhbjo,337.62,336.64,2026-10-09T20:00:00Z,CLOSED,0.2911,5810.66,355.11,17,1,0
2026-10-11T00:00:03Z,AAPL,AAPLx,xStocks (Backed),solana,raydium,USDC,ApniVWuZbZoruTAJdyJcLBA4AVw4DKGdV5fHxo6qrAZT,337.14,336.64,2026-10-09T20:00:00Z,CLOSED,0.1485,254499.49,17317.69,701,1,0
2026-10-11T00:00:03Z,AAPL,AAPLon,Ondo Global Markets,ethereum,uniswap,USDC,0xad82C9EB065a5CFed71DB087e4a52C8a09c69921,336.096,336.64,2026-10-09T20:00:00Z,CLOSED,-0.1616,41622.84,631.02,7,1,0
2026-10-11T00:00:03Z,AAPL,AAPLon,Ondo Global Markets,ethereum,0x00a38533c68327aBE0Cc265436e036066E2D6B38,USDC,0x0d3A432237328D279EcD4A3ED5F462C2A84d8017,337.12,336.64,2026-10-09T20:00:00Z,CLOSED,0.1426,15418.6,77.13,2,1,0
2026-10-11T00:00:03Z,AAPL,AAPLon,Ondo Global Markets,bsc,pancakeswap,ASX,0x061306dF92c6a0538154A40F060573Be638B1066,338.87,336.64,2026-10-09T20:00:00Z,CLOSED,0.6624,8191.27,2.5,3,0,0
2026-10-11T00:00:03Z,MSFT,MSFTon,Ondo Global Markets,ethereum,uniswap,USDC,0xb97c30485cfdb895a811331e2a3aab1233a5bf8ff27b6be149edbdc7e9a37333,521.8,535.07,2026-10-09T20:00:01Z,CLOSED,-2.48,9901.66,173.63,1,1,0
2026-10-11T00:00:03Z,AMZN,AMZNx,xStocks (Backed),solana,raydium,USDC,6m5aXAve4uh6Kt4ytKyCLWNMjd8PYP5vujwNCtycrUiD,262.21,262.43,2026-10-09T20:00:01Z,CLOSED,-0.0838,403716.96,80127.13,477,1,0
2026-10-11T00:00:03Z,AMZN,AMZNx,xStocks (Backed),solana,raydium,SOL,HWZk6MfN28mYqDN1igNETjN2kueEryL33oVgt92Wkv6N,262.17,262.43,2026-10-09T20:00:01Z,CLOSED,-0.0991,28871.32,8524.0,215,1,0
2026-10-11T00:00:03Z,AMZN,AMZNx,xStocks (Backed),solana,meteora,SOL,DXAbc6Q3BzfnWbJKVdVyEdLfvMprMNtxb8iz36W2ttZj,262.59,262.43,2026-10-09T20:00:01Z,CLOSED,0.061,6721.24,311.02,65,1,0
2026-10-11T00:00:03Z,AMZN,AMZNon,Ondo Global Markets,bsc,pancakeswap,WBNB,0x8617Ba6DEEE616694601ADc41Ab7ffE0e610907E,261.024,262.43,2026-10-09T20:00:01Z,CLOSED,-0.5358,6523.43,44.21,21,1,0
2026-10-11T00:00:03Z,GOOGL,GOOGLx,xStocks (Backed),solana,raydium,USDC,B8YAwjGYk6qidWzGBXMAxP7nYfG8g74EZ3Y4gFSsobRw,352.5,351.66,2026-10-09T20:00:00Z,CLOSED,0.2389,1665746.7,534389.77,10039,1,0
2026-10-11T00:00:03Z,GOOGL,GOOGLx,xStocks (Backed),solana,orca,USDC,GxgCVoHKS4yWz2DqYML2vgXDLVHCwGSy76MMjbKejnZk,351.87,351.66,2026-10-09T20:00:00Z,CLOSED,0.0597,72295.31,660010.32,8280,1,0
2026-10-11T00:00:03Z,GOOGL,GOOGLx,xStocks (Backed),solana,meteora,SOL,CmcVVxuMMCdsevwThLwU4PdESB5NxiZJU4mGrxB6QDE4,351.8,351.66,2026-10-09T20:00:00Z,CLOSED,0.0398,152059.25,151941.23,2701,1,0
2026-10-11T00:00:03Z,GOOGL,GOOGLx,xStocks (Backed),solana,raydium,SOL,3P1PwneDrKfyUVQstaqAQDBWnK2Mcqi1xZ9nteMhDbSB,353.95,351.66,2026-10-09T20:00:00Z,CLOSED,0.6512,123648.0,27044.21,532,1,0
2026-10-11T00:00:03Z,GOOGL,GOOGLx,xStocks (Backed),solana,orca,USDC,Bd8GgEYaHi3zkyjr5ojQKXA82wYqGpB3suV9PQJ8kJ1b,351.7,351.66,2026-10-09T20:00:00Z,CLOSED,0.0114,56460.73,7495.27,135,1,0
2026-10-11T00:00:03Z,GOOGL,GOOGLx,xStocks (Backed),solana,orca,SOL,Bh3njVo6i3UjgmaevEQMGoidphcueNjoPqGkYLbthzV5,352.37,351.66,2026-10-09T20:00:00Z,CLOSED,0.2019,18457.03,24581.57,944,1,0
2026-10-11T00:00:03Z,GOOGL,GOOGLx,xStocks (Backed),solana,orca,USDC,FaGxc8NXSXBrT6idTxjw3o8et4MmFjxRMQvVF7ChsgZV,351.73,351.66,2026-10-09T20:00:00Z,CLOSED,0.0199,5469.13,16.87,6,1,0
2026-10-11T00:00:03Z,GOOGL,GOOGLx,xStocks (Backed),solana,raydium,USDC,9sw1NZjXFsy5GKkqMpQWV7wopGgMcdkanDqg3f15zQZv,352.089,351.66,2026-10-09T20:00:00Z,CLOSED,0.122,65884.28,24846.72,515,1,0
2026-10-11T00:00:03Z,GOOGL,GOOGLon,Ondo Global Markets,ethereum,uniswap,USDC,0x39FCB1935f6Ccb0A106D05eB928205C59646af57,351.034,351.66,2026-10-09T20:00:00Z,CLOSED,-0.178,54017.7,952.27,3,1,0
2026-10-11T00:00:03Z,META,METAx,xStocks (Backed),solana,raydium,USDC,3L7KbPVaAQA4UTecaGQYsm6UCq5F3sZM9zAYkxqYt63j,720.78,718.67,2026-10-09T20:00:01Z,CLOSED,0.2936,820102.12,87152.03,1752,1,0
2026-10-11T00:00:03Z,META,METAx,xStocks (Backed),solana,orca,USDC,59qH56HhMXrXiCMWH46NZ5M3SWhyzVzZnvMP2R27aR7Z,719.91,718.67,2026-10-09T20:00:01Z,CLOSED,0.1725,75271.82,1986.78,108,1,0
2026-10-11T00:00:03Z,META,METAx,xStocks (Backed),solana,meteora,SOL,DUKmnaXkB6AoYBUkeeb25Arfq4oeK4XPf4gkYe7evwkh,720.73,718.67,2026-10-09T20:00:01Z,CLOSED,0.2866,16953.6,2701.75,96,1,0
2026-10-11T00:00:03Z,META,METAx,xStocks (Backed),solana,raydium,SOL,BE9uiVCxUovYpgA6ard68QRRzo3sCneAkhUtSgy8AjVW,719.23,718.67,2026-10-09T20:00:01Z,CLOSED,0.0779,41195.39,29025.93,846,1,0
2026-10-11T00:00:03Z,META,METAx,xStocks (Backed),solana,raydium,USDC,DpzGDvRfwDk4xfydfjRoSeE9fm1mQnTd3zQaSKhw1oE6,720.71,718.67,2026-10-09T20:00:01Z,CLOSED,0.2839,44466.02,11592.01,258,1,0
2026-10-11T00:00:03Z,META,METAx,xStocks (Backed),solana,meteora,USDC,D8pGWVN3vWeyexBtMZjyyPbcLhM1oeTEMibE9h3nNRYL,719.94,718.67,2026-10-09T20:00:01Z,CLOSED,0.1767,17365.26,12308.0,669,1,0
2026-10-11T00:00:03Z,MSTR,MSTRx,xStocks (Backed),solana,raydium,SOL,2ngTuP7xA581dqX9uJkGRqxmKuehY3k4SDfPebeoRG2J,155.78,154.34,2026-10-09T20:00:01Z,CLOSED,0.933,829366.9,147395.84,1191,1,0
2026-10-11T00:00:03Z,MSTR,MSTRx,xStocks (Backed),solana,raydium,USDC,RyhF4cksVZY7vcqJpoytHcxcGNKRp27PEGhSnEPpbGv,155.58,154.34,2026-10-09T20:00:01Z,CLOSED,0.8034,830092.44,73814.5,272,1,0
2026-10-11T00:00:03Z,MSTR,MSTRx,xStocks (Backed),solana,raydium,cbBTC,CJJV5dsFXcSoKvjmurS1nfBioH3KcTkP1s23SgQz1Jrs,155.67,154.34,2026-10-09T20:00:01Z,CLOSED,0.8617,47069.28,5592.84,56,0,0
2026-10-11T00:00:03Z,MSTR,MSTRx,xStocks (Backed),solana,orca,USDC,CHSijZ92W1A5z93WzGjvBygtxN2LWgAt58uejMDmFVpY,155.23,154.34,2026-10-09T20:00:01Z,CLOSED,0.5766,38062.85,120.09,28,1,0
2026-10-11T00:00:03Z,MSTR,MSTRx,xStocks (Backed),solana,orca,SOL,HzyHKnwmRnnu3yZKzvqfhm2VeWo8V4qWtyNVGVLXrcjC,155.45,154.34,2026-10-09T20:00:01Z,CLOSED,0.7192,29917.73,341.67,16,1,0
2026-10-11T00:00:03Z,MSTR,MSTRx,xStocks (Backed),solana,orca,USDC,BCvzjDbADhnT3K35kc5TSeMAafNgu9KZVywUq9zWH2mA,155.44,154.34,2026-10-09T20:00:01Z,CLOSED,0.7127,5757.83,992.93,417,1,0
2026-10-11T00:00:03Z,MSTR,MSTRx,xStocks (Backed),solana,meteora,SOL,8yvEgE72BvZs86ZRr9j6ZHgn1zgVpBz2gTmwq7tMcgyH,155.47,154.34,2026-10-09T20:00:01Z,CLOSED,0.7321,7266.11,473.42,92,1,0
2026-10-11T00:00:03Z,MSTR,MSTRx,xStocks (Backed),solana,meteora,CRCLx,ExwtCL871L2QhHw7EikDPBHfoEHzadxcepdw1Fs3ofoR,155.39,154.34,2026-10-09T20:00:01Z,CLOSED,0.6803,8075.21,447.95,32,0,0
2026-10-11T00:00:03Z,COIN,COINx,xStocks (Backed),solana,raydium,USDC,w7SGmPeXoMCsjvXqgsAmUn56uypyDsjAtsxeVkaiqxa,180.72,179.39,2026-10-09T20:00:01Z,CLOSED,0.7414,1500939.17,21575.06,347,1,0
2026-10-11T00:00:03Z,COIN,COINx,xStocks (Backed),solana,raydium,SOL,9NJ7rtJzEnfwvoM6HyB2v6YHcsfS6ZY9DFGprphVX6W,181.25,179.39,2026-10-09T20:00:01Z,CLOSED,1.0368,121050.73,4538.59,80,1,0
2026-10-11T00:00:03Z,COIN,COINx,xStocks (Backed),solana,orca,USDC,7ouGUDRMy4C9RJpTgPizRyfcxyJusAEe9ZbjqYv7BSqe,180.66,179.39,2026-10-09T20:00:01Z,CLOSED,0.708,29733.27,5945.48,185,1,0
2026-10-11T00:00:03Z,COIN,COINx,xStocks (Backed),solana,orca,SOL,A4D97SV1dfCffDo58FEJtZoYycqVTaGVZiDdLiZffDNK,180.87,179.39,2026-10-09T20:00:01Z,CLOSED,0.825,25364.17,3738.41,213,1,0
2026-10-11T00:00:03Z,COIN,COINx,xStocks (Backed),solana,orca,CRCLx,FP4TT9AEqR8GcdWYEv2Jp3Vee9QvGWaCmFuaqAP2wjxL,180.74,179.39,2026-10-09T20:00:01Z,CLOSED,0.7526,8028.74,3.45,9,0,0
2026-10-11T00:00:03Z,HOOD,HOODx,xStocks (Backed),solana,raydium,USDC,DXWbip5LducMAbDSSpLYz9Xik3253EPeAYQufQtx7LXs,108.7,109.02,2026-10-09T20:00:01Z,CLOSED,-0.2935,1431736.84,618.64,25,1,0
2026-10-11T00:00:03Z,HOOD,HOODx,xStocks (Backed),solana,orca,USDC,48dhPm83sXfnRMxKRfv2YuE45DPqrhwPMvGrnTLufvFf,109.19,109.02,2026-10-09T20:00:01Z,CLOSED,0.1559,83331.45,10631.28,134,1,0
2026-10-11T00:00:03Z,HOOD,HOODx,xStocks (Backed),solana,raydium,SOL,DznDQ6YVmgtZAvwZ4ui6k9MNun9uaozyVFFsiAeAs9f,109.88,109.02,2026-10-09T20:00:01Z,CLOSED,0.7888,47028.63,229.53,12,1,0
2026-10-11T00:00:03Z,HOOD,HOODx,xStocks (Backed),solana,meteora,SOL,DQ8fjmP2haYxyyJRU99aCaHznK1GSihYyBRZxfP9sfbU,109.54,109.02,2026-10-09T20:00:01Z,CLOSED,0.477,6474.62,2519.69,137,1,0
2026-10-11T00:00:03Z,CRCL,CRCLon,Ondo Global Markets,ethereum,0x00a38533c68327aBE0Cc265436e036066E2D6B38,USDC,0xb91e13F4c93De2F7F007Fa0407EC4226f03B408F,84.75,84.51,2026-10-09T20:00:02Z,CLOSED,0.284,9947.11,130.9,1,1,0
2026-10-11T00:00:03Z,CRCL,CRCLon,Ondo Global Markets,bsc,pancakeswap,比特币,0xc1d141d6A9F8e8eb7B9Ce1AEcD4A8932F047c075,81.97,84.51,2026-10-09T20:00:02Z,CLOSED,-3.0056,6676.45,19.19,1,0,0
2026-10-11T00:00:03Z,SPY,SPYx,xStocks (Backed),solana,raydium,USDC,4pCZCVEiYyT4efNdXUdL2tJF8VGMgiMXrZWq6FiNXhRw,783.18,778.57,2026-10-09T20:00:00Z,CLOSED,0.5921,522694.79,861200.41,4313,1,0
2026-10-11T00:00:03Z,SPY,SPYx,xStocks (Backed),solana,raydium,SOL,BS9uyGV6XmNnPkM4f3xgxCdQEaFv7RSKs6fwrpvYHxfL,781.79,778.57,2026-10-09T20:00:00Z,CLOSED,0.4136,1036714.44,183086.51,1192,1,0
2026-10-11T00:00:03Z,SPY,SPYx,xStocks (Backed),solana,orca,USDC,Fae5dWVntUt6zbWu2voXxioDpMii7SqQwtsxBmoVCsHR,783.21,778.57,2026-10-09T20:00:00Z,CLOSED,0.596,319697.04,19811.04,362,1,0
2026-10-11T00:00:03Z,SPY,SPYx,xStocks (Backed),solana,raydium,USDC,6truu3rZuiB9rKQg4VYC3Dt3QwV7DgwGqXrYUcrvnDDE,783.74,778.57,2026-10-09T20:00:00Z,CLOSED,0.664,2201597.44,30508.9,207,1,0
2026-10-11T00:00:03Z,SPY,SPYx,xStocks (Backed),solana,raydium,USDC,7sHMnvE7WqP7vQFWJGEnMT4vZg6Za9K7PpddDoXJCqME,782.8,778.57,2026-10-09T20:00:00Z,CLOSED,0.5433,76655.28,164.12,53,1,0
2026-10-11T00:00:03Z,SPY,SPYx,xStocks (Backed),solana,meteora,SOL,5JWX8pQhJNpFMjPwKhFSSVWRpss4wSyoqgRGnBNJfyuX,787.23,778.57,2026-10-09T20:00:00Z,CLOSED,1.1123,33960.4,4421.83,247,1,0
2026-10-11T00:00:03Z,SPY,SPYx,xStocks (Backed),solana,orca,USDC,gef4pD5g6GJSjX7hfXKUfhCVpE89BzX9TXnXJNW6kSt,783.083,778.57,2026-10-09T20:00:00Z,CLOSED,0.5797,12171.78,1923.82,748,1,0
2026-10-11T00:00:03Z,SPY,SPYx,xStocks (Backed),solana,orca,USDY,DauJvXRsc5YUtabDd2jGTcSvTn63qpmteGcVGkRcjBGa,783.98,778.57,2026-10-09T20:00:00Z,CLOSED,0.6949,5136.78,0.77,1,0,0
2026-10-11T00:00:03Z,SPY,SPYx,xStocks (Backed),solana,pancakeswap,USDC,Ph2aw6fSKja9MT39L27gwJcZi3F8hZL4xMnuVh36h8a,783.084,778.57,2026-10-09T20:00:00Z,CLOSED,0.5798,31401.43,23303.66,1257,1,0
2026-10-11T00:00:03Z,SPY,SPYx,xStocks (Backed),solana,orca,SOL,DAcfUT7Xnfm91xv4YZojgpYirLC3JfDG6PbtNqtaAkTn,782.49,778.57,2026-10-09T20:00:00Z,CLOSED,0.5035,36025.63,2269.42,162,1,0
2026-10-11T00:00:03Z,QQQ,QQQx,xStocks (Backed),solana,raydium,USDC,GMjGLWzvK75LPetrgAmdeXnvxc4fUuQPwJxeQqTDU1aG,753.96,751.27,2026-10-09T20:00:00Z,CLOSED,0.3581,2215398.15,50554.73,310,1,0
2026-10-11T00:00:03Z,QQQ,QQQx,xStocks (Backed),solana,raydium,SOL,B6FEtQdwsq8Wuw4G52pW9WEWEA7ALGfyUgXDRKigDSHH,754.77,751.27,2026-10-09T20:00:00Z,CLOSED,0.4659,120260.59,6919.69,188,1,0
2026-10-11T00:00:03Z,QQQ,QQQx,xStocks (Backed),solana,raydium,USDC,FknDV1F5n6QaA7rLmjquDjuU6wcPMNm5RYq7zWbqhpZw,753.88,751.27,2026-10-09T20:00:00Z,CLOSED,0.3474,35213.26,39.05,8,1,0
2026-10-11T00:00:03Z,QQQ,QQQx,xStocks (Backed),solana,raydium,SPYx,FN27PwZpDnSBNZR5vzx6B7waxowV84ZNFQrzgr6XeYbf,754.15,751.27,2026-10-09T20:00:00Z,CLOSED,0.3834,34998.14,516.48,8,0,0
2026-10-11T00:00:03Z,QQQ,QQQx,xStocks (Backed),solana,orca,USDC,3GVB4bXtcrP3MM376mrcJDwfTNThvyorLmVgSTf6kxFt,753.14,751.27,2026-10-09T20:00:00Z,CLOSED,0.2489,14357.54,172.66,21,1,0
2026-10-11T00:00:03Z,QQQ,QQQx,xStocks (Backed),solana,orca,SPYx,7mYFrN2TQtYc2HMZEXuVfWkPu9n5EFfX9Ha59X3n6PWE,754.45,751.27,2026-10-09T20:00:00Z,CLOSED,0.4233,11907.66,1130.15,121,0,0
2026-10-11T00:00:03Z,QQQ,QQQx,xStocks (Backed),solana,pancakeswap,USDC,DLm3szGd5VdiiLXp8i89j95FuUN9KKWtYF7XfmVvLTML,753.89,751.27,2026-10-09T20:00:00Z,CLOSED,0.3487,33735.16,940.69,27,1,0
2026-10-11T00:10:03Z,TSLA,TSLAx,xStocks (Backed),solana,orca,USDC,9p7abUFv31ycgu9kckvnoqMMvBy67dqTDM2m6HP9xokN,382.077,382.7,2026-10-09T20:00:00Z,CLOSED,-0.1628,93455.01,184451.18,5380,1,0
2026-10-11T00:10:03Z,TSLA,TSLAx,xStocks (Backed),solana,raydium,USDC,8aDaBQkTrS6HVMjyc6EZebgdiaXhLYGriDWKWWp1NpFF,382.22,382.7,2026-10-09T20:00:00Z,CLOSED,-0.1254,2332695.32,206397.13,2355,1,0
2026-10-11T00:10:03Z,TSLA,TSLAx,xStocks (Backed),solana,raydium,SOL,CKmjDiqBCRqR8xk5FjnFiQXuCFsGchiLv9YwYVnE5RJ8,381.65,382.7,2026-10-09T20:00:00Z,CLOSED,-0.2744,98296.15,55053.14,713,1,0
2026-10-11T00:10:03Z,TSLA,TSLAx,xStocks (Backed),solana,raydium,USDC,HHQUnUbmWLrYzkscDY1C3deEFbGtiGBGoHjpANogmvum,382.79,382.7,2026-10-09T20:00:00Z,CLOSED,0.0235,401123.72,3316.36,89,1,0
2026-10-11T00:10:03Z,TSLA,TSLAx,xStocks (Backed),solana,meteora,SOL,CHGfdEfKFYDWGPASCsZnpkDzvpLKNEVoAb4UEorPPkGK,382.56,382.7,2026-10-09T20:00:00Z,CLOSED,-0.0366,10531.84,10721.19,566,1,0
2026-10-11T00:10:03Z,TSLA,TSLAx,xStocks (Backed),solana,orca,SOL,26UY4D6pBHgxYdPWuBP3sfyc4jJf6qQjPDxCJPhtUx3H,377.6,382.7,2026-10-09T20:00:00Z,CLOSED,-1.3326,9568.03,476.61,15,1,0
2026-10-11T00:10:03Z,TSLA,TSLAx,xStocks (Backed),solana,meteora,NVDAx,8is7SBzMYLUTUtVU5H4QEPkgeQP7WaM7rQ6QPxXTa4PB,382.12,382.7,2026-10-09T20:00:00Z,CLOSED,-0.1516,6348.13,163.77,29,0,0
2026-10-11T00:10:03Z,TSLA,TSLAx,xStocks (Backed),solana,pancakeswap,SOL,EYF6xVtA8EGqjFdx5bgc3i6jMmyr8t6rXMTyqbyvKaW3,381.9,382.7,2026-10-09T20:00:00Z,CLOSED,-0.209,26318.62,3834.8,777,1,0
2026-10-11T00:10:03Z,TSLA,TSLAx,xStocks (Backed),solana,pancakeswap,USDC,2JUpEKcYkSytu3aWk7QzohPNX2hY8shEakEcmn3SgXFD,382.17,382.7,2026-10-09T20:00:00Z,CLOSED,-0.1385,13170.35,2555.9,264,1,0
2026-10-11T00:10:03Z,TSLA,TSLAon,Ondo Global Markets,ethereum,uniswap,USDC,0x31227b50eCCDC9C589826AA2D9E7C5619B1895Da,383.44,382.7,2026-10-09T20:00:00Z,CLOSED,0.1934,81709.63,12702.36,71,1,0
2026-10-11T00:10:03Z,TSLA,TSLAon,Ondo Global Markets,ethereum,0x00a38533c68327aBE0Cc265436e036066E2D6B38,USDC,0x49b7b66457297f9E0E763BBb151B6DB0c149E988,381.9,382.7,2026-10-09T20:00:00Z,CLOSED,-0.209,36286.78,2.19,1,1,0
2026-10-11T00:10:03Z,TSLA,TSLAon,Ondo Global Markets,ethereum,0x00a38533c68327aBE0Cc265436e036066E2D6B38,USDC,0xfd62Ce2489f37B9357CD1Aa66a33351580B33231,382.6,382.7,2026-10-09T20:00:00Z,CLOSED,-0.0261,28715.63,199.13,2,1,0
2026-10-11T00:10:03Z,TSLA,TSLAon,Ondo Global Markets,ethereum,0x00a38533c68327aBE0Cc265436e036066E2D6B38,USDC,0xbcD5a4823C3B3faF81EECEfd3b37E1185419E9Ee,383.17,382.7,2026-10-09T20:00:00Z,CLOSED,0.1228,26849.54,191.58,10,1,0
2026-10-11T00:10:03Z,TSLA,TSLAon,Ondo Global Markets,ethereum,0x00a38533c68327aBE0Cc265436e036066E2D6B38,USDC,0x52757BD6B226b50a75aC4Aec553Db7F338E841A7,376.33,382.7,2026-10-09T20:00:00Z,CLOSED,-1.6645,10304.34,147.17,1,1,0
2026-10-11T00:10:03Z,NVDA,NVDAx,xStocks (Backed),solana,raydium,USDC,49iMatQtoyabsYAQc8GafVq6aeBFVDxSRH44oiatyyw6,230.91,229.28,2026-10-09T20:00:00Z,CLOSED,0.7109,3294256.62,1158944.4,13922,1,0
2026-10-11T00:10:03Z,NVDA,NVDAx,xStocks (Backed),solana,orca,USDC,6R4r93V5fcMzc13CL2enEepDSYcr4Qx3ptZBDwudTXCo,230.82,229.28,2026-10-09T20:00:00Z,CLOSED,0.6717,476720.02,1121932.36,9024,1,0
2026-10-11T00:10:03Z,NVDA,NVDAx,xStocks (Backed),solana,raydium,SOL,38rXq2BuwdNcfnwydw6S2srpNK9N4gVzf39f69suPMsF,230.49,229.28,2026-10-09T20:00:00Z,CLOSED,0.5277,286154.8,271283.02,3212,1,0
2026-10-11T00:10:03Z,NVDA,NVDAx,xStocks (Backed),solana,meteora,SOL,FCn5zw4gAcfRpQgst5ThFuzBGXbbJ6RocVErgC4vJ9j1,231.12,229.28,2026-10-09T20:00:00Z,CLOSED,0.8025,181693.17,434123.45,1710,1,0
2026-10-11T00:10:03Z,NVDA,NVDAx,xStocks (Backed),solana,orca,SOL,8Vy5Rjb9vg5nLb8L1r4Di8p9py5BTkp8UJSMHG8AD2zs,230.91,229.28,2026-10-09T20:00:00Z,CLOSED,0.7109,78294.35,109598.6,1940,1,0
2026-10-11T00:10:03Z,NVDA,NVDAx,xStocks (Backed),solana,raydium,USDC,4KqQN6u1pFKroFE2jVEhoepAMRKPcuAzWVDCgm9zRBYN,230.65,229.28,2026-10-09T20:00:00Z,CLOSED,0.5975,118549.58,886.54,15,1,0
2026-10-11T00:10:03Z,NVDA,NVDAx,xStocks (Backed),solana,meteora,USDC,8Xx3VeN92DsZksHs2nXMiJUcR5JBofqmbXqacoeUTj2g,230.99,229.28,2026-10-09T20:00:00Z,CLOSED,0.7458,10816.71,747.83,281,1,0
2026-10-11T00:10:03Z,NVDA,NVDAon,Ondo Global Markets,ethereum,uniswap,USDC,0xc9b4bC7C15423FCFe6B75aB5118bA773945A3A46,230.49,229.28,2026-10-09T20:00:00Z,CLOSED,0.5277,306940.79,72592.68,449,1,0
2026-10-11T00:10:03Z,NVDA,NVDAon,Ondo Global Markets,ethereum,uniswap,USDC,0xa9a6651fba74df1aab94065ffaabe750d6ed835b94a9e28925ec79beec2d5f73,229.85,229.28,2026-10-09T20:00:00Z,CLOSED,0.2486,26287.87,3241.99,45,1,0
2026-10-11T00:10:03Z,NVDA,NVDAon,Ondo Global Markets,ethereum,uniswap,USDC,0xf5294094BCe435bFbd0eC488be5C462aAF32Bc7A,231.16,229.28,2026-10-09T20:00:00Z,CLOSED,0.82,13767.9,37.91,1,1,0
2026-10-11T00:10:03Z,NVDA,NVDAon,Ondo Global Markets,ethereum,uniswap,ZIK,0xeb35140d8090c35e75cdb8971f45eb2a1c553ec381ba361e89473f2ee292db39,232.12,229.28,2026-10-09T20:00:00Z,CLOSED,1.2387,8153.01,28.4,2,0,0
2026-10-11T00:10:03Z,NVDA,NVDAon,Ondo Global Markets,ethereum,uniswap,ZIK,0xeA0F5b999C66214De7300c5910171A356fdfb3d0,231.082,229.28,2026-10-09T20:00:00Z,CLOSED,0.7859,7492.97,13.6,2,0,0
2026-10-11T00:10:03Z,NVDA,NVDAon,Ondo Global Markets,bsc,pancakeswap,USDT,0xB90BDBFBdfFd4Af5a636b5805539eDeafb969308,231.83,229.28,2026-10-09T20:00:00Z,CLOSED,1.1122,9648.58,27.12,15,1,0
2026-10-11T00:10:03Z,AAPL,AAPLx,xStocks (Backed),solana,raydium,USDC,CKwJZwm7oj3nu4653N1EpDrqXbXAYXoPFiPeEnLouF8y,337.29,336.64,2026-10-09T20:00:00Z,CLOSED,0.1931,337659.64,34502.63,649,1,0
2026-10-11T00:10:03Z,AAPL,AAPLx,xStocks (Backed),solana,orca,SOL,5VgwxAPD37EHPqtW6v6gWq2bznPDqvpaGDuJoyGm6aJG,336.69,336.64,2026-10-09T20:00:00Z,CLOSED,0.0149,25262.68,1435.42,75,1,0
2026-10-11T00:10:03Z,AAPL,AAPLx,xStocks (Backed),solana,orca,USDC,CNsYTuhHBkLQmoWtdoQxqkNxtyhXYvWvQJqzmG2evNEa,336.89,336.64,2026-10-09T20:00:00Z,CLOSED,0.0743,21094.09,2583.67,42,1,0
2026-10-11T00:10:03Z,AAPL,AAPLx,xStocks (Backed),solana,meteora,SOL,3oJpVmbKATLWbKg4G3o1VBfDSMXQJwMv9VqgnS7yXf4R,338.53,336.64,2026-10-09T20:00:00Z,CLOSED,0.5614,10643.83,1171.78,32,1,0
2026-10-11T00:10:03Z,AAPL,AAPLx,xStocks (Backed),solana,orca,SOL,HQijmgUPWBCYyvjBCymBVS9MZbJPmdJuvQXSfFtTZRz5,337.28,336.64,2026-10-09T20:00:00Z,CLOSED,0.1901,7583.65,3449.92,172,1,0
2026-10-11T00:10:03Z,AAPL,AAPLx,xStocks (Backed),solana,raydium,SOL,EUnoAwXybSenwkvQ3Qp4aWQxmw2AZrVCbAn6Sztjhbjo,337.62,336.64,2026-10-09T20:00:00Z,CLOSED,0.2911,5810.66,355.11,17,1,0
2026-10-11T00:10:03Z,AAPL,AAPLx,xStocks (Backed),solana,raydium,USDC,ApniVWuZbZoruTAJdyJcLBA4AVw4DKGdV5fHxo6qrAZT,337.13,336.64,2026-10-09T20:00:00Z,CLOSED,0.1456,254496.76,17277.97,705,1,0
2026-10-11T00:10:03Z,AAPL,AAPLon,Ondo Global Markets,ethereum,uniswap,USDC,0xad82C9EB065a5CFed71DB087e4a52C8a09c69921,336.096,336.64,2026-10-09T20:00:00Z,CLOSED,-0.1616,41622.84,631.02,7,1,0
2026-10-11T00:10:03Z,AAPL,AAPLon,Ondo Global Markets,ethereum,0x00a38533c68327aBE0Cc265436e036066E2D6B38,USDC,0x0d3A432237328D279EcD4A3ED5F462C2A84d8017,337.12,336.64,2026-10-09T20:00:00Z,CLOSED,0.1426,15418.6,77.13,2,1,0
2026-10-11T00:10:03Z,AAPL,AAPLon,Ondo Global Markets,bsc,pancakeswap,ASX,0x061306dF92c6a0538154A40F060573Be638B1066,338.87,336.64,2026-10-09T20:00:00Z,CLOSED,0.6624,8191.27,2.5,3,0,0
2026-10-11T00:10:03Z,MSFT,MSFTon,Ondo Global Markets,ethereum,uniswap,USDC,0xb97c30485cfdb895a811331e2a3aab1233a5bf8ff27b6be149edbdc7e9a37333,521.8,535.07,2026-10-09T20:00:01Z,CLOSED,-2.48,9901.66,173.63,1,1,0
2026-10-11T00:10:03Z,AMZN,AMZNx,xStocks (Backed),solana,raydium,USDC,6m5aXAve4uh6Kt4ytKyCLWNMjd8PYP5vujwNCtycrUiD,262.21,262.43,2026-10-09T20:00:01Z,CLOSED,-0.0838,403716.96,80127.13,477,1,0
2026-10-11T00:10:03Z,AMZN,AMZNx,xStocks (Backed),solana,raydium,SOL,HWZk6MfN28mYqDN1igNETjN2kueEryL33oVgt92Wkv6N,262.17,262.43,2026-10-09T20:00:01Z,CLOSED,-0.0991,28871.32,8522.69,214,1,0
2026-10-11T00:10:03Z,AMZN,AMZNx,xStocks (Backed),solana,meteora,SOL,DXAbc6Q3BzfnWbJKVdVyEdLfvMprMNtxb8iz36W2ttZj,262.62,262.43,2026-10-09T20:00:01Z,CLOSED,0.0724,6721.91,309.53,65,1,0
2026-10-11T00:10:03Z,AMZN,AMZNon,Ondo Global Markets,bsc,pancakeswap,WBNB,0x8617Ba6DEEE616694601ADc41Ab7ffE0e610907E,261.024,262.43,2026-10-09T20:00:01Z,CLOSED,-0.5358,6523.43,44.21,21,1,0
2026-10-11T00:10:03Z,GOOGL,GOOGLx,xStocks (Backed),solana,raydium,USDC,B8YAwjGYk6qidWzGBXMAxP7nYfG8g74EZ3Y4gFSsobRw,352.5,351.66,2026-10-09T20:00:00Z,CLOSED,0.2389,1665746.29,528385.6,9994,1,0
2026-10-11T00:10:03Z,GOOGL,GOOGLx,xStocks (Backed),solana,orca,USDC,GxgCVoHKS4yWz2DqYML2vgXDLVHCwGSy76MMjbKejnZk,352.23,351.66,2026-10-09T20:00:00Z,CLOSED,0.1621,72332.87,649559.55,8205,1,0
2026-10-11T00:10:03Z,GOOGL,GOOGLx,xStocks (Backed),solana,meteora,SOL,CmcVVxuMMCdsevwThLwU4PdESB5NxiZJU4mGrxB6QDE4,352.31,351.66,2026-10-09T20:00:00Z,CLOSED,0.1848,152110.91,151162.76,2680,1,0
2026-10-11T00:10:03Z,GOOGL,GOOGLx,xStocks (Backed),solana,raydium,SOL,3P1PwneDrKfyUVQstaqAQDBWnK2Mcqi1xZ9nteMhDbSB,353.95,351.66,2026-10-09T20:00:00Z,CLOSED,0.6512,123648.0,27044.21,532,1,0
2026-10-11T00:10:03Z,GOOGL,GOOGLx,xStocks (Backed),solana,orca,USDC,Bd8GgEYaHi3zkyjr5ojQKXA82wYqGpB3suV9PQJ8kJ1b,351.7,351.66,2026-10-09T20:00:00Z,CLOSED,0.0114,56460.73,7495.27,135,1,0
2026-10-11T00:10:03Z,GOOGL,GOOGLx,xStocks (Backed),solana,orca,SOL,Bh3njVo6i3UjgmaevEQMGoidphcueNjoPqGkYLbthzV5,352.31,351.66,2026-10-09T20:00:00Z,CLOSED,0.1848,18451.32,24235.24,928,1,0
2026-10-11T00:10:03Z,GOOGL,GOOGLx,xStocks (Backed),solana,orca,USDC,FaGxc8NXSXBrT6idTxjw3o8et4MmFjxRMQvVF7ChsgZV,351.73,351.66,2026-10-09T20:00:00Z,CLOSED,0.0199,5469.13,16.87,6,1,0
2026-10-11T00:10:03Z,GOOGL,GOOGLx,xStocks (Backed),solana,raydium,USDC,9sw1NZjXFsy5GKkqMpQWV7wopGgMcdkanDqg3f15zQZv,352.089,351.66,2026-10-09T20:00:00Z,CLOSED,0.122,65884.28,24803.24,514,1,0
2026-10-11T00:10:03Z,GOOGL,GOOGLon,Ondo Global Markets,ethereum,uniswap,USDC,0x39FCB1935f6Ccb0A106D05eB928205C59646af57,351.034,351.66,2026-10-09T20:00:00Z,CLOSED,-0.178,54017.7,952.27,3,1,0
2026-10-11T00:10:03Z,META,METAx,xStocks (Backed),solana,raydium,USDC,3L7KbPVaAQA4UTecaGQYsm6UCq5F3sZM9zAYkxqYt63j,720.78,718.67,2026-10-09T20:00:01Z,CLOSED,0.2936,820102.12,86847.46,1749,1,0
2026-10-11T00:10:03Z,META,METAx,xStocks (Backed),solana,orca,USDC,59qH56HhMXrXiCMWH46NZ5M3SWhyzVzZnvMP2R27aR7Z,719.89,718.67,2026-10-09T20:00:01Z,CLOSED,0.1698,74862.0,1983.49,108,1,0
2026-10-11T00:10:03Z,META,METAx,xStocks (Backed),solana,meteora,SOL,DUKmnaXkB6AoYBUkeeb25Arfq4oeK4XPf4gkYe7evwkh,718.92,718.67,2026-10-09T20:00:01Z,CLOSED,0.0348,16945.63,2702.61,98,1,0
2026-10-11T00:10:03Z,META,METAx,xStocks (Backed),solana,raydium,SOL,BE9uiVCxUovYpgA6ard68QRRzo3sCneAkhUtSgy8AjVW,719.56,718.67,2026-10-09T20:00:01Z,CLOSED,0.1238,41206.34,28871.78,844,1,0
2026-10-11T00:10:03Z,META,METAx,xStocks (Backed),solana,raydium,USDC,DpzGDvRfwDk4xfydfjRoSeE9fm1mQnTd3zQaSKhw1oE6,720.71,718.67,2026-10-09T20:00:01Z,CLOSED,0.2839,44466.02,11592.01,258,1,0
2026-10-11T00:10:03Z,META,METAx,xStocks (Backed),solana,meteora,USDC,D8pGWVN3vWeyexBtMZjyyPbcLhM1oeTEMibE9h3nNRYL,719.93,718.67,2026-10-09T20:00:01Z,CLOSED,0.1753,17365.15,12311.18,672,1,0
2026-10-11T00:10:03Z,MSTR,MSTRx,xStocks (Backed),solana,raydium,SOL,2ngTuP7xA581dqX9uJkGRqxmKuehY3k4SDfPebeoRG2J,155.78,154.34,2026-10-09T20:00:01Z,CLOSED,0.933,829366.9,147395.84,1191,1,0
2026-10-11T00:10:03Z,MSTR,MSTRx,xStocks (Backed),solana,raydium,USDC,RyhF4cksVZY7vcqJpoytHcxcGNKRp27PEGhSnEPpbGv,155.58,154.34,2026-10-09T20:00:01Z,CLOSED,0.8034,830092.44,73814.5,272,1,0
2026-10-11T00:10:03Z,MSTR,MSTRx,xStocks (Backed),solana,raydium,cbBTC,CJJV5dsFXcSoKvjmurS1nfBioH3KcTkP1s23SgQz1Jrs,155.67,154.34,2026-10-09T20:00:01Z,CLOSED,0.8617,47069.28,5592.84,56,0,0
2026-10-11T00:10:03Z,MSTR,MSTRx,xStocks (Backed),solana,orca,USDC,CHSijZ92W1A5z93WzGjvBygtxN2LWgAt58uejMDmFVpY,155.23,154.34,2026-10-09T20:00:01Z,CLOSED,0.5766,38062.85,120.09,28,1,0
2026-10-11T00:10:03Z,MSTR,MSTRx,xStocks (Backed),solana,orca,SOL,HzyHKnwmRnnu3yZKzvqfhm2VeWo8V4qWtyNVGVLXrcjC,155.45,154.34,2026-10-09T20:00:01Z,CLOSED,0.7192,29917.73,341.67,16,1,0
2026-10-11T00:10:03Z,MSTR,MSTRx,xStocks (Backed),solana,orca,USDC,BCvzjDbADhnT3K35kc5TSeMAafNgu9KZVywUq9zWH2mA,155.53,154.34,2026-10-09T20:00:01Z,CLOSED,0.771,5760.33,994.66,418,1,0
2026-10-11T00:10:03Z,MSTR,MSTRx,xStocks (Backed),solana,meteora,SOL,8yvEgE72BvZs86ZRr9j6ZHgn1zgVpBz2gTmwq7tMcgyH,155.47,154.34,2026-10-09T20:00:01Z,CLOSED,0.7321,7266.11,473.42,92,1,0
2026-10-11T00:10:03Z,MSTR,MSTRx,xStocks (Backed),solana,meteora,CRCLx,ExwtCL871L2QhHw7EikDPBHfoEHzadxcepdw1Fs3ofoR,155.52,154.34,2026-10-09T20:00:01Z,CLOSED,0.7645,8074.11,448.42,35,0,0
2026-10-11T00:10:03Z,COIN,COINx,xStocks (Backed),solana,raydium,USDC,w7SGmPeXoMCsjvXqgsAmUn56uypyDsjAtsxeVkaiqxa,180.72,179.39,2026-10-09T20:00:01Z,CLOSED,0.7414,1500938.95,21576.25,348,1,0
2026-10-11T00:10:03Z,COIN,COINx,xStocks (Backed),solana,raydium,SOL,9NJ7rtJzEnfwvoM6HyB2v6YHcsfS6ZY9DFGprphVX6W,181.25,179.39,2026-10-09T20:00:01Z,CLOSED,1.0368,121050.73,4538.59,80,1,0
2026-10-11T00:10:03Z,COIN,COINx,xStocks (Backed),solana,orca,USDC,7ouGUDRMy4C9RJpTgPizRyfcxyJusAEe9ZbjqYv7BSqe,180.65,179.39,2026-10-09T20:00:01Z,CLOSED,0.7024,29733.18,5945.55,186,1,0
2026-10-11T00:10:03Z,COIN,COINx,xStocks (Backed),solana,orca,SOL,A4D97SV1dfCffDo58FEJtZoYycqVTaGVZiDdLiZffDNK,180.91,179.39,2026-10-09T20:00:01Z,CLOSED,0.8473,25369.4,3742.91,217,1,0
2026-10-11T00:10:03Z,COIN,COINx,xStocks (Backed),solana,orca,CRCLx,FP4TT9AEqR8GcdWYEv2Jp3Vee9QvGWaCmFuaqAP2wjxL,180.74,179.39,2026-10-09T20:00:01Z,CLOSED,0.7526,8028.74,3.45,9,0,0
2026-10-11T00:10:03Z,HOOD,HOODx,xStocks (Backed),solana,raydium,USDC,DXWbip5LducMAbDSSpLYz9Xik3253EPeAYQufQtx7LXs,108.7,109.02,2026-10-09T20:00:01Z,CLOSED,-0.2935,1431727.52,667.16,26,1,0
2026-10-11T00:10:03Z,HOOD,HOODx,xStocks (Backed),solana,orca,USDC,48dhPm83sXfnRMxKRfv2YuE45DPqrhwPMvGrnTLufvFf,109.19,109.02,2026-10-09T20:00:01Z,CLOSED,0.1559,83330.6,10638.28,136,1,0
2026-10-11T00:10:03Z,HOOD,HOODx,xStocks (Backed),solana,raydium,SOL,DznDQ6YVmgtZAvwZ4ui6k9MNun9uaozyVFFsiAeAs9f,109.88,109.02,2026-10-09T20:00:01Z,CLOSED,0.7888,47028.63,229.53,12,1,0
2026-10-11T00:10:03Z,HOOD,HOODx,xStocks (Backed),solana,meteora,SOL,DQ8fjmP2haYxyyJRU99aCaHznK1GSihYyBRZxfP9sfbU,109.47,109.02,2026-10-09T20:00:01Z,CLOSED,0.4128,6470.51,2527.44,138,1,0
2026-10-11T00:10:03Z,CRCL,CRCLon,Ondo Global Markets,ethereum,0x00a38533c68327aBE0Cc265436e036066E2D6B38,USDC,0xb91e13F4c93De2F7F007Fa0407EC4226f03B408F,84.75,84.51,2026-10-09T20:00:02Z,CLOSED,0.284,9947.11,130.9,1,1,0
2026-10-11T00:10:03Z,SPY,SPYx,xStocks (Backed),solana,raydium,USDC,4pCZCVEiYyT4efNdXUdL2tJF8VGMgiMXrZWq6FiNXhRw,783.18,778.57,2026-10-09T20:00:00Z,CLOSED,0.5921,522694.33,862767.92,4324,1,0
2026-10-11T00:10:03Z,SPY,SPYx,xStocks (Backed),solana,raydium,SOL,BS9uyGV6XmNnPkM4f3xgxCdQEaFv7RSKs6fwrpvYHxfL,781.72,778.57,2026-10-09T20:00:00Z,CLOSED,0.4046,1036620.4,182850.75,1198,1,0
2026-10-11T00:10:03Z,SPY,SPYx,xStocks (Backed),solana,orca,USDC,Fae5dWVntUt6zbWu2voXxioDpMii7SqQwtsxBmoVCsHR,783.28,778.57,2026-10-09T20:00:00Z,CLOSED,0.605,319714.62,19811.22,364,1,0
2026-10-11T00:10:03Z,SPY,SPYx,xStocks (Backed),solana,raydium,USDC,6truu3rZuiB9rKQg4VYC3Dt3QwV7DgwGqXrYUcrvnDDE,783.74,778.57,2026-10-09T20:00:00Z,CLOSED,0.664,2201597.44,30154.38,204,1,0
2026-10-11T00:10:03Z,SPY,SPYx,xStocks (Backed),solana,raydium,USDC,7sHMnvE7WqP7vQFWJGEnMT4vZg6Za9K7PpddDoXJCqME,782.8,778.57,2026-10-09T20:00:00Z,CLOSED,0.5433,76655.28,164.12,53,1,0
2026-10-11T00:10:03Z,SPY,SPYx,xStocks (Backed),solana,meteora,SOL,5JWX8pQhJNpFMjPwKhFSSVWRpss4wSyoqgRGnBNJfyuX,780.65,778.57,2026-10-09T20:00:00Z,CLOSED,0.2672,33823.95,4422.51,262,1,0
2026-10-11T00:10:03Z,SPY,SPYx,xStocks (Backed),solana,orca,USDC,gef4pD5g6GJSjX7hfXKUfhCVpE89BzX9TXnXJNW6kSt,783.24,778.57,2026-10-09T20:00:00Z,CLOSED,0.5998,12172.75,1923.8,749,1,0
2026-10-11T00:10:03Z,SPY,SPYx,xStocks (Backed),solana,orca,USDY,DauJvXRsc5YUtabDd2jGTcSvTn63qpmteGcVGkRcjBGa,783.98,778.57,2026-10-09T20:00:00Z,CLOSED,0.6949,5136.78,0.77,1,0,0
2026-10-11T00:10:03Z,SPY,SPYx,xStocks (Backed),solana,pancakeswap,USDC,Ph2aw6fSKja9MT39L27gwJcZi3F8hZL4xMnuVh36h8a,783.15,778.57,2026-10-09T20:00:00Z,CLOSED,0.5883,31402.0,23346.99,1267,1,0
2026-10-11T00:10:03Z,SPY,SPYx,xStocks (Backed),solana,orca,SOL,DAcfUT7Xnfm91xv4YZojgpYirLC3JfDG6PbtNqtaAkTn,789.54,778.57,2026-10-09T20:00:00Z,CLOSED,1.409,35937.54,2819.37,163,1,0
2026-10-11T00:10:03Z,QQQ,QQQx,xStocks (Backed),solana,raydium,USDC,GMjGLWzvK75LPetrgAmdeXnvxc4fUuQPwJxeQqTDU1aG,753.96,751.27,2026-10-09T20:00:00Z,CLOSED,0.3581,2215398.15,49428.86,305,1,0
2026-10-11T00:10:03Z,QQQ,QQQx,xStocks (Backed),solana,raydium,SOL,B6FEtQdwsq8Wuw4G52pW9WEWEA7ALGfyUgXDRKigDSHH,754.77,751.27,2026-10-09T20:00:00Z,CLOSED,0.4659,120260.59,6919.69,187,1,0
2026-10-11T00:10:03Z,QQQ,QQQx,xStocks (Backed),solana,raydium,USDC,FknDV1F5n6QaA7rLmjquDjuU6wcPMNm5RYq7zWbqhpZw,753.88,751.27,2026-10-09T20:00:00Z,CLOSED,0.3474,35213.26,39.05,8,1,0
2026-10-11T00:10:03Z,QQQ,QQQx,xStocks (Backed),solana,raydium,SPYx,FN27PwZpDnSBNZR5vzx6B7waxowV84ZNFQrzgr6XeYbf,754.15,751.27,2026-10-09T20:00:00Z,CLOSED,0.3834,34998.14,516.48,8,0,0
2026-10-11T00:10:03Z,QQQ,QQQx,xStocks (Backed),solana,orca,USDC,3GVB4bXtcrP3MM376mrcJDwfTNThvyorLmVgSTf6kxFt,753.14,751.27,2026-10-09T20:00:00Z,CLOSED,0.2489,14357.54,172.66,21,1,0
2026-10-11T00:10:03Z,QQQ,QQQx,xStocks (Backed),solana,orca,SPYx,7mYFrN2TQtYc2HMZEXuVfWkPu9n5EFfX9Ha59X3n6PWE,754.45,751.27,2026-10-09T20:00:00Z,CLOSED,0.4233,11907.66,1130.15,121,0,0
2026-10-11T00:10:03Z,QQQ,QQQx,xStocks (Backed),solana,pancakeswap,USDC,DLm3szGd5VdiiLXp8i89j95FuUN9KKWtYF7XfmVvLTML,753.89,751.27,2026-10-09T20:00:00Z,CLOSED,0.3487,33735.16,940.69,27,1,0
2026-10-11T00:20:04Z,TSLA,TSLAx,xStocks (Backed),solana,orca,USDC,9p7abUFv31ycgu9kckvnoqMMvBy67dqTDM2m6HP9xokN,381.96,382.7,2026-10-09T20:00:00Z,CLOSED,-0.1934,93433.78,185280.78,5386,1,0
2026-10-11T00:20:04Z,TSLA,TSLAx,xStocks (Backed),solana,raydium,USDC,8aDaBQkTrS6HVMjyc6EZebgdiaXhLYGriDWKWWp1NpFF,382.26,382.7,2026-10-09T20:00:00Z,CLOSED,-0.115,2332820.23,206593.41,2349,1,0
2026-10-11T00:20:04Z,TSLA,TSLAx,xStocks (Backed),solana,raydium,SOL,CKmjDiqBCRqR8xk5FjnFiQXuCFsGchiLv9YwYVnE5RJ8,381.46,382.7,2026-10-09T20:00:00Z,CLOSED,-0.324,98230.58,54868.31,711,1,0
2026-10-11T00:20:04Z,TSLA,TSLAx,xStocks (Backed),solana,raydium,USDC,HHQUnUbmWLrYzkscDY1C3deEFbGtiGBGoHjpANogmvum,382.79,382.7,2026-10-09T20:00:00Z,CLOSED,0.0235,401123.72,3316.36,89,1,0
2026-10-11T00:20:04Z,TSLA,TSLAx,xStocks (Backed),solana,meteora,SOL,CHGfdEfKFYDWGPASCsZnpkDzvpLKNEVoAb4UEorPPkGK,382.35,382.7,2026-10-09T20:00:00Z,CLOSED,-0.0915,10526.1,10830.32,566,1,0
2026-10-11T00:20:04Z,TSLA,TSLAx,xStocks (Backed),solana,orca,SOL,26UY4D6pBHgxYdPWuBP3sfyc4jJf6qQjPDxCJPhtUx3H,377.6,382.7,2026-10-09T20:00:00Z,CLOSED,-1.3326,9568.03,476.61,15,1,0
2026-10-11T00:20:04Z,TSLA,TSLAx,xStocks (Backed),solana,meteora,NVDAx,8is7SBzMYLUTUtVU5H4QEPkgeQP7WaM7rQ6QPxXTa4PB,382.12,382.7,2026-10-09T20:00:00Z,CLOSED,-0.1516,6348.13,163.77,29,0,0
2026-10-11T00:20:04Z,TSLA,TSLAx,xStocks (Backed),solana,pancakeswap,SOL,EYF6xVtA8EGqjFdx5bgc3i6jMmyr8t6rXMTyqbyvKaW3,381.71,382.7,2026-10-09T20:00:00Z,CLOSED,-0.2587,26306.38,3835.72,779,1,0
2026-10-11T00:20:04Z,TSLA,TSLAx,xStocks (Backed),solana,pancakeswap,USDC,2JUpEKcYkSytu3aWk7QzohPNX2hY8shEakEcmn3SgXFD,382.17,382.7,2026-10-09T20:00:00Z,CLOSED,-0.1385,13170.35,2555.9,264,1,0
2026-10-11T00:20:04Z,TSLA,TSLAon,Ondo Global Markets,ethereum,uniswap,USDC,0x31227b50eCCDC9C589826AA2D9E7C5619B1895Da,383.44,382.7,2026-10-09T20:00:00Z,CLOSED,0.1934,81709.63,12701.58,70,1,0
2026-10-11T00:20:04Z,TSLA,TSLAon,Ondo Global Markets,ethereum,0x00a38533c68327aBE0Cc265436e036066E2D6B38,USDC,0x49b7b66457297f9E0E763BBb151B6DB0c149E988,381.9,382.7,2026-10-09T20:00:00Z,CLOSED,-0.209,36286.78,2.19,1,1,0
2026-10-11T00:20:04Z,TSLA,TSLAon,Ondo Global Markets,ethereum,0x00a38533c68327aBE0Cc265436e036066E2D6B38,USDC,0xfd62Ce2489f37B9357CD1Aa66a33351580B33231,382.6,382.7,2026-10-09T20:00:00Z,CLOSED,-0.0261,28715.63,199.13,2,1,0
2026-10-11T00:20:04Z,TSLA,TSLAon,Ondo Global Markets,ethereum,0x00a38533c68327aBE0Cc265436e036066E2D6B38,USDC,0xbcD5a4823C3B3faF81EECEfd3b37E1185419E9Ee,383.17,382.7,2026-10-09T20:00:00Z,CLOSED,0.1228,26849.54,191.58,10,1,0
2026-10-11T00:20:04Z,TSLA,TSLAon,Ondo Global Markets,ethereum,0x00a38533c68327aBE0Cc265436e036066E2D6B38,USDC,0x52757BD6B226b50a75aC4Aec553Db7F338E841A7,376.33,382.7,2026-10-09T20:00:00Z,CLOSED,-1.6645,10304.34,147.17,1,1,0
2026-10-11T00:20:04Z,NVDA,NVDAx,xStocks (Backed),solana,raydium,USDC,49iMatQtoyabsYAQc8GafVq6aeBFVDxSRH44oiatyyw6,230.89,229.28,2026-10-09T20:00:00Z,CLOSED,0.7022,3294120.55,1127198.07,14010,1,0
2026-10-11T00:20:04Z,NVDA,NVDAx,xStocks (Backed),solana,orca,USDC,6R4r93V5fcMzc13CL2enEepDSYcr4Qx3ptZBDwudTXCo,230.83,229.28,2026-10-09T20:00:00Z,CLOSED,0.676,476734.65,1124202.64,9347,1,0
2026-10-11T00:20:04Z,NVDA,NVDAx,xStocks (Backed),solana,raydium,SOL,38rXq2BuwdNcfnwydw6S2srpNK9N4gVzf39f69suPMsF,230.39,229.28,2026-10-09T20:00:00Z,CLOSED,0.4841,285927.12,274284.77,3349,1,0
2026-10-11T00:20:04Z,NVDA,NVDAx,xStocks (Backed),solana,meteora,SOL,FCn5zw4gAcfRpQgst5ThFuzBGXbbJ6RocVErgC4vJ9j1,231.1,229.28,2026-10-09T20:00:00Z,CLOSED,0.7938,181676.08,434053.27,1718,1,0
2026-10-11T00:20:04Z,NVDA,NVDAx,xStocks (Backed),solana,orca,SOL,8Vy5Rjb9vg5nLb8L1r4Di8p9py5BTkp8UJSMHG8AD2zs,230.98,229.28,2026-10-09T20:00:00Z,CLOSED,0.7415,78299.29,109855.08,1984,1,0
2026-10-11T00:20:04Z,NVDA,NVDAx,xStocks (Backed),solana,raydium,USDC,4KqQN6u1pFKroFE2jVEhoepAMRKPcuAzWVDCgm9zRBYN,230.65,229.28,2026-10-09T20:00:00Z,CLOSED,0.5975,118549.58,886.54,15,1,0
2026-10-11T00:20:04Z,NVDA,NVDAx,xStocks (Backed),solana,meteora,USDC,8Xx3VeN92DsZksHs2nXMiJUcR5JBofqmbXqacoeUTj2g,230.99,229.28,2026-10-09T20:00:00Z,CLOSED,0.7458,10816.71,743.14,276,1,0
2026-10-11T00:20:04Z,NVDA,NVDAon,Ondo Global Markets,ethereum,uniswap,USDC,0xc9b4bC7C15423FCFe6B75aB5118bA773945A3A46,230.49,229.28,2026-10-09T20:00:00Z,CLOSED,0.5277,306940.79,63143.03,402,1,0
2026-10-11T00:20:04Z,NVDA,NVDAon,Ondo Global Markets,ethereum,uniswap,USDC,0xa9a6651fba74df1aab94065ffaabe750d6ed835b94a9e28925ec79beec2d5f73,230.16,229.28,2026-10-09T20:00:00Z,CLOSED,0.3838,26303.1,2833.07,39,1,0
2026-10-11T00:20:04Z,NVDA,NVDAon,Ondo Global Markets,ethereum,uniswap,USDC,0xf5294094BCe435bFbd0eC488be5C462aAF32Bc7A,231.16,229.28,2026-10-09T20:00:00Z,CLOSED,0.82,13767.9,37.91,1,1,0
2026-10-11T00:20:04Z,NVDA,NVDAon,Ondo Global Markets,ethereum,uniswap,ZIK,0xeb35140d8090c35e75cdb8971f45eb2a1c553ec381ba361e89473f2ee292db39,232.12,229.28,2026-10-09T20:00:00Z,CLOSED,1.2387,8153.01,28.4,2,0,0
2026-10-11T00:20:04Z,NVDA,NVDAon,Ondo Global Markets,ethereum,uniswap,ZIK,0xeA0F5b999C66214De7300c5910171A356fdfb3d0,231.082,229.28,2026-10-09T20:00:00Z,CLOSED,0.7859,7492.97,1.22,1,0,0
2026-10-11T00:20:04Z,NVDA,NVDAon,Ondo Global Markets,bsc,pancakeswap,USDT,0xB90BDBFBdfFd4Af5a636b5805539eDeafb969308,231.83,229.28,2026-10-09T20:00:00Z,CLOSED,1.1122,9648.58,27.12,15,1,0
2026-10-11T00:20:04Z,AAPL,AAPLx,xStocks (Backed),solana,raydium,USDC,CKwJZwm7oj3nu4653N1EpDrqXbXAYXoPFiPeEnLouF8y,337.29,336.64,2026-10-09T20:00:00Z,CLOSED,0.1931,337659.64,34502.63,649,1,0
2026-10-11T00:20:04Z,AAPL,AAPLx,xStocks (Backed),solana,orca,SOL,5VgwxAPD37EHPqtW6v6gWq2bznPDqvpaGDuJoyGm6aJG,336.69,336.64,2026-10-09T20:00:00Z,CLOSED,0.0149,25262.68,1435.42,75,1,0
2026-10-11T00:20:04Z,AAPL,AAPLx,xStocks (Backed),solana,orca,USDC,CNsYTuhHBkLQmoWtdoQxqkNxtyhXYvWvQJqzmG2evNEa,336.89,336.64,2026-10-09T20:00:00Z,CLOSED,0.0743,21094.09,2583.67,42,1,0
2026-10-11T00:20:04Z,AAPL,AAPLx,xStocks (Backed),solana,meteora,SOL,3oJpVmbKATLWbKg4G3o1VBfDSMXQJwMv9VqgnS7yXf4R,338.53,336.64,2026-10-09T20:00:00Z,CLOSED,0.5614,10643.83,1171.78,32,1,0
2026-10-11T00:20:04Z,AAPL,AAPLx,xStocks (Backed),solana,orca,SOL,HQijmgUPWBCYyvjBCymBVS9MZbJPmdJuvQXSfFtTZRz5,337.33,336.64,2026-10-09T20:00:00Z,CLOSED,0.205,7583.58,3466.73,176,1,0
2026-10-11T00:20:04Z,AAPL,AAPLx,xStocks (Backed),solana,raydium,SOL,EUnoAwXybSenwkvQ3Qp4aWQxmw2AZrVCbAn6Sztjhbjo,337.62,336.64,2026-10-09T20:00:00Z,CLOSED,0.2911,5810.66,355.11,17,1,0
2026-10-11T00:20:04Z,AAPL,AAPLx,xStocks (Backed),solana,raydium,USDC,ApniVWuZbZoruTAJdyJcLBA4AVw4DKGdV5fHxo6qrAZT,337.13,336.64,2026-10-09T20:00:00Z,CLOSED,0.1456,254495.94,17229.23,708,1,0
2026-10-11T00:20:04Z,AAPL,AAPLon,Ondo Global Markets,ethereum,uniswap,USDC,0xad82C9EB065a5CFed71DB087e4a52C8a09c69921,336.096,336.64,2026-10-09T20:00:00Z,CLOSED,-0.1616,41622.84,630.24,6,1,0
2026-10-11T00:20:04Z,AAPL,AAPLon,Ondo Global Markets,ethereum,0x00a38533c68327aBE0Cc265436e036066E2D6B38,USDC,0x0d3A432237328D279EcD4A3ED5F462C2A84d8017,337.12,336.64,2026-10-09T20:00:00Z,CLOSED,0.1426,15418.6,77.13,2,1,0
2026-10-11T00:20:04Z,AAPL,AAPLon,Ondo Global Markets,bsc,pancakeswap,ASX,0x061306dF92c6a0538154A40F060573Be638B1066,338.87,336.64,2026-10-09T20:00:00Z,CLOSED,0.6624,8191.27,2.5,3,0,0
2026-10-11T00:20:04Z,MSFT,MSFTon,Ondo Global Markets,ethereum,uniswap,USDC,0xb97c30485cfdb895a811331e2a3aab1233a5bf8ff27b6be149edbdc7e9a37333,521.8,535.07,2026-10-09T20:00:01Z,CLOSED,-2.48,9901.66,173.63,1,1,0
2026-10-11T00:20:04Z,AMZN,AMZNx,xStocks (Backed),solana,raydium,USDC,6m5aXAve4uh6Kt4ytKyCLWNMjd8PYP5vujwNCtycrUiD,262.21,262.43,2026-10-09T20:00:01Z,CLOSED,-0.0838,403716.96,80127.13,477,1,0
2026-10-11T00:20:04Z,AMZN,AMZNx,xStocks (Backed),solana,raydium,SOL,HWZk6MfN28mYqDN1igNETjN2kueEryL33oVgt92Wkv6N,262.17,262.43,2026-10-09T20:00:01Z,CLOSED,-0.0991,28871.32,8522.69,214,1,0
2026-10-11T00:20:04Z,AMZN,AMZNx,xStocks (Backed),solana,meteora,SOL,DXAbc6Q3BzfnWbJKVdVyEdLfvMprMNtxb8iz36W2ttZj,262.62,262.43,2026-10-09T20:00:01Z,CLOSED,0.0724,6721.91,309.39,64,1,0
2026-10-11T00:20:04Z,AMZN,AMZNon,Ondo Global Markets,bsc,pancakeswap,WBNB,0x8617Ba6DEEE616694601ADc41Ab7ffE0e610907E,261.024,262.43,2026-10-09T20:00:01Z,CLOSED,-0.5358,6523.43,44.21,21,1,0
2026-10-11T00:20:04Z,GOOGL,GOOGLx,xStocks (Backed),solana,raydium,USDC,B8YAwjGYk6qidWzGBXMAxP7nYfG8g74EZ3Y4gFSsobRw,352.5,351.66,2026-10-09T20:00:00Z,CLOSED,0.2389,1665925.55,532483.53,10058,1,0
2026-10-11T00:20:04Z,GOOGL,GOOGLx,xStocks (Backed),solana,orca,USDC,GxgCVoHKS4yWz2DqYML2vgXDLVHCwGSy76MMjbKejnZk,351.91,351.66,2026-10-09T20:00:00Z,CLOSED,0.0711,72301.25,645652.23,8119,1,0
2026-10-11T00:20:04Z,GOOGL,GOOGLx,xStocks (Backed),solana,meteora,SOL,CmcVVxuMMCdsevwThLwU4PdESB5NxiZJU4mGrxB6QDE4,352.28,351.66,2026-10-09T20:00:00Z,CLOSED,0.1763,151892.48,151817.36,2682,1,0
2026-10-11T00:20:04Z,GOOGL,GOOGLx,xStocks (Backed),solana,raydium,SOL,3P1PwneDrKfyUVQstaqAQDBWnK2Mcqi1xZ9nteMhDbSB,353.72,351.66,2026-10-09T20:00:00Z,CLOSED,0.5858,123569.06,27054.63,533,1,0
2026-10-11T00:20:04Z,GOOGL,GOOGLx,xStocks (Backed),solana,orca,USDC,Bd8GgEYaHi3zkyjr5ojQKXA82wYqGpB3suV9PQJ8kJ1b,351.69,351.66,2026-10-09T20:00:00Z,CLOSED,0.0085,56460.17,7495.63,136,1,0
2026-10-11T00:20:04Z,GOOGL,GOOGLx,xStocks (Backed),solana,orca,SOL,Bh3njVo6i3UjgmaevEQMGoidphcueNjoPqGkYLbthzV5,352.31,351.66,2026-10-09T20:00:00Z,CLOSED,0.1848,18451.32,24159.25,917,1,0
2026-10-11T00:20:04Z,GOOGL,GOOGLx,xStocks (Backed),solana,orca,USDC,FaGxc8NXSXBrT6idTxjw3o8et4MmFjxRMQvVF7ChsgZV,351.73,351.66,2026-10-09T20:00:00Z,CLOSED,0.0199,5469.13,16.87,6,1,0
2026-10-11T00:20:04Z,GOOGL,GOOGLx,xStocks (Backed),solana,raydium,USDC,9sw1NZjXFsy5GKkqMpQWV7wopGgMcdkanDqg3f15zQZv,352.094,351.66,2026-10-09T20:00:00Z,CLOSED,0.1234,65884.84,25007.02,519,1,0
2026-10-11T00:20:04Z,GOOGL,GOOGLon,Ondo Global Markets,ethereum,uniswap,USDC,0x39FCB1935f6Ccb0A106D05eB928205C59646af57,351.034,351.66,2026-10-09T20:00:00Z,CLOSED,-0.178,54017.7,951.49,2,1,0
2026-10-11T00:20:04Z,META,METAx,xStocks (Backed),solana,raydium,USDC,3L7KbPVaAQA4UTecaGQYsm6UCq5F3sZM9zAYkxqYt63j,720.78,718.67,2026-10-09T20:00:01Z,CLOSED,0.2936,820102.12,86847.46,1748,1,0
2026-10-11T00:20:04Z,META,METAx,xStocks (Backed),solana,orca,USDC,59qH56HhMXrXiCMWH46NZ5M3SWhyzVzZnvMP2R27aR7Z,719.93,718.67,2026-10-09T20:00:01Z,CLOSED,0.1753,74864.81,1952.6,108,1,0
2026-10-11T00:20:04Z,META,METAx,xStocks (Backed),solana,meteora,SOL,DUKmnaXkB6AoYBUkeeb25Arfq4oeK4XPf4gkYe7evwkh,718.78,718.67,2026-10-09T20:00:01Z,CLOSED,0.0153,16943.79,2711.57,101,1,0
2026-10-11T00:20:04Z,META,METAx,xStocks (Backed),solana,raydium,SOL,BE9uiVCxUovYpgA6ard68QRRzo3sCneAkhUtSgy8AjVW,719.7,718.67,2026-10-09T20:00:01Z,CLOSED,0.1433,41206.41,28955.77,847,1,0
2026-10-11T00:20:04Z,META,METAx,xStocks (Backed),solana,raydium,USDC,DpzGDvRfwDk4xfydfjRoSeE9fm1mQnTd3zQaSKhw1oE6,720.71,718.67,2026-10-09T20:00:01Z,CLOSED,0.2839,44466.02,11592.01,258,1,0
2026-10-11T00:20:04Z,META,METAx,xStocks (Backed),solana,meteora,USDC,D8pGWVN3vWeyexBtMZjyyPbcLhM1oeTEMibE9h3nNRYL,719.95,718.67,2026-10-09T20:00:01Z,CLOSED,0.1781,17365.32,12285.94,670,1,0
2026-10-11T00:20:04Z,MSTR,MSTRx,xStocks (Backed),solana,raydium,SOL,2ngTuP7xA581dqX9uJkGRqxmKuehY3k4SDfPebeoRG2J,155.78,154.34,2026-10-09T20:00:01Z,CLOSED,0.933,829366.9,142722.96,1190,1,0
2026-10-11T00:20:04Z,MSTR,MSTRx,xStocks (Backed),solana,raydium,USDC,RyhF4cksVZY7vcqJpoytHcxcGNKRp27PEGhSnEPpbGv,155.58,154.34,2026-10-09T20:00:01Z,CLOSED,0.8034,830092.44,67860.12,271,1,0
2026-10-11T00:20:04Z,MSTR,MSTRx,xStocks (Backed),solana,raydium,cbBTC,CJJV5dsFXcSoKvjmurS1nfBioH3KcTkP1s23SgQz1Jrs,155.67,154.34,2026-10-09T20:00:01Z,CLOSED,0.8617,47069.28,5592.84,56,0,0
2026-10-11T00:20:04Z,MSTR,MSTRx,xStocks (Backed),solana,orca,USDC,CHSijZ92W1A5z93WzGjvBygtxN2LWgAt58uejMDmFVpY,155.23,154.34,2026-10-09T20:00:01Z,CLOSED,0.5766,38062.85,120.09,28,1,0
2026-10-11T00:20:04Z,MSTR,MSTRx,xStocks (Backed),solana,orca,SOL,HzyHKnwmRnnu3yZKzvqfhm2VeWo8V4qWtyNVGVLXrcjC,155.45,154.34,2026-10-09T20:00:01Z,CLOSED,0.7192,29917.73,341.67,16,1,0
2026-10-11T00:20:04Z,MSTR,MSTRx,xStocks (Backed),solana,orca,USDC,BCvzjDbADhnT3K35kc5TSeMAafNgu9KZVywUq9zWH2mA,155.38,154.34,2026-10-09T20:00:01Z,CLOSED,0.6738,5756.07,999.73,421,1,0
2026-10-11T00:20:04Z,MSTR,MSTRx,xStocks (Backed),solana,meteora,SOL,8yvEgE72BvZs86ZRr9j6ZHgn1zgVpBz2gTmwq7tMcgyH,155.47,154.34,2026-10-09T20:00:01Z,CLOSED,0.7321,7266.11,473.42,92,1,0
2026-10-11T00:20:04Z,MSTR,MSTRx,xStocks (Backed),solana,meteora,CRCLx,ExwtCL871L2QhHw7EikDPBHfoEHzadxcepdw1Fs3ofoR,155.42,154.34,2026-10-09T20:00:01Z,CLOSED,0.6998,8069.19,451.42,36,0,0
2026-10-11T00:20:04Z,COIN,COINx,xStocks (Backed),solana,raydium,USDC,w7SGmPeXoMCsjvXqgsAmUn56uypyDsjAtsxeVkaiqxa,180.72,179.39,2026-10-09T20:00:01Z,CLOSED,0.7414,1500938.95,21576.25,348,1,0
2026-10-11T00:20:04Z,COIN,COINx,xStocks (Backed),solana,raydium,SOL,9NJ7rtJzEnfwvoM6HyB2v6YHcsfS6ZY9DFGprphVX6W,181.25,179.39,2026-10-09T20:00:01Z,CLOSED,1.0368,121050.73,4538.59,80,1,0
2026-10-11T00:20:04Z,COIN,COINx,xStocks (Backed),solana,orca,USDC,7ouGUDRMy4C9RJpTgPizRyfcxyJusAEe9ZbjqYv7BSqe,180.65,179.39,2026-10-09T20:00:01Z,CLOSED,0.7024,29733.18,5945.55,186,1,0
2026-10-11T00:20:04Z,COIN,COINx,xStocks (Backed),solana,orca,SOL,A4D97SV1dfCffDo58FEJtZoYycqVTaGVZiDdLiZffDNK,180.9,179.39,2026-10-09T20:00:01Z,CLOSED,0.8417,25367.38,3742.47,218,1,0
2026-10-11T00:20:04Z,COIN,COINx,xStocks (Backed),solana,orca,CRCLx,FP4TT9AEqR8GcdWYEv2Jp3Vee9QvGWaCmFuaqAP2wjxL,180.74,179.39,2026-10-09T20:00:01Z,CLOSED,0.7526,8028.74,3.45,9,0,0
2026-10-11T00:20:04Z,HOOD,HOODx,xStocks (Backed),solana,raydium,USDC,DXWbip5LducMAbDSSpLYz9Xik3253EPeAYQufQtx7LXs,108.7,109.02,2026-10-09T20:00:01Z,CLOSED,-0.2935,1431727.52,667.16,26,1,0
2026-10-11T00:20:04Z,HOOD,HOODx,xStocks (Backed),solana,orca,USDC,48dhPm83sXfnRMxKRfv2YuE45DPqrhwPMvGrnTLufvFf,109.19,109.02,2026-10-09T20:00:01Z,CLOSED,0.1559,83318.97,10635.33,136,1,0
2026-10-11T00:20:04Z,HOOD,HOODx,xStocks (Backed),solana,raydium,SOL,DznDQ6YVmgtZAvwZ4ui6k9MNun9uaozyVFFsiAeAs9f,109.88,109.02,2026-10-09T20:00:01Z,CLOSED,0.7888,47028.63,229.53,12,1,0
2026-10-11T00:20:04Z,HOOD,HOODx,xStocks (Backed),solana,meteora,SOL,DQ8fjmP2haYxyyJRU99aCaHznK1GSihYyBRZxfP9sfbU,109.47,109.02,2026-10-09T20:00:01Z,CLOSED,0.4128,6470.51,2527.02,139,1,0
2026-10-11T00:20:04Z,CRCL,CRCLon,Ondo Global Markets,ethereum,0x00a38533c68327aBE0Cc265436e036066E2D6B38,USDC,0xb91e13F4c93De2F7F007Fa0407EC4226f03B408F,84.75,84.51,2026-10-09T20:00:02Z,CLOSED,0.284,9947.11,130.9,1,1,0
2026-10-11T00:20:04Z,SPY,SPYx,xStocks (Backed),solana,raydium,USDC,4pCZCVEiYyT4efNdXUdL2tJF8VGMgiMXrZWq6FiNXhRw,783.2,778.57,2026-10-09T20:00:00Z,CLOSED,0.5947,522698.57,844927.6,4196,1,0
2026-10-11T00:20:04Z,SPY,SPYx,xStocks (Backed),solana,raydium,SOL,BS9uyGV6XmNnPkM4f3xgxCdQEaFv7RSKs6fwrpvYHxfL,781.84,778.57,2026-10-09T20:00:00Z,CLOSED,0.42,1036670.56,183841.38,1205,1,0
2026-10-11T00:20:04Z,SPY,SPYx,xStocks (Backed),solana,orca,USDC,Fae5dWVntUt6zbWu2voXxioDpMii7SqQwtsxBmoVCsHR,783.26,778.57,2026-10-09T20:00:00Z,CLOSED,0.6024,319708.51,19893.61,365,1,0
2026-10-11T00:20:04Z,SPY,SPYx,xStocks (Backed),solana,raydium,USDC,6truu3rZuiB9rKQg4VYC3Dt3QwV7DgwGqXrYUcrvnDDE,783.74,778.57,2026-10-09T20:00:00Z,CLOSED,0.664,2201597.23,29553.73,200,1,0
2026-10-11T00:20:04Z,SPY,SPYx,xStocks (Backed),solana,raydium,USDC,7sHMnvE7WqP7vQFWJGEnMT4vZg6Za9K7PpddDoXJCqME,782.8,778.57,2026-10-09T20:00:00Z,CLOSED,0.5433,76655.28,164.12,53,1,0
2026-10-11T00:20:04Z,SPY,SPYx,xStocks (Backed),solana,meteora,SOL,5JWX8pQhJNpFMjPwKhFSSVWRpss4wSyoqgRGnBNJfyuX,780.65,778.57,2026-10-09T20:00:00Z,CLOSED,0.2672,33823.95,4422.51,262,1,0
2026-10-11T00:20:04Z,SPY,SPYx,xStocks (Backed),solana,orca,USDC,gef4pD5g6GJSjX7hfXKUfhCVpE89BzX9TXnXJNW6kSt,783.24,778.57,2026-10-09T20:00:00Z,CLOSED,0.5998,12172.75,1924.4,755,1,0
2026-10-11T00:20:04Z,SPY,SPYx,xStocks (Backed),solana,orca,USDY,DauJvXRsc5YUtabDd2jGTcSvTn63qpmteGcVGkRcjBGa,783.98,778.57,2026-10-09T20:00:00Z,CLOSED,0.6949,5136.78,0.77,1,0,0
2026-10-11T00:20:04Z,SPY,SPYx,xStocks (Backed),solana,pancakeswap,USDC,Ph2aw6fSKja9MT39L27gwJcZi3F8hZL4xMnuVh36h8a,783.16,778.57,2026-10-09T20:00:00Z,CLOSED,0.5895,31402.1,23354.53,1273,1,0
2026-10-11T00:20:04Z,SPY,SPYx,xStocks (Backed),solana,orca,SOL,DAcfUT7Xnfm91xv4YZojgpYirLC3JfDG6PbtNqtaAkTn,789.54,778.57,2026-10-09T20:00:00Z,CLOSED,1.409,35937.54,2819.37,163,1,0
2026-10-11T00:20:04Z,QQQ,QQQx,xStocks (Backed),solana,raydium,USDC,GMjGLWzvK75LPetrgAmdeXnvxc4fUuQPwJxeQqTDU1aG,753.96,751.27,2026-10-09T20:00:00Z,CLOSED,0.3581,2215398.15,37705.93,228,1,0
2026-10-11T00:20:04Z,QQQ,QQQx,xStocks (Backed),solana,raydium,SOL,B6FEtQdwsq8Wuw4G52pW9WEWEA7ALGfyUgXDRKigDSHH,754.77,751.27,2026-10-09T20:00:00Z,CLOSED,0.4659,120260.59,6737.44,186,1,0
2026-10-11T00:20:04Z,QQQ,QQQx,xStocks (Backed),solana,raydium,USDC,FknDV1F5n6QaA7rLmjquDjuU6wcPMNm5RYq7zWbqhpZw,753.88,751.27,2026-10-09T20:00:00Z,CLOSED,0.3474,35213.26,39.05,8,1,0
2026-10-11T00:20:04Z,QQQ,QQQx,xStocks (Backed),solana,raydium,SPYx,FN27PwZpDnSBNZR5vzx6B7waxowV84ZNFQrzgr6XeYbf,754.15,751.27,2026-10-09T20:00:00Z,CLOSED,0.3834,34998.14,516.48,8,0,0
2026-10-11T00:20:04Z,QQQ,QQQx,xStocks (Backed),solana,orca,USDC,3GVB4bXtcrP3MM376mrcJDwfTNThvyorLmVgSTf6kxFt,753.14,751.27,2026-10-09T20:00:00Z,CLOSED,0.2489,14357.54,119.27,20,1,0
2026-10-11T00:20:04Z,QQQ,QQQx,xStocks (Backed),solana,orca,SPYx,7mYFrN2TQtYc2HMZEXuVfWkPu9n5EFfX9Ha59X3n6PWE,754.45,751.27,2026-10-09T20:00:00Z,CLOSED,0.4233,11907.66,1130.15,121,0,0
2026-10-11T00:20:04Z,QQQ,QQQx,xStocks (Backed),solana,pancakeswap,USDC,DLm3szGd5VdiiLXp8i89j95FuUN9KKWtYF7XfmVvLTML,753.89,751.27,2026-10-09T20:00:00Z,CLOSED,0.3487,33735.16,940.69,27,1,0
2026-10-11T00:30:03Z,TSLA,TSLAx,xStocks (Backed),solana,orca,USDC,9p7abUFv31ycgu9kckvnoqMMvBy67dqTDM2m6HP9xokN,381.96,382.7,2026-10-09T20:00:00Z,CLOSED,-0.1934,93432.24,185141.34,5382,1,0
2026-10-11T00:30:03Z,TSLA,TSLAx,xStocks (Backed),solana,raydium,USDC,8aDaBQkTrS6HVMjyc6EZebgdiaXhLYGriDWKWWp1NpFF,382.13,382.7,2026-10-09T20:00:00Z,CLOSED,-0.1489,2332391.34,208400.58,2356,1,0
2026-10-11T00:30:03Z,TSLA,TSLAx,xStocks (Backed),solana,raydium,SOL,CKmjDiqBCRqR8xk5FjnFiQXuCFsGchiLv9YwYVnE5RJ8,381.13,382.7,2026-10-09T20:00:00Z,CLOSED,-0.4102,98126.92,55038.56,716,1,0
2026-10-11T00:30:03Z,TSLA,TSLAx,xStocks (Backed),solana,raydium,USDC,HHQUnUbmWLrYzkscDY1C3deEFbGtiGBGoHjpANogmvum,382.79,382.7,2026-10-09T20:00:00Z,CLOSED,0.0235,401123.72,3316.36,89,1,0
2026-10-11T00:30:03Z,TSLA,TSLAx,xStocks (Backed),solana,meteora,SOL,CHGfdEfKFYDWGPASCsZnpkDzvpLKNEVoAb4UEorPPkGK,383.017,382.7,2026-10-09T20:00:00Z,CLOSED,0.0828,10530.8,10829.08,566,1,0
2026-10-11T00:30:03Z,TSLA,TSLAx,xStocks (Backed),solana,orca,SOL,26UY4D6pBHgxYdPWuBP3sfyc4jJf6qQjPDxCJPhtUx3H,377.6,382.7,2026-10-09T20:00:00Z,CLOSED,-1.3326,9568.03,476.61,15,1,0
2026-10-11T00:30:03Z,TSLA,TSLAx,xStocks (Backed),solana,meteora,NVDAx,8is7SBzMYLUTUtVU5H4QEPkgeQP7WaM7rQ6QPxXTa4PB,382.12,382.7,2026-10-09T20:00:00Z,CLOSED,-0.1516,6348.13,163.77,29,0,0
2026-10-11T00:30:03Z,TSLA,TSLAx,xStocks (Backed),solana,pancakeswap,SOL,EYF6xVtA8EGqjFdx5bgc3i6jMmyr8t6rXMTyqbyvKaW3,381.44,382.7,2026-10-09T20:00:00Z,CLOSED,-0.3292,26278.55,3853.85,784,1,0
2026-10-11T00:30:03Z,TSLA,TSLAx,xStocks (Backed),solana,pancakeswap,USDC,2JUpEKcYkSytu3aWk7QzohPNX2hY8shEakEcmn3SgXFD,382.17,382.7,2026-10-09T20:00:00Z,CLOSED,-0.1385,13170.36,2556.04,265,1,0
2026-10-11T00:30:03Z,TSLA,TSLAon,Ondo Global Markets,ethereum,uniswap,USDC,0x31227b50eCCDC9C589826AA2D9E7C5619B1895Da,383.44,382.7,2026-10-09T20:00:00Z,CLOSED,0.1934,81709.63,12484.35,68,1,0
2026-10-11T00:30:03Z,TSLA,TSLAon,Ondo Global Markets,ethereum,0x00a38533c68327aBE0Cc265436e036066E2D6B38,USDC,0x49b7b66457297f9E0E763BBb151B6DB0c149E988,381.9,382.7,2026-10-09T20:00:00Z,CLOSED,-0.209,36286.78,2.19,1,1,0
2026-10-11T00:30:03Z,TSLA,TSLAon,Ondo Global Markets,ethereum,0x00a38533c68327aBE0Cc265436e036066E2D6B38,USDC,0xfd62Ce2489f37B9357CD1Aa66a33351580B33231,382.6,382.7,2026-10-09T20:00:00Z,CLOSED,-0.0261,28715.63,199.13,2,1,0
2026-10-11T00:30:03Z,TSLA,TSLAon,Ondo Global Markets,ethereum,0x00a38533c68327aBE0Cc265436e036066E2D6B38,USDC,0xbcD5a4823C3B3faF81EECEfd3b37E1185419E9Ee,383.17,382.7,2026-10-09T20:00:00Z,CLOSED,0.1228,26849.54,191.58,10,1,0
2026-10-11T00:30:03Z,TSLA,TSLAon,Ondo Global Markets,ethereum,0x00a38533c68327aBE0Cc265436e036066E2D6B38,USDC,0x52757BD6B226b50a75aC4Aec553Db7F338E841A7,376.33,382.7,2026-10-09T20:00:00Z,CLOSED,-1.6645,10304.34,147.17,1,1,0
2026-10-11T00:30:03Z,NVDA,NVDAx,xStocks (Backed),solana,raydium,USDC,49iMatQtoyabsYAQc8GafVq6aeBFVDxSRH44oiatyyw6,230.88,229.28,2026-10-09T20:00:00Z,CLOSED,0.6978,3294096.75,1132315.71,14096,1,0
2026-10-11T00:30:03Z,NVDA,NVDAx,xStocks (Backed),solana,orca,USDC,6R4r93V5fcMzc13CL2enEepDSYcr4Qx3ptZBDwudTXCo,230.79,229.28,2026-10-09T20:00:00Z,CLOSED,0.6586,476696.13,1122190.59,9456,1,0
2026-10-11T00:30:03Z,NVDA,NVDAx,xStocks (Backed),solana,raydium,SOL,38rXq2BuwdNcfnwydw6S2srpNK9N4gVzf39f69suPMsF,230.27,229.28,2026-10-09T20:00:00Z,CLOSED,0.4318,285659.64,278387.88,3465,1,0
2026-10-11T00:30:03Z,NVDA,NVDAx,xStocks (Backed),solana,meteora,SOL,FCn5zw4gAcfRpQgst5ThFuzBGXbbJ6RocVErgC4vJ9j1,230.8,229.28,2026-10-09T20:00:00Z,CLOSED,0.6629,181446.03,442586.91,1760,1,0
2026-10-11T00:30:03Z,NVDA,NVDAx,xStocks (Backed),solana,orca,SOL,8Vy5Rjb9vg5nLb8L1r4Di8p9py5BTkp8UJSMHG8AD2zs,230.85,229.28,2026-10-09T20:00:00Z,CLOSED,0.6848,78223.69,111705.03,2023,1,0
2026-10-11T00:30:03Z,NVDA,NVDAx,xStocks (Backed),solana,raydium,USDC,4KqQN6u1pFKroFE2jVEhoepAMRKPcuAzWVDCgm9zRBYN,230.6,229.28,2026-10-09T20:00:00Z,CLOSED,0.5757,118542.7,958.44,17,1,0
2026-10-11T00:30:03Z,NVDA,NVDAx,xStocks (Backed),solana,meteora,USDC,8Xx3VeN92DsZksHs2nXMiJUcR5JBofqmbXqacoeUTj2g,230.91,229.28,2026-10-09T20:00:00Z,CLOSED,0.7109,10812.86,822.32,282,1,0
2026-10-11T00:30:03Z,NVDA,NVDAon,Ondo Global Markets,ethereum,uniswap,USDC,0xc9b4bC7C15423FCFe6B75aB5118bA773945A3A46,230.49,229.28,2026-10-09T20:00:00Z,CLOSED,0.5277,306940.79,58793.22,360,1,0
2026-10-11T00:30:03Z,NVDA,NVDAon,Ondo Global Markets,ethereum,uniswap,USDC,0xa9a6651fba74df1aab94065ffaabe750d6ed835b94a9e28925ec79beec2d5f73,230.16,229.28,2026-10-09T20:00:00Z,CLOSED,0.3838,26303.1,2617.4,36,1,0
2026-10-11T00:30:03Z,NVDA,NVDAon,Ondo Global Markets,ethereum,uniswap,USDC,0xf5294094BCe435bFbd0eC488be5C462aAF32Bc7A,231.16,229.28,2026-10-09T20:00:00Z,CLOSED,0.82,13767.9,37.91,1,1,0
2026-10-11T00:30:03Z,NVDA,NVDAon,Ondo Global Markets,ethereum,uniswap,ZIK,0xeb35140d8090c35e75cdb8971f45eb2a1c553ec381ba361e89473f2ee292db39,232.12,229.28,2026-10-09T20:00:00Z,CLOSED,1.2387,8153.01,0.0,1,0,0
2026-10-11T00:30:03Z,NVDA,NVDAon,Ondo Global Markets,ethereum,uniswap,ZIK,0xeA0F5b999C66214De7300c5910171A356fdfb3d0,231.082,229.28,2026-10-09T20:00:00Z,CLOSED,0.7859,7492.97,1.22,1,0,0
2026-10-11T00:30:03Z,NVDA,NVDAon,Ondo Global Markets,bsc,pancakeswap,USDT,0xB90BDBFBdfFd4Af5a636b5805539eDeafb969308,231.83,229.28,2026-10-09T20:00:00Z,CLOSED,1.1122,9648.58,27.12,15,1,0
2026-10-11T00:30:03Z,AAPL,AAPLx,xStocks (Backed),solana,raydium,USDC,CKwJZwm7oj3nu4653N1EpDrqXbXAYXoPFiPeEnLouF8y,337.29,336.64,2026-10-09T20:00:00Z,CLOSED,0.1931,337659.64,34502.63,649,1,0
2026-10-11T00:30:03Z,AAPL,AAPLx,xStocks (Backed),solana,orca,SOL,5VgwxAPD37EHPqtW6v6gWq2bznPDqvpaGDuJoyGm6aJG,336.69,336.64,2026-10-09T20:00:00Z,CLOSED,0.0149,25262.68,1435.42,75,1,0
2026-10-11T00:30:03Z,AAPL,AAPLx,xStocks (Backed),solana,orca,USDC,CNsYTuhHBkLQmoWtdoQxqkNxtyhXYvWvQJqzmG2evNEa,336.89,336.64,2026-10-09T20:00:00Z,CLOSED,0.0743,21094.09,2583.67,42,1,0
2026-10-11T00:30:03Z,AAPL,AAPLx,xStocks (Backed),solana,meteora,SOL,3oJpVmbKATLWbKg4G3o1VBfDSMXQJwMv9VqgnS7yXf4R,335.4,336.64,2026-10-09T20:00:00Z,CLOSED,-0.3683,10438.58,1173.77,33,1,0
2026-10-11T00:30:03Z,AAPL,AAPLx,xStocks (Backed),solana,orca,SOL,HQijmgUPWBCYyvjBCymBVS9MZbJPmdJuvQXSfFtTZRz5,336.92,336.64,2026-10-09T20:00:00Z,CLOSED,0.0832,7574.08,3470.43,186,1,0
2026-10-11T00:30:03Z,AAPL,AAPLx,xStocks (Backed),solana,raydium,SOL,EUnoAwXybSenwkvQ3Qp4aWQxmw2AZrVCbAn6Sztjhbjo,337.62,336.64,2026-10-09T20:00:00Z,CLOSED,0.2911,5810.66,355.11,17,1,0
2026-10-11T00:30:03Z,AAPL,AAPLx,xStocks (Backed),solana,raydium,USDC,ApniVWuZbZoruTAJdyJcLBA4AVw4DKGdV5fHxo6qrAZT,337.046,336.64,2026-10-09T20:00:00Z,CLOSED,0.1206,254466.6,17320.35,741,1,0
2026-10-11T00:30:03Z,AAPL,AAPLon,Ondo Global Markets,ethereum,uniswap,USDC,0xad82C9EB065a5CFed71DB087e4a52C8a09c69921,336.096,336.64,2026-10-09T20:00:00Z,CLOSED,-0.1616,41622.84,630.24,6,1,0
2026-10-11T00:30:03Z,AAPL,AAPLon,Ondo Global Markets,ethereum,0x00a38533c68327aBE0Cc265436e036066E2D6B38,USDC,0x0d3A432237328D279EcD4A3ED5F462C2A84d8017,337.12,336.64,2026-10-09T20:00:00Z,CLOSED,0.1426,15418.6,77.13,2,1,0
2026-10-11T00:30:03Z,AAPL,AAPLon,Ondo Global Markets,bsc,pancakeswap,ASX,0x061306dF92c6a0538154A40F060573Be638B1066,338.87,336.64,2026-10-09T20:00:00Z,CLOSED,0.6624,8191.27,2.5,3,0,0
2026-10-11T00:30:03Z,MSFT,MSFTon,Ondo Global Markets,ethereum,uniswap,USDC,0xb97c30485cfdb895a811331e2a3aab1233a5bf8ff27b6be149edbdc7e9a37333,521.8,535.07,2026-10-09T20:00:01Z,CLOSED,-2.48,9901.66,173.63,1,1,0
2026-10-11T00:30:03Z,AMZN,AMZNx,xStocks (Backed),solana,raydium,USDC,6m5aXAve4uh6Kt4ytKyCLWNMjd8PYP5vujwNCtycrUiD,262.21,262.43,2026-10-09T20:00:01Z,CLOSED,-0.0838,403716.76,80129.83,480,1,0
2026-10-11T00:30:03Z,AMZN,AMZNx,xStocks (Backed),solana,raydium,SOL,HWZk6MfN28mYqDN1igNETjN2kueEryL33oVgt92Wkv6N,262.03,262.43,2026-10-09T20:00:01Z,CLOSED,-0.1524,28855.58,8522.69,215,1,0
2026-10-11T00:30:03Z,AMZN,AMZNx,xStocks (Backed),solana,meteora,SOL,DXAbc6Q3BzfnWbJKVdVyEdLfvMprMNtxb8iz36W2ttZj,262.29,262.43,2026-10-09T20:00:01Z,CLOSED,-0.0533,6713.32,310.91,66,1,0
2026-10-11T00:30:03Z,AMZN,AMZNon,Ondo Global Markets,bsc,pancakeswap,WBNB,0x8617Ba6DEEE616694601ADc41Ab7ffE0e610907E,261.024,262.43,2026-10-09T20:00:01Z,CLOSED,-0.5358,6523.43,44.21,21,1,0
2026-10-11T00:30:03Z,GOOGL,GOOGLx,xStocks (Backed),solana,raydium,USDC,B8YAwjGYk6qidWzGBXMAxP7nYfG8g74EZ3Y4gFSsobRw,352.5,351.66,2026-10-09T20:00:00Z,CLOSED,0.2389,1665755.55,531328.98,10047,1,0
2026-10-11T00:30:03Z,GOOGL,GOOGLx,xStocks (Backed),solana,orca,USDC,GxgCVoHKS4yWz2DqYML2vgXDLVHCwGSy76MMjbKejnZk,351.74,351.66,2026-10-09T20:00:00Z,CLOSED,0.0227,72283.45,633716.63,7948,1,0
2026-10-11T00:30:03Z,GOOGL,GOOGLx,xStocks (Backed),solana,meteora,SOL,CmcVVxuMMCdsevwThLwU4PdESB5NxiZJU4mGrxB6QDE4,352.2,351.66,2026-10-09T20:00:00Z,CLOSED,0.1536,151771.16,154755.77,2680,1,0
2026-10-11T00:30:03Z,GOOGL,GOOGLx,xStocks (Backed),solana,raydium,SOL,3P1PwneDrKfyUVQstaqAQDBWnK2Mcqi1xZ9nteMhDbSB,353.72,351.66,2026-10-09T20:00:00Z,CLOSED,0.5858,123569.06,26862.18,529,1,0
2026-10-11T00:30:03Z,GOOGL,GOOGLx,xStocks (Backed),solana,orca,USDC,Bd8GgEYaHi3zkyjr5ojQKXA82wYqGpB3suV9PQJ8kJ1b,351.7,351.66,2026-10-09T20:00:00Z,CLOSED,0.0114,56460.22,7451.32,136,1,0
2026-10-11T00:30:03Z,GOOGL,GOOGLx,xStocks (Backed),solana,orca,SOL,Bh3njVo6i3UjgmaevEQMGoidphcueNjoPqGkYLbthzV5,352.24,351.66,2026-10-09T20:00:00Z,CLOSED,0.1649,18436.78,24250.48,894,1,0
2026-10-11T00:30:03Z,GOOGL,GOOGLx,xStocks (Backed),solana,orca,USDC,FaGxc8NXSXBrT6idTxjw3o8et4MmFjxRMQvVF7ChsgZV,351.73,351.66,2026-10-09T20:00:00Z,CLOSED,0.0199,5469.13,16.87,6,1,0
2026-10-11T00:30:03Z,GOOGL,GOOGLx,xStocks (Backed),solana,raydium,USDC,9sw1NZjXFsy5GKkqMpQWV7wopGgMcdkanDqg3f15zQZv,352.094,351.66,2026-10-09T20:00:00Z,CLOSED,0.1234,65884.85,24640.87,514,1,0
2026-10-11T00:30:03Z,GOOGL,GOOGLon,Ondo Global Markets,ethereum,uniswap,USDC,0x39FCB1935f6Ccb0A106D05eB928205C59646af57,351.034,351.66,2026-10-09T20:00:00Z,CLOSED,-0.178,54017.7,951.49,2,1,0
2026-10-11T00:30:03Z,META,METAx,xStocks (Backed),solana,raydium,USDC,3L7KbPVaAQA4UTecaGQYsm6UCq5F3sZM9zAYkxqYt63j,720.78,718.67,2026-10-09T20:00:01Z,CLOSED,0.2936,820102.12,86847.46,1748,1,0
2026-10-11T00:30:03Z,META,METAx,xStocks (Backed),solana,orca,USDC,59qH56HhMXrXiCMWH46NZ5M3SWhyzVzZnvMP2R27aR7Z,719.93,718.67,2026-10-09T20:00:01Z,CLOSED,0.1753,74864.81,1952.6,108,1,0
2026-10-11T00:30:03Z,META,METAx,xStocks (Backed),solana,meteora,SOL,DUKmnaXkB6AoYBUkeeb25Arfq4oeK4XPf4gkYe7evwkh,718.78,718.67,2026-10-09T20:00:01Z,CLOSED,0.0153,16943.79,2711.57,101,1,0
2026-10-11T00:30:03Z,META,METAx,xStocks (Backed),solana,raydium,SOL,BE9uiVCxUovYpgA6ard68QRRzo3sCneAkhUtSgy8AjVW,719.47,718.67,2026-10-09T20:00:01Z,CLOSED,0.1113,41166.34,29088.45,853,1,0
2026-10-11T00:30:03Z,META,METAx,xStocks (Backed),solana,raydium,USDC,DpzGDvRfwDk4xfydfjRoSeE9fm1mQnTd3zQaSKhw1oE6,720.71,718.67,2026-10-09T20:00:01Z,CLOSED,0.2839,44466.02,11592.01,258,1,0
2026-10-11T00:30:03Z,META,METAx,xStocks (Backed),solana,meteora,USDC,D8pGWVN3vWeyexBtMZjyyPbcLhM1oeTEMibE9h3nNRYL,719.95,718.67,2026-10-09T20:00:01Z,CLOSED,0.1781,17365.32,12305.46,674,1,0
2026-10-11T00:30:03Z,MSTR,MSTRx,xStocks (Backed),solana,raydium,SOL,2ngTuP7xA581dqX9uJkGRqxmKuehY3k4SDfPebeoRG2J,155.78,154.34,2026-10-09T20:00:01Z,CLOSED,0.933,829366.9,142722.96,1190,1,0
2026-10-11T00:30:03Z,MSTR,MSTRx,xStocks (Backed),solana,raydium,USDC,RyhF4cksVZY7vcqJpoytHcxcGNKRp27PEGhSnEPpbGv,155.58,154.34,2026-10-09T20:00:01Z,CLOSED,0.8034,830092.44,67860.12,271,1,0
2026-10-11T00:30:03Z,MSTR,MSTRx,xStocks (Backed),solana,raydium,cbBTC,CJJV5dsFXcSoKvjmurS1nfBioH3KcTkP1s23SgQz1Jrs,155.67,154.34,2026-10-09T20:00:01Z,CLOSED,0.8617,47069.28,5592.84,56,0,0
2026-10-11T00:30:03Z,MSTR,MSTRx,xStocks (Backed),solana,orca,USDC,CHSijZ92W1A5z93WzGjvBygtxN2LWgAt58uejMDmFVpY,155.23,154.34,2026-10-09T20:00:01Z,CLOSED,0.5766,38062.85,120.09,28,1,0
2026-10-11T00:30:03Z,MSTR,MSTRx,xStocks (Backed),solana,orca,SOL,HzyHKnwmRnnu3yZKzvqfhm2VeWo8V4qWtyNVGVLXrcjC,155.45,154.34,2026-10-09T20:00:01Z,CLOSED,0.7192,29917.73,341.67,16,1,0
2026-10-11T00:30:03Z,MSTR,MSTRx,xStocks (Backed),solana,orca,USDC,BCvzjDbADhnT3K35kc5TSeMAafNgu9KZVywUq9zWH2mA,155.37,154.34,2026-10-09T20:00:01Z,CLOSED,0.6674,5755.65,1005.3,423,1,0
2026-10-11T00:30:03Z,MSTR,MSTRx,xStocks (Backed),solana,meteora,SOL,8yvEgE72BvZs86ZRr9j6ZHgn1zgVpBz2gTmwq7tMcgyH,155.39,154.34,2026-10-09T20:00:01Z,CLOSED,0.6803,7235.0,474.03,93,1,0
2026-10-11T00:30:03Z,MSTR,MSTRx,xStocks (Backed),solana,meteora,CRCLx,ExwtCL871L2QhHw7EikDPBHfoEHzadxcepdw1Fs3ofoR,155.25,154.34,2026-10-09T20:00:01Z,CLOSED,0.5896,8059.97,455.29,38,0,0
2026-10-11T00:30:03Z,COIN,COINx,xStocks (Backed),solana,raydium,USDC,w7SGmPeXoMCsjvXqgsAmUn56uypyDsjAtsxeVkaiqxa,180.72,179.39,2026-10-09T20:00:01Z,CLOSED,0.7414,1500938.95,21576.25,348,1,0
2026-10-11T00:30:03Z,COIN,COINx,xStocks (Backed),solana,raydium,SOL,9NJ7rtJzEnfwvoM6HyB2v6YHcsfS6ZY9DFGprphVX6W,181.25,179.39,2026-10-09T20:00:01Z,CLOSED,1.0368,121050.73,4538.59,80,1,0
2026-10-11T00:30:03Z,COIN,COINx,xStocks (Backed),solana,orca,USDC,7ouGUDRMy4C9RJpTgPizRyfcxyJusAEe9ZbjqYv7BSqe,180.65,179.39,2026-10-09T20:00:01Z,CLOSED,0.7024,29724.82,5789.5,184,1,0
2026-10-11T00:30:03Z,COIN,COINx,xStocks (Backed),solana,orca,SOL,A4D97SV1dfCffDo58FEJtZoYycqVTaGVZiDdLiZffDNK,180.8,179.39,2026-10-09T20:00:01Z,CLOSED,0.786,25344.1,3823.55,227,1,0
2026-10-11T00:30:03Z,COIN,COINx,xStocks (Backed),solana,orca,CRCLx,FP4TT9AEqR8GcdWYEv2Jp3Vee9QvGWaCmFuaqAP2wjxL,180.74,179.39,2026-10-09T20:00:01Z,CLOSED,0.7526,8028.74,3.45,9,0,0
2026-10-11T00:30:03Z,HOOD,HOODx,xStocks (Backed),solana,raydium,USDC,DXWbip5LducMAbDSSpLYz9Xik3253EPeAYQufQtx7LXs,108.7,109.02,2026-10-09T20:00:01Z,CLOSED,-0.2935,1431727.52,667.16,26,1,0
2026-10-11T00:30:03Z,HOOD,HOODx,xStocks (Backed),solana,orca,USDC,48dhPm83sXfnRMxKRfv2YuE45DPqrhwPMvGrnTLufvFf,109.19,109.02,2026-10-09T20:00:01Z,CLOSED,0.1559,83319.07,10638.79,140,1,0
2026-10-11T00:30:03Z,HOOD,HOODx,xStocks (Backed),solana,raydium,SOL,DznDQ6YVmgtZAvwZ4ui6k9MNun9uaozyVFFsiAeAs9f,109.88,109.02,2026-10-09T20:00:01Z,CLOSED,0.7888,47028.63,229.53,12,1,0
2026-10-11T00:30:03Z,CRCL,CRCLon,Ondo Global Markets,ethereum,0x00a38533c68327aBE0Cc265436e036066E2D6B38,USDC,0xb91e13F4c93De2F7F007Fa0407EC4226f03B408F,84.75,84.51,2026-10-09T20:00:02Z,CLOSED,0.284,9947.11,130.9,1,1,0
2026-10-11T00:30:03Z,SPY,SPYx,xStocks (Backed),solana,raydium,USDC,4pCZCVEiYyT4efNdXUdL2tJF8VGMgiMXrZWq6FiNXhRw,783.21,778.57,2026-10-09T20:00:00Z,CLOSED,0.596,522701.98,852665.32,4205,1,0
2026-10-11T00:30:03Z,SPY,SPYx,xStocks (Backed),solana,raydium,SOL,BS9uyGV6XmNnPkM4f3xgxCdQEaFv7RSKs6fwrpvYHxfL,781.43,778.57,2026-10-09T20:00:00Z,CLOSED,0.3673,1035568.3,188736.13,1237,1,0
2026-10-11T00:30:03Z,SPY,SPYx,xStocks (Backed),solana,orca,USDC,Fae5dWVntUt6zbWu2voXxioDpMii7SqQwtsxBmoVCsHR,783.28,778.57,2026-10-09T20:00:00Z,CLOSED,0.605,319713.31,19909.65,366,1,0
2026-10-11T00:30:03Z,SPY,SPYx,xStocks (Backed),solana,raydium,USDC,6truu3rZuiB9rKQg4VYC3Dt3QwV7DgwGqXrYUcrvnDDE,783.74,778.57,2026-10-09T20:00:00Z,CLOSED,0.664,2201597.23,29553.73,200,1,0
2026-10-11T00:30:03Z,SPY,SPYx,xStocks (Backed),solana,raydium,USDC,7sHMnvE7WqP7vQFWJGEnMT4vZg6Za9K7PpddDoXJCqME,782.8,778.57,2026-10-09T20:00:00Z,CLOSED,0.5433,76655.28,164.12,53,1,0
2026-10-11T00:30:03Z,SPY,SPYx,xStocks (Backed),solana,meteora,SOL,5JWX8pQhJNpFMjPwKhFSSVWRpss4wSyoqgRGnBNJfyuX,780.37,778.57,2026-10-09T20:00:00Z,CLOSED,0.2312,33811.65,4422.67,264,1,0
2026-10-11T00:30:03Z,SPY,SPYx,xStocks (Backed),solana,orca,USDC,gef4pD5g6GJSjX7hfXKUfhCVpE89BzX9TXnXJNW6kSt,783.24,778.57,2026-10-09T20:00:00Z,CLOSED,0.5998,12172.75,1921.6,754,1,0
2026-10-11T00:30:03Z,SPY,SPYx,xStocks (Backed),solana,orca,QQQx,7mYFrN2TQtYc2HMZEXuVfWkPu9n5EFfX9Ha59X3n6PWE,783.094,778.57,2026-10-09T20:00:00Z,CLOSED,0.5811,11898.27,1145.15,122,0,0
2026-10-11T00:30:03Z,SPY,SPYx,xStocks (Backed),solana,orca,USDY,DauJvXRsc5YUtabDd2jGTcSvTn63qpmteGcVGkRcjBGa,783.98,778.57,2026-10-09T20:00:00Z,CLOSED,0.6949,5136.78,0.77,1,0,0
2026-10-11T00:30:03Z,SPY,SPYx,xStocks (Backed),solana,pancakeswap,USDC,Ph2aw6fSKja9MT39L27gwJcZi3F8hZL4xMnuVh36h8a,783.086,778.57,2026-10-09T20:00:00Z,CLOSED,0.58,31401.47,23565.25,1283,1,0
2026-10-11T00:30:03Z,SPY,SPYx,xStocks (Backed),solana,orca,SOL,DAcfUT7Xnfm91xv4YZojgpYirLC3JfDG6PbtNqtaAkTn,789.54,778.57,2026-10-09T20:00:00Z,CLOSED,1.409,35937.54,2819.37,163,1,0
2026-10-11T00:30:03Z,QQQ,QQQx,xStocks (Backed),solana,raydium,USDC,GMjGLWzvK75LPetrgAmdeXnvxc4fUuQPwJxeQqTDU1aG,753.96,751.27,2026-10-09T20:00:00Z,CLOSED,0.3581,2215399.58,37920.63,233,1,0
2026-10-11T00:30:03Z,QQQ,QQQx,xStocks (Backed),solana,raydium,SOL,B6FEtQdwsq8Wuw4G52pW9WEWEA7ALGfyUgXDRKigDSHH,752.14,751.27,2026-10-09T20:00:00Z,CLOSED,0.1158,119766.24,7018.93,193,1,0
2026-10-11T00:30:03Z,QQQ,QQQx,xStocks (Backed),solana,raydium,USDC,FknDV1F5n6QaA7rLmjquDjuU6wcPMNm5RYq7zWbqhpZw,753.88,751.27,2026-10-09T20:00:00Z,CLOSED,0.3474,35213.26,39.05,8,1,0
2026-10-11T00:30:03Z,QQQ,QQQx,xStocks (Backed),solana,raydium,SPYx,FN27PwZpDnSBNZR5vzx6B7waxowV84ZNFQrzgr6XeYbf,754.15,751.27,2026-10-09T20:00:00Z,CLOSED,0.3834,34998.14,516.48,8,0,0
2026-10-11T00:30:03Z,QQQ,QQQx,xStocks (Backed),solana,orca,USDC,3GVB4bXtcrP3MM376mrcJDwfTNThvyorLmVgSTf6kxFt,753.14,751.27,2026-10-09T20:00:00Z,CLOSED,0.2489,14357.54,119.27,20,1,0
2026-10-11T00:30:03Z,QQQ,QQQx,xStocks (Backed),solana,pancakeswap,USDC,DLm3szGd5VdiiLXp8i89j95FuUN9KKWtYF7XfmVvLTML,753.89,751.27,2026-10-09T20:00:00Z,CLOSED,0.3487,33735.16,940.69,27,1,0
2026-10-11T00:40:03Z,TSLA,TSLAx,xStocks (Backed),solana,orca,USDC,9p7abUFv31ycgu9kckvnoqMMvBy67dqTDM2m6HP9xokN,382.0022,382.7,2026-10-09T20:00:00Z,CLOSED,-0.1823,93440.5,184606.99,5378,1,0
2026-10-11T00:40:03Z,TSLA,TSLAx,xStocks (Backed),solana,raydium,USDC,8aDaBQkTrS6HVMjyc6EZebgdiaXhLYGriDWKWWp1NpFF,382.14,382.7,2026-10-09T20:00:00Z,CLOSED,-0.1463,2332413.02,208501.27,2360,1,0
2026-10-11T00:40:03Z,TSLA,TSLAx,xStocks (Backed),solana,raydium,SOL,CKmjDiqBCRqR8xk5FjnFiQXuCFsGchiLv9YwYVnE5RJ8,381.096,382.7,2026-10-09T20:00:00Z,CLOSED,-0.4191,98115.37,56033.17,720,1,0
2026-10-11T00:40:03Z,TSLA,TSLAx,xStocks (Backed),solana,raydium,USDC,HHQUnUbmWLrYzkscDY1C3deEFbGtiGBGoHjpANogmvum,382.79,382.7,2026-10-09T20:00:00Z,CLOSED,0.0235,401120.36,3355.2,92,1,0
2026-10-11T00:40:03Z,TSLA,TSLAx,xStocks (Backed),solana,meteora,SOL,CHGfdEfKFYDWGPASCsZnpkDzvpLKNEVoAb4UEorPPkGK,383.017,382.7,2026-10-09T20:00:00Z,CLOSED,0.0828,10530.8,10824.25,558,1,0
2026-10-11T00:40:03Z,TSLA,TSLAx,xStocks (Backed),solana,orca,SOL,26UY4D6pBHgxYdPWuBP3sfyc4jJf6qQjPDxCJPhtUx3H,377.6,382.7,2026-10-09T20:00:00Z,CLOSED,-1.3326,9568.03,476.61,15,1,0
2026-10-11T00:40:03Z,TSLA,TSLAx,xStocks (Backed),solana,meteora,NVDAx,8is7SBzMYLUTUtVU5H4QEPkgeQP7WaM7rQ6QPxXTa4PB,382.12,382.7,2026-10-09T20:00:00Z,CLOSED,-0.1516,6348.13,163.77,29,0,0
2026-10-11T00:40:03Z,TSLA,TSLAx,xStocks (Backed),solana,pancakeswap,SOL,EYF6xVtA8EGqjFdx5bgc3i6jMmyr8t6rXMTyqbyvKaW3,381.64,382.7,2026-10-09T20:00:00Z,CLOSED,-0.277,26283.68,3871.97,788,1,0
2026-10-11T00:40:03Z,TSLA,TSLAx,xStocks (Backed),solana,pancakeswap,USDC,2JUpEKcYkSytu3aWk7QzohPNX2hY8shEakEcmn3SgXFD,382.14,382.7,2026-10-09T20:00:00Z,CLOSED,-0.1463,13169.41,2564.5,267,1,0
2026-10-11T00:40:03Z,TSLA,TSLAon,Ondo Global Markets,ethereum,uniswap,USDC,0x31227b50eCCDC9C589826AA2D9E7C5619B1895Da,383.44,382.7,2026-10-09T20:00:00Z,CLOSED,0.1934,81709.63,12238.18,67,1,0
2026-10-11T00:40:03Z,TSLA,TSLAon,Ondo Global Markets,ethereum,0x00a38533c68327aBE0Cc265436e036066E2D6B38,USDC,0x49b7b66457297f9E0E763BBb151B6DB0c149E988,381.9,382.7,2026-10-09T20:00:00Z,CLOSED,-0.209,36286.78,2.19,1,1,0
2026-10-11T00:40:03Z,TSLA,TSLAon,Ondo Global Markets,ethereum,0x00a38533c68327aBE0Cc265436e036066E2D6B38,USDC,0xfd62Ce2489f37B9357CD1Aa66a33351580B33231,382.6,382.7,2026-10-09T20:00:00Z,CLOSED,-0.0261,28715.63,2.96,1,1,0
2026-10-11T00:40:03Z,TSLA,TSLAon,Ondo Global Markets,ethereum,0x00a38533c68327aBE0Cc265436e036066E2D6B38,USDC,0xbcD5a4823C3B3faF81EECEfd3b37E1185419E9Ee,383.17,382.7,2026-10-09T20:00:00Z,CLOSED,0.1228,26849.54,191.58,10,1,0
2026-10-11T00:40:03Z,NVDA,NVDAx,xStocks (Backed),solana,raydium,USDC,49iMatQtoyabsYAQc8GafVq6aeBFVDxSRH44oiatyyw6,230.88,229.28,2026-10-09T20:00:00Z,CLOSED,0.6978,3303946.65,1127072.11,14121,1,0
2026-10-11T00:40:03Z,NVDA,NVDAx,xStocks (Backed),solana,orca,USDC,6R4r93V5fcMzc13CL2enEepDSYcr4Qx3ptZBDwudTXCo,230.8,229.28,2026-10-09T20:00:00Z,CLOSED,0.6629,476714.15,1138200.47,9589,1,0
2026-10-11T00:40:03Z,NVDA,NVDAx,xStocks (Backed),solana,raydium,SOL,38rXq2BuwdNcfnwydw6S2srpNK9N4gVzf39f69suPMsF,230.41,229.28,2026-10-09T20:00:00Z,CLOSED,0.4928,285726.9,279403.5,3481,1,0
2026-10-11T00:40:03Z,NVDA,NVDAx,xStocks (Backed),solana,meteora,SOL,FCn5zw4gAcfRpQgst5ThFuzBGXbbJ6RocVErgC4vJ9j1,231.27,229.28,2026-10-09T20:00:00Z,CLOSED,0.8679,181594.41,458439.29,1787,1,0
2026-10-11T00:40:03Z,NVDA,NVDAx,xStocks (Backed),solana,orca,SOL,8Vy5Rjb9vg5nLb8L1r4Di8p9py5BTkp8UJSMHG8AD2zs,230.96,229.28,2026-10-09T20:00:00Z,CLOSED,0.7327,78237.39,112109.94,2020,1,0
2026-10-11T00:40:03Z,NVDA,NVDAx,xStocks (Backed),solana,raydium,USDC,4KqQN6u1pFKroFE2jVEhoepAMRKPcuAzWVDCgm9zRBYN,230.6,229.28,2026-10-09T20:00:00Z,CLOSED,0.5757,118542.7,958.44,17,1,0
2026-10-11T00:40:03Z,NVDA,NVDAx,xStocks (Backed),solana,meteora,USDC,8Xx3VeN92DsZksHs2nXMiJUcR5JBofqmbXqacoeUTj2g,230.58,229.28,2026-10-09T20:00:00Z,CLOSED,0.567,10797.45,857.82,290,1,0
2026-10-11T00:40:03Z,NVDA,NVDAon,Ondo Global Markets,ethereum,uniswap,USDC,0xc9b4bC7C15423FCFe6B75aB5118bA773945A3A46,230.5,229.28,2026-10-09T20:00:00Z,CLOSED,0.5321,306950.32,57101.62,336,1,0
2026-10-11T00:40:03Z,NVDA,NVDAon,Ondo Global Markets,ethereum,uniswap,USDC,0xa9a6651fba74df1aab94065ffaabe750d6ed835b94a9e28925ec79beec2d5f73,230.16,229.28,2026-10-09T20:00:00Z,CLOSED,0.3838,26303.1,2413.46,33,1,0
2026-10-11T00:40:03Z,NVDA,NVDAon,Ondo Global Markets,ethereum,uniswap,USDC,0xf5294094BCe435bFbd0eC488be5C462aAF32Bc7A,231.16,229.28,2026-10-09T20:00:00Z,CLOSED,0.82,13767.9,37.91,1,1,0
2026-10-11T00:40:03Z,NVDA,NVDAon,Ondo Global Markets,ethereum,uniswap,ZIK,0xeb35140d8090c35e75cdb8971f45eb2a1c553ec381ba361e89473f2ee292db39,232.12,229.28,2026-10-09T20:00:00Z,CLOSED,1.2387,8153.01,0.0,1,0,0
2026-10-11T00:40:03Z,NVDA,NVDAon,Ondo Global Markets,ethereum,uniswap,ZIK,0xeA0F5b999C66214De7300c5910171A356fdfb3d0,231.082,229.28,2026-10-09T20:00:00Z,CLOSED,0.7859,7492.97,1.22,1,0,0
2026-10-11T00:40:03Z,NVDA,NVDAon,Ondo Global Markets,bsc,pancakeswap,USDT,0xB90BDBFBdfFd4Af5a636b5805539eDeafb969308,231.83,229.28,2026-10-09T20:00:00Z,CLOSED,1.1122,9648.58,27.12,15,1,0
2026-10-11T00:40:03Z,AAPL,AAPLx,xStocks (Backed),solana,raydium,USDC,CKwJZwm7oj3nu4653N1EpDrqXbXAYXoPFiPeEnLouF8y,337.29,336.64,2026-10-09T20:00:00Z,CLOSED,0.1931,337659.64,34502.63,649,1,0
2026-10-11T00:40:03Z,AAPL,AAPLx,xStocks (Backed),solana,orca,SOL,5VgwxAPD37EHPqtW6v6gWq2bznPDqvpaGDuJoyGm6aJG,336.69,336.64,2026-10-09T20:00:00Z,CLOSED,0.0149,25262.68,1435.42,75,1,0
2026-10-11T00:40:03Z,AAPL,AAPLx,xStocks (Backed),solana,orca,USDC,CNsYTuhHBkLQmoWtdoQxqkNxtyhXYvWvQJqzmG2evNEa,336.89,336.64,2026-10-09T20:00:00Z,CLOSED,0.0743,21094.09,2583.67,42,1,0
2026-10-11T00:40:03Z,AAPL,AAPLx,xStocks (Backed),solana,meteora,SOL,3oJpVmbKATLWbKg4G3o1VBfDSMXQJwMv9VqgnS7yXf4R,335.4,336.64,2026-10-09T20:00:00Z,CLOSED,-0.3683,10438.58,1173.77,33,1,0
2026-10-11T00:40:03Z,AAPL,AAPLx,xStocks (Backed),solana,orca,SOL,HQijmgUPWBCYyvjBCymBVS9MZbJPmdJuvQXSfFtTZRz5,336.99,336.64,2026-10-09T20:00:00Z,CLOSED,0.104,7573.69,3495.33,195,1,0
2026-10-11T00:40:03Z,AAPL,AAPLx,xStocks (Backed),solana,raydium,SOL,EUnoAwXybSenwkvQ3Qp4aWQxmw2AZrVCbAn6Sztjhbjo,337.62,336.64,2026-10-09T20:00:00Z,CLOSED,0.2911,5810.66,355.11,17,1,0
2026-10-11T00:40:03Z,AAPL,AAPLx,xStocks (Backed),solana,raydium,USDC,ApniVWuZbZoruTAJdyJcLBA4AVw4DKGdV5fHxo6qrAZT,337.037,336.64,2026-10-09T20:00:00Z,CLOSED,0.1179,254463.59,17333.52,749,1,0
2026-10-11T00:40:03Z,AAPL,AAPLon,Ondo Global Markets,ethereum,uniswap,USDC,0xad82C9EB065a5CFed71DB087e4a52C8a09c69921,336.096,336.64,2026-10-09T20:00:00Z,CLOSED,-0.1616,41622.84,630.24,6,1,0
2026-10-11T00:40:03Z,AAPL,AAPLon,Ondo Global Markets,ethereum,0x00a38533c68327aBE0Cc265436e036066E2D6B38,USDC,0x0d3A432237328D279EcD4A3ED5F462C2A84d8017,337.12,336.64,2026-10-09T20:00:00Z,CLOSED,0.1426,15418.6,77.13,2,1,0
2026-10-11T00:40:03Z,AAPL,AAPLon,Ondo Global Markets,bsc,pancakeswap,ASX,0x061306dF92c6a0538154A40F060573Be638B1066,338.87,336.64,2026-10-09T20:00:00Z,CLOSED,0.6624,8191.27,2.5,3,0,0
2026-10-11T00:40:03Z,MSFT,MSFTon,Ondo Global Markets,ethereum,uniswap,USDC,0xb97c30485cfdb895a811331e2a3aab1233a5bf8ff27b6be149edbdc7e9a37333,521.8,535.07,2026-10-09T20:00:01Z,CLOSED,-2.48,9901.66,173.63,1,1,0
2026-10-11T00:40:03Z,AMZN,AMZNx,xStocks (Backed),solana,raydium,USDC,6m5aXAve4uh6Kt4ytKyCLWNMjd8PYP5vujwNCtycrUiD,262.21,262.43,2026-10-09T20:00:01Z,CLOSED,-0.0838,403716.76,80129.83,480,1,0
2026-10-11T00:40:03Z,AMZN,AMZNx,xStocks (Backed),solana,raydium,SOL,HWZk6MfN28mYqDN1igNETjN2kueEryL33oVgt92Wkv6N,261.69,262.43,2026-10-09T20:00:01Z,CLOSED,-0.282,28818.89,8523.29,216,1,0
2026-10-11T00:40:03Z,AMZN,AMZNx,xStocks (Backed),solana,meteora,SOL,DXAbc6Q3BzfnWbJKVdVyEdLfvMprMNtxb8iz36W2ttZj,262.32,262.43,2026-10-09T20:00:01Z,CLOSED,-0.0419,6713.72,313.01,68,1,0
2026-10-11T00:40:03Z,AMZN,AMZNon,Ondo Global Markets,bsc,pancakeswap,WBNB,0x8617Ba6DEEE616694601ADc41Ab7ffE0e610907E,261.024,262.43,2026-10-09T20:00:01Z,CLOSED,-0.5358,6523.43,44.21,21,1,0
2026-10-11T00:40:03Z,GOOGL,GOOGLx,xStocks (Backed),solana,raydium,USDC,B8YAwjGYk6qidWzGBXMAxP7nYfG8g74EZ3Y4gFSsobRw,352.45,351.66,2026-10-09T20:00:00Z,CLOSED,0.2246,1643994.05,535343.61,10033,1,0
2026-10-11T00:40:03Z,GOOGL,GOOGLx,xStocks (Backed),solana,orca,USDC,GxgCVoHKS4yWz2DqYML2vgXDLVHCwGSy76MMjbKejnZk,351.92,351.66,2026-10-09T20:00:00Z,CLOSED,0.0739,72307.21,629157.98,7850,1,0
2026-10-11T00:40:03Z,GOOGL,GOOGLx,xStocks (Backed),solana,meteora,SOL,CmcVVxuMMCdsevwThLwU4PdESB5NxiZJU4mGrxB6QDE4,351.064,351.66,2026-10-09T20:00:00Z,CLOSED,-0.1695,150436.53,154641.44,2676,1,0
2026-10-11T00:40:03Z,GOOGL,GOOGLx,xStocks (Backed),solana,raydium,SOL,3P1PwneDrKfyUVQstaqAQDBWnK2Mcqi1xZ9nteMhDbSB,353.72,351.66,2026-10-09T20:00:00Z,CLOSED,0.5858,123569.06,26817.8,527,1,0
2026-10-11T00:40:03Z,GOOGL,GOOGLx,xStocks (Backed),solana,orca,USDC,Bd8GgEYaHi3zkyjr5ojQKXA82wYqGpB3suV9PQJ8kJ1b,351.58,351.66,2026-10-09T20:00:00Z,CLOSED,-0.0227,56452.26,7846.17,148,1,0
2026-10-11T00:40:03Z,GOOGL,GOOGLx,xStocks (Backed),solana,orca,SOL,Bh3njVo6i3UjgmaevEQMGoidphcueNjoPqGkYLbthzV5,352.23,351.66,2026-10-09T20:00:00Z,CLOSED,0.1621,18436.68,24146.48,891,1,0
2026-10-11T00:40:03Z,GOOGL,GOOGLx,xStocks (Backed),solana,orca,USDC,FaGxc8NXSXBrT6idTxjw3o8et4MmFjxRMQvVF7ChsgZV,351.73,351.66,2026-10-09T20:00:00Z,CLOSED,0.0199,5469.13,16.87,6,1,0
2026-10-11T00:40:03Z,GOOGL,GOOGLx,xStocks (Backed),solana,raydium,USDC,9sw1NZjXFsy5GKkqMpQWV7wopGgMcdkanDqg3f15zQZv,352.094,351.66,2026-10-09T20:00:00Z,CLOSED,0.1234,65884.85,24575.33,512,1,0
2026-10-11T00:40:03Z,GOOGL,GOOGLon,Ondo Global Markets,ethereum,uniswap,USDC,0x39FCB1935f6Ccb0A106D05eB928205C59646af57,351.034,351.66,2026-10-09T20:00:00Z,CLOSED,-0.178,54017.7,951.49,2,1,0
2026-10-11T00:40:03Z,META,METAx,xStocks (Backed),solana,raydium,USDC,3L7KbPVaAQA4UTecaGQYsm6UCq5F3sZM9zAYkxqYt63j,720.78,718.67,2026-10-09T20:00:01Z,CLOSED,0.2936,820102.07,86848.97,1749,1,0
2026-10-11T00:40:03Z,META,METAx,xStocks (Backed),solana,orca,USDC,59qH56HhMXrXiCMWH46NZ5M3SWhyzVzZnvMP2R27aR7Z,719.93,718.67,2026-10-09T20:00:01Z,CLOSED,0.1753,74864.81,1952.6,108,1,0
2026-10-11T00:40:03Z,META,METAx,xStocks (Backed),solana,meteora,SOL,DUKmnaXkB6AoYBUkeeb25Arfq4oeK4XPf4gkYe7evwkh,718.78,718.67,2026-10-09T20:00:01Z,CLOSED,0.0153,16943.79,2707.62,100,1,0
2026-10-11T00:40:03Z,META,METAx,xStocks (Backed),solana,raydium,SOL,BE9uiVCxUovYpgA6ard68QRRzo3sCneAkhUtSgy8AjVW,719.19,718.67,2026-10-09T20:00:01Z,CLOSED,0.0724,41161.9,29238.53,853,1,0
2026-10-11T00:40:03Z,META,METAx,xStocks (Backed),solana,raydium,USDC,DpzGDvRfwDk4xfydfjRoSeE9fm1mQnTd3zQaSKhw1oE6,720.71,718.67,2026-10-09T20:00:01Z,CLOSED,0.2839,44466.02,11592.01,258,1,0
2026-10-11T00:40:03Z,META,METAx,xStocks (Backed),solana,meteora,USDC,D8pGWVN3vWeyexBtMZjyyPbcLhM1oeTEMibE9h3nNRYL,719.93,718.67,2026-10-09T20:00:01Z,CLOSED,0.1753,17365.12,12305.59,675,1,0
2026-10-11T00:40:03Z,MSTR,MSTRx,xStocks (Backed),solana,raydium,SOL,2ngTuP7xA581dqX9uJkGRqxmKuehY3k4SDfPebeoRG2J,155.084,154.34,2026-10-09T20:00:01Z,CLOSED,0.4821,825610.94,141013.21,1185,1,0
2026-10-11T00:40:03Z,MSTR,MSTRx,xStocks (Backed),solana,raydium,USDC,RyhF4cksVZY7vcqJpoytHcxcGNKRp27PEGhSnEPpbGv,155.58,154.34,2026-10-09T20:00:01Z,CLOSED,0.8034,830092.44,67860.12,271,1,0
2026-10-11T00:40:03Z,MSTR,MSTRx,xStocks (Backed),solana,raydium,cbBTC,CJJV5dsFXcSoKvjmurS1nfBioH3KcTkP1s23SgQz1Jrs,155.67,154.34,2026-10-09T20:00:01Z,CLOSED,0.8617,47069.28,5592.84,56,0,0
2026-10-11T00:40:03Z,MSTR,MSTRx,xStocks (Backed),solana,orca,USDC,CHSijZ92W1A5z93WzGjvBygtxN2LWgAt58uejMDmFVpY,155.23,154.34,2026-10-09T20:00:01Z,CLOSED,0.5766,38062.85,117.09,27,1,0
2026-10-11T00:40:03Z,MSTR,MSTRx,xStocks (Backed),solana,orca,SOL,HzyHKnwmRnnu3yZKzvqfhm2VeWo8V4qWtyNVGVLXrcjC,155.45,154.34,2026-10-09T20:00:01Z,CLOSED,0.7192,29917.73,341.67,16,1,0
2026-10-11T00:40:03Z,MSTR,MSTRx,xStocks (Backed),solana,orca,USDC,BCvzjDbADhnT3K35kc5TSeMAafNgu9KZVywUq9zWH2mA,155.41,154.34,2026-10-09T20:00:01Z,CLOSED,0.6933,5756.81,1005.66,424,1,0
2026-10-11T00:40:03Z,MSTR,MSTRx,xStocks (Backed),solana,meteora,SOL,8yvEgE72BvZs86ZRr9j6ZHgn1zgVpBz2gTmwq7tMcgyH,155.36,154.34,2026-10-09T20:00:01Z,CLOSED,0.6609,7233.68,474.35,94,1,0
2026-10-11T00:40:03Z,MSTR,MSTRx,xStocks (Backed),solana,meteora,CRCLx,ExwtCL871L2QhHw7EikDPBHfoEHzadxcepdw1Fs3ofoR,155.25,154.34,2026-10-09T20:00:01Z,CLOSED,0.5896,8059.97,455.29,38,0,0
2026-10-11T00:40:03Z,COIN,COINx,xStocks (Backed),solana,raydium,USDC,w7SGmPeXoMCsjvXqgsAmUn56uypyDsjAtsxeVkaiqxa,180.72,179.39,2026-10-09T20:00:01Z,CLOSED,0.7414,1500938.95,21576.25,348,1,0
2026-10-11T00:40:03Z,COIN,COINx,xStocks (Backed),solana,raydium,SOL,9NJ7rtJzEnfwvoM6HyB2v6YHcsfS6ZY9DFGprphVX6W,181.25,179.39,2026-10-09T20:00:01Z,CLOSED,1.0368,121050.73,4538.59,80,1,0
2026-10-11T00:40:03Z,COIN,COINx,xStocks (Backed),solana,orca,USDC,7ouGUDRMy4C9RJpTgPizRyfcxyJusAEe9ZbjqYv7BSqe,180.65,179.39,2026-10-09T20:00:01Z,CLOSED,0.7024,29724.82,5789.5,184,1,0
2026-10-11T00:40:03Z,COIN,COINx,xStocks (Backed),solana,orca,SOL,A4D97SV1dfCffDo58FEJtZoYycqVTaGVZiDdLiZffDNK,180.81,179.39,2026-10-09T20:00:01Z,CLOSED,0.7916,25344.77,3830.47,233,1,0
2026-10-11T00:40:03Z,COIN,COINx,xStocks (Backed),solana,orca,CRCLx,FP4TT9AEqR8GcdWYEv2Jp3Vee9QvGWaCmFuaqAP2wjxL,180.74,179.39,2026-10-09T20:00:01Z,CLOSED,0.7526,8028.74,3.45,9,0,0
2026-10-11T00:40:03Z,HOOD,HOODx,xStocks (Backed),solana,raydium,USDC,DXWbip5LducMAbDSSpLYz9Xik3253EPeAYQufQtx7LXs,108.7,109.02,2026-10-09T20:00:01Z,CLOSED,-0.2935,1431727.39,667.8,27,1,0
2026-10-11T00:40:03Z,HOOD,HOODx,xStocks (Backed),solana,orca,USDC,48dhPm83sXfnRMxKRfv2YuE45DPqrhwPMvGrnTLufvFf,109.54,109.02,2026-10-09T20:00:01Z,CLOSED,0.477,83479.19,10632.64,147,1,0
2026-10-11T00:40:03Z,HOOD,HOODx,xStocks (Backed),solana,raydium,SOL,DznDQ6YVmgtZAvwZ4ui6k9MNun9uaozyVFFsiAeAs9f,109.59,109.02,2026-10-09T20:00:01Z,CLOSED,0.5228,46904.61,230.83,13,1,0
2026-10-11T00:40:03Z,HOOD,HOODx,xStocks (Backed),solana,meteora,SOL,DQ8fjmP2haYxyyJRU99aCaHznK1GSihYyBRZxfP9sfbU,109.0054,109.02,2026-10-09T20:00:01Z,CLOSED,-0.0134,6455.23,2524.6,167,1,0
2026-10-11T00:40:03Z,CRCL,CRCLon,Ondo Global Markets,ethereum,0x00a38533c68327aBE0Cc265436e036066E2D6B38,USDC,0xb91e13F4c93De2F7F007Fa0407EC4226f03B408F,84.75,84.51,2026-10-09T20:00:02Z,CLOSED,0.284,9947.11,130.9,1,1,0
2026-10-11T00:40:03Z,SPY,SPYx,xStocks (Backed),solana,raydium,USDC,4pCZCVEiYyT4efNdXUdL2tJF8VGMgiMXrZWq6FiNXhRw,783.2,778.57,2026-10-09T20:00:00Z,CLOSED,0.5947,522700.38,845618.45,4227,1,0
2026-10-11T00:40:03Z,SPY,SPYx,xStocks (Backed),solana,raydium,SOL,BS9uyGV6XmNnPkM4f3xgxCdQEaFv7RSKs6fwrpvYHxfL,781.44,778.57,2026-10-09T20:00:00Z,CLOSED,0.3686,1035438.86,190010.98,1268,1,0
2026-10-11T00:40:03Z,SPY,SPYx,xStocks (Backed),solana,orca,USDC,Fae5dWVntUt6zbWu2voXxioDpMii7SqQwtsxBmoVCsHR,783.29,778.57,2026-10-09T20:00:00Z,CLOSED,0.6062,319716.44,19251.74,361,1,0
2026-10-11T00:40:03Z,SPY,SPYx,xStocks (Backed),solana,raydium,USDC,6truu3rZuiB9rKQg4VYC3Dt3QwV7DgwGqXrYUcrvnDDE,783.74,778.57,2026-10-09T20:00:00Z,CLOSED,0.664,2201597.22,29544.99,198,1,0
2026-10-11T00:40:03Z,SPY,SPYx,xStocks (Backed),solana,raydium,USDC,7sHMnvE7WqP7vQFWJGEnMT4vZg6Za9K7PpddDoXJCqME,782.8,778.57,2026-10-09T20:00:00Z,CLOSED,0.5433,76655.28,164.12,53,1,0
2026-10-11T00:40:03Z,SPY,SPYx,xStocks (Backed),solana,meteora,SOL,5JWX8pQhJNpFMjPwKhFSSVWRpss4wSyoqgRGnBNJfyuX,780.37,778.57,2026-10-09T20:00:00Z,CLOSED,0.2312,33811.65,3268.2,255,1,0
2026-10-11T00:40:03Z,SPY,SPYx,xStocks (Backed),solana,orca,USDC,gef4pD5g6GJSjX7hfXKUfhCVpE89BzX9TXnXJNW6kSt,783.28,778.57,2026-10-09T20:00:00Z,CLOSED,0.605,12173.0,1914.59,753,1,0
2026-10-11T00:40:03Z,SPY,SPYx,xStocks (Backed),solana,orca,QQQx,7mYFrN2TQtYc2HMZEXuVfWkPu9n5EFfX9Ha59X3n6PWE,783.094,778.57,2026-10-09T20:00:00Z,CLOSED,0.5811,11898.27,1145.15,122,0,0
2026-10-11T00:40:03Z,SPY,SPYx,xStocks (Backed),solana,orca,USDY,DauJvXRsc5YUtabDd2jGTcSvTn63qpmteGcVGkRcjBGa,783.98,778.57,2026-10-09T20:00:00Z,CLOSED,0.6949,5136.78,0.77,1,0,0
2026-10-11T00:40:03Z,SPY,SPYx,xStocks (Backed),solana,pancakeswap,USDC,Ph2aw6fSKja9MT39L27gwJcZi3F8hZL4xMnuVh36h8a,783.19,778.57,2026-10-09T20:00:00Z,CLOSED,0.5934,31402.38,23634.86,1287,1,0
2026-10-11T00:40:03Z,SPY,SPYx,xStocks (Backed),solana,orca,SOL,DAcfUT7Xnfm91xv4YZojgpYirLC3JfDG6PbtNqtaAkTn,789.54,778.57,2026-10-09T20:00:00Z,CLOSED,1.409,35937.54,2819.37,163,1,0
2026-10-11T00:40:03Z,QQQ,QQQx,xStocks (Backed),solana,raydium,USDC,GMjGLWzvK75LPetrgAmdeXnvxc4fUuQPwJxeQqTDU1aG,753.96,751.27,2026-10-09T20:00:00Z,CLOSED,0.3581,2215399.49,37921.44,234,1,0
2026-10-11T00:40:03Z,QQQ,QQQx,xStocks (Backed),solana,raydium,SOL,B6FEtQdwsq8Wuw4G52pW9WEWEA7ALGfyUgXDRKigDSHH,752.14,751.27,2026-10-09T20:00:00Z,CLOSED,0.1158,119766.24,7018.27,192,1,0
2026-10-11T00:40:03Z,QQQ,QQQx,xStocks (Backed),solana,raydium,USDC,FknDV1F5n6QaA7rLmjquDjuU6wcPMNm5RYq7zWbqhpZw,753.88,751.27,2026-10-09T20:00:00Z,CLOSED,0.3474,35213.26,39.05,8,1,0
2026-10-11T00:40:03Z,QQQ,QQQx,xStocks (Backed),solana,raydium,SPYx,FN27PwZpDnSBNZR5vzx6B7waxowV84ZNFQrzgr6XeYbf,754.15,751.27,2026-10-09T20:00:00Z,CLOSED,0.3834,34998.14,516.48,8,0,0
2026-10-11T00:40:03Z,QQQ,QQQx,xStocks (Backed),solana,orca,USDC,3GVB4bXtcrP3MM376mrcJDwfTNThvyorLmVgSTf6kxFt,753.14,751.27,2026-10-09T20:00:00Z,CLOSED,0.2489,14357.54,119.27,20,1,0
2026-10-11T00:40:03Z,QQQ,QQQx,xStocks (Backed),solana,pancakeswap,USDC,DLm3szGd5VdiiLXp8i89j95FuUN9KKWtYF7XfmVvLTML,753.89,751.27,2026-10-09T20:00:00Z,CLOSED,0.3487,33735.16,940.69,27,1,0
2026-10-11T00:50:03Z,TSLA,TSLAx,xStocks (Backed),solana,orca,USDC,9p7abUFv31ycgu9kckvnoqMMvBy67dqTDM2m6HP9xokN,382.0092,382.7,2026-10-09T20:00:00Z,CLOSED,-0.1805,93441.88,183929.43,5376,1,0
2026-10-11T00:50:03Z,TSLA,TSLAx,xStocks (Backed),solana,raydium,USDC,8aDaBQkTrS6HVMjyc6EZebgdiaXhLYGriDWKWWp1NpFF,382.13,382.7,2026-10-09T20:00:00Z,CLOSED,-0.1489,2332402.42,208207.76,2358,1,0
2026-10-11T00:50:03Z,TSLA,TSLAx,xStocks (Backed),solana,raydium,SOL,CKmjDiqBCRqR8xk5FjnFiQXuCFsGchiLv9YwYVnE5RJ8,381.22,382.7,2026-10-09T20:00:00Z,CLOSED,-0.3867,98132.12,55904.2,719,1,0
2026-10-11T00:50:03Z,TSLA,TSLAx,xStocks (Backed),solana,raydium,USDC,HHQUnUbmWLrYzkscDY1C3deEFbGtiGBGoHjpANogmvum,382.78,382.7,2026-10-09T20:00:00Z,CLOSED,0.0209,401115.3,3413.59,97,1,0
2026-10-11T00:50:03Z,TSLA,TSLAx,xStocks (Backed),solana,meteora,SOL,CHGfdEfKFYDWGPASCsZnpkDzvpLKNEVoAb4UEorPPkGK,383.017,382.7,2026-10-09T20:00:00Z,CLOSED,0.0828,10530.8,10822.59,553,1,0
2026-10-11T00:50:03Z,TSLA,TSLAx,xStocks (Backed),solana,orca,SOL,26UY4D6pBHgxYdPWuBP3sfyc4jJf6qQjPDxCJPhtUx3H,377.6,382.7,2026-10-09T20:00:00Z,CLOSED,-1.3326,9568.03,476.61,15,1,0
2026-10-11T00:50:03Z,TSLA,TSLAx,xStocks (Backed),solana,meteora,NVDAx,8is7SBzMYLUTUtVU5H4QEPkgeQP7WaM7rQ6QPxXTa4PB,382.12,382.7,2026-10-09T20:00:00Z,CLOSED,-0.1516,6348.13,163.77,29,0,0
2026-10-11T00:50:03Z,TSLA,TSLAx,xStocks (Backed),solana,pancakeswap,SOL,EYF6xVtA8EGqjFdx5bgc3i6jMmyr8t6rXMTyqbyvKaW3,381.6,382.7,2026-10-09T20:00:00Z,CLOSED,-0.2874,26281.3,3872.01,789,1,0
2026-10-11T00:50:03Z,TSLA,TSLAx,xStocks (Backed),solana,pancakeswap,USDC,2JUpEKcYkSytu3aWk7QzohPNX2hY8shEakEcmn3SgXFD,382.14,382.7,2026-10-09T20:00:00Z,CLOSED,-0.1463,13169.41,2564.5,267,1,0
2026-10-11T00:50:03Z,TSLA,TSLAon,Ondo Global Markets,ethereum,uniswap,USDC,0x31227b50eCCDC9C589826AA2D9E7C5619B1895Da,383.44,382.7,2026-10-09T20:00:00Z,CLOSED,0.1934,81709.63,12238.18,67,1,0
2026-10-11T00:50:03Z,TSLA,TSLAon,Ondo Global Markets,ethereum,0x00a38533c68327aBE0Cc265436e036066E2D6B38,USDC,0x49b7b66457297f9E0E763BBb151B6DB0c149E988,381.9,382.7,2026-10-09T20:00:00Z,CLOSED,-0.209,36286.78,2.19,1,1,0
2026-10-11T00:50:03Z,TSLA,TSLAon,Ondo Global Markets,ethereum,0x00a38533c68327aBE0Cc265436e036066E2D6B38,USDC,0xfd62Ce2489f37B9357CD1Aa66a33351580B33231,382.6,382.7,2026-10-09T20:00:00Z,CLOSED,-0.0261,28715.63,2.96,1,1,0
2026-10-11T00:50:03Z,TSLA,TSLAon,Ondo Global Markets,ethereum,0x00a38533c68327aBE0Cc265436e036066E2D6B38,USDC,0xbcD5a4823C3B3faF81EECEfd3b37E1185419E9Ee,383.17,382.7,2026-10-09T20:00:00Z,CLOSED,0.1228,26849.54,176.84,8,1,0
2026-10-11T00:50:03Z,NVDA,NVDAx,xStocks (Backed),solana,raydium,USDC,49iMatQtoyabsYAQc8GafVq6aeBFVDxSRH44oiatyyw6,230.87,229.28,2026-10-09T20:00:00Z,CLOSED,0.6935,3303879.04,1127760.2,14123,1,0
2026-10-11T00:50:03Z,NVDA,NVDAx,xStocks (Backed),solana,orca,USDC,6R4r93V5fcMzc13CL2enEepDSYcr4Qx3ptZBDwudTXCo,230.75,229.28,2026-10-09T20:00:00Z,CLOSED,0.6411,476670.12,1148525.65,9652,1,0
2026-10-11T00:50:03Z,NVDA,NVDAx,xStocks (Backed),solana,raydium,SOL,38rXq2BuwdNcfnwydw6S2srpNK9N4gVzf39f69suPMsF,231.087,229.28,2026-10-09T20:00:00Z,CLOSED,0.7881,285951.38,295095.6,3514,1,0
2026-10-11T00:50:03Z,NVDA,NVDAx,xStocks (Backed),solana,meteora,SOL,FCn5zw4gAcfRpQgst5ThFuzBGXbbJ6RocVErgC4vJ9j1,231.22,229.28,2026-10-09T20:00:00Z,CLOSED,0.8461,181558.85,453124.17,1765,1,0
2026-10-11T00:50:03Z,NVDA,NVDAx,xStocks (Backed),solana,orca,SOL,8Vy5Rjb9vg5nLb8L1r4Di8p9py5BTkp8UJSMHG8AD2zs,230.54,229.28,2026-10-09T20:00:00Z,CLOSED,0.5495,77071.22,121398.59,2036,1,0
2026-10-11T00:50:03Z,NVDA,NVDAx,xStocks (Backed),solana,raydium,USDC,4KqQN6u1pFKroFE2jVEhoepAMRKPcuAzWVDCgm9zRBYN,230.6,229.28,2026-10-09T20:00:00Z,CLOSED,0.5757,118542.7,958.44,17,1,0
2026-10-11T00:50:03Z,NVDA,NVDAx,xStocks (Backed),solana,meteora,USDC,8Xx3VeN92DsZksHs2nXMiJUcR5JBofqmbXqacoeUTj2g,230.74,229.28,2026-10-09T20:00:00Z,CLOSED,0.6368,10804.88,856.88,287,1,0
2026-10-11T00:50:03Z,NVDA,NVDAon,Ondo Global Markets,ethereum,uniswap,USDC,0xc9b4bC7C15423FCFe6B75aB5118bA773945A3A46,230.5,229.28,2026-10-09T20:00:00Z,CLOSED,0.5321,306950.32,54836.16,306,1,0
2026-10-11T00:50:03Z,NVDA,NVDAon,Ondo Global Markets,ethereum,uniswap,USDC,0xa9a6651fba74df1aab94065ffaabe750d6ed835b94a9e28925ec79beec2d5f73,230.16,229.28,2026-10-09T20:00:00Z,CLOSED,0.3838,26303.1,2413.46,33,1,0
2026-10-11T00:50:03Z,NVDA,NVDAon,Ondo Global Markets,ethereum,uniswap,USDC,0xf5294094BCe435bFbd0eC488be5C462aAF32Bc7A,231.16,229.28,2026-10-09T20:00:00Z,CLOSED,0.82,13767.9,37.91,1,1,0
2026-10-11T00:50:03Z,NVDA,NVDAon,Ondo Global Markets,ethereum,uniswap,ZIK,0xeb35140d8090c35e75cdb8971f45eb2a1c553ec381ba361e89473f2ee292db39,232.12,229.28,2026-10-09T20:00:00Z,CLOSED,1.2387,8153.01,0.0,1,0,0
2026-10-11T00:50:03Z,NVDA,NVDAon,Ondo Global Markets,ethereum,uniswap,ZIK,0xeA0F5b999C66214De7300c5910171A356fdfb3d0,231.082,229.28,2026-10-09T20:00:00Z,CLOSED,0.7859,7492.97,1.22,1,0,0
2026-10-11T00:50:03Z,NVDA,NVDAon,Ondo Global Markets,bsc,pancakeswap,USDT,0xB90BDBFBdfFd4Af5a636b5805539eDeafb969308,231.83,229.28,2026-10-09T20:00:00Z,CLOSED,1.1122,9648.58,27.12,15,1,0
2026-10-11T00:50:03Z,AAPL,AAPLx,xStocks (Backed),solana,raydium,USDC,CKwJZwm7oj3nu4653N1EpDrqXbXAYXoPFiPeEnLouF8y,337.29,336.64,2026-10-09T20:00:00Z,CLOSED,0.1931,337659.63,34502.94,650,1,0
2026-10-11T00:50:03Z,AAPL,AAPLx,xStocks (Backed),solana,orca,SOL,5VgwxAPD37EHPqtW6v6gWq2bznPDqvpaGDuJoyGm6aJG,336.69,336.64,2026-10-09T20:00:00Z,CLOSED,0.0149,25262.68,1435.42,75,1,0
2026-10-11T00:50:03Z,AAPL,AAPLx,xStocks (Backed),solana,orca,USDC,CNsYTuhHBkLQmoWtdoQxqkNxtyhXYvWvQJqzmG2evNEa,336.89,336.64,2026-10-09T20:00:00Z,CLOSED,0.0743,21094.09,2583.67,42,1,0
2026-10-11T00:50:03Z,AAPL,AAPLx,xStocks (Backed),solana,meteora,SOL,3oJpVmbKATLWbKg4G3o1VBfDSMXQJwMv9VqgnS7yXf4R,335.4,336.64,2026-10-09T20:00:00Z,CLOSED,-0.3683,10438.58,1160.72,32,1,0
2026-10-11T00:50:03Z,AAPL,AAPLx,xStocks (Backed),solana,orca,SOL,HQijmgUPWBCYyvjBCymBVS9MZbJPmdJuvQXSfFtTZRz5,336.91,336.64,2026-10-09T20:00:00Z,CLOSED,0.0802,7571.31,3444.14,198,1,0
2026-10-11T00:50:03Z,AAPL,AAPLx,xStocks (Backed),solana,raydium,SOL,EUnoAwXybSenwkvQ3Qp4aWQxmw2AZrVCbAn6Sztjhbjo,337.62,336.64,2026-10-09T20:00:00Z,CLOSED,0.2911,5810.66,355.11,17,1,0
2026-10-11T00:50:03Z,AAPL,AAPLx,xStocks (Backed),solana,raydium,USDC,ApniVWuZbZoruTAJdyJcLBA4AVw4DKGdV5fHxo6qrAZT,337.025,336.64,2026-10-09T20:00:00Z,CLOSED,0.1144,254459.33,17339.62,755,1,0
2026-10-11T00:50:03Z,AAPL,AAPLon,Ondo Global Markets,ethereum,uniswap,USDC,0xad82C9EB065a5CFed71DB087e4a52C8a09c69921,336.096,336.64,2026-10-09T20:00:00Z,CLOSED,-0.1616,41622.84,630.24,6,1,0
2026-10-11T00:50:03Z,AAPL,AAPLon,Ondo Global Markets,ethereum,0x00a38533c68327aBE0Cc265436e036066E2D6B38,USDC,0x0d3A432237328D279EcD4A3ED5F462C2A84d8017,337.12,336.64,2026-10-09T20:00:00Z,CLOSED,0.1426,15418.6,77.13,2,1,0
2026-10-11T00:50:03Z,AAPL,AAPLon,Ondo Global Markets,bsc,pancakeswap,ASX,0x061306dF92c6a0538154A40F060573Be638B1066,338.87,336.64,2026-10-09T20:00:00Z,CLOSED,0.6624,8191.27,2.5,3,0,0
2026-10-11T00:50:03Z,MSFT,MSFTon,Ondo Global Markets,ethereum,uniswap,USDC,0xb97c30485cfdb895a811331e2a3aab1233a5bf8ff27b6be149edbdc7e9a37333,521.8,535.07,2026-10-09T20:00:01Z,CLOSED,-2.48,9901.66,173.63,1,1,0
2026-10-11T00:50:03Z,AMZN,AMZNx,xStocks (Backed),solana,raydium,USDC,6m5aXAve4uh6Kt4ytKyCLWNMjd8PYP5vujwNCtycrUiD,262.21,262.43,2026-10-09T20:00:01Z,CLOSED,-0.0838,403717.09,80134.11,481,1,0
2026-10-11T00:50:03Z,AMZN,AMZNx,xStocks (Backed),solana,raydium,SOL,HWZk6MfN28mYqDN1igNETjN2kueEryL33oVgt92Wkv6N,261.71,262.43,2026-10-09T20:00:01Z,CLOSED,-0.2744,28815.9,8550.05,217,1,0
2026-10-11T00:50:03Z,AMZN,AMZNx,xStocks (Backed),solana,meteora,SOL,DXAbc6Q3BzfnWbJKVdVyEdLfvMprMNtxb8iz36W2ttZj,262.32,262.43,2026-10-09T20:00:01Z,CLOSED,-0.0419,6713.72,312.59,67,1,0
2026-10-11T00:50:03Z,AMZN,AMZNon,Ondo Global Markets,bsc,pancakeswap,WBNB,0x8617Ba6DEEE616694601ADc41Ab7ffE0e610907E,261.024,262.43,2026-10-09T20:00:01Z,CLOSED,-0.5358,6523.43,44.21,21,1,0
2026-10-11T00:50:03Z,GOOGL,GOOGLx,xStocks (Backed),solana,raydium,USDC,B8YAwjGYk6qidWzGBXMAxP7nYfG8g74EZ3Y4gFSsobRw,352.45,351.66,2026-10-09T20:00:00Z,CLOSED,0.2246,1643990.5,535616.01,10026,1,0
2026-10-11T00:50:03Z,GOOGL,GOOGLx,xStocks (Backed),solana,orca,USDC,GxgCVoHKS4yWz2DqYML2vgXDLVHCwGSy76MMjbKejnZk,351.57,351.66,2026-10-09T20:00:00Z,CLOSED,-0.0256,72263.32,626608.09,7783,1,0
2026-10-11T00:50:03Z,GOOGL,GOOGLx,xStocks (Backed),solana,meteora,SOL,CmcVVxuMMCdsevwThLwU4PdESB5NxiZJU4mGrxB6QDE4,351.063,351.66,2026-10-09T20:00:00Z,CLOSED,-0.1698,150436.52,154012.04,2658,1,0
2026-10-11T00:50:03Z,GOOGL,GOOGLx,xStocks (Backed),solana,raydium,SOL,3P1PwneDrKfyUVQstaqAQDBWnK2Mcqi1xZ9nteMhDbSB,353.72,351.66,2026-10-09T20:00:00Z,CLOSED,0.5858,123569.06,26765.13,523,1,0
2026-10-11T00:50:03Z,GOOGL,GOOGLx,xStocks (Backed),solana,orca,USDC,Bd8GgEYaHi3zkyjr5ojQKXA82wYqGpB3suV9PQJ8kJ1b,351.57,351.66,2026-10-09T20:00:00Z,CLOSED,-0.0256,56451.06,7888.75,150,1,0
2026-10-11T00:50:03Z,GOOGL,GOOGLx,xStocks (Backed),solana,orca,SOL,Bh3njVo6i3UjgmaevEQMGoidphcueNjoPqGkYLbthzV5,352.17,351.66,2026-10-09T20:00:00Z,CLOSED,0.145,18433.28,24086.31,888,1,0
2026-10-11T00:50:03Z,GOOGL,GOOGLx,xStocks (Backed),solana,orca,USDC,FaGxc8NXSXBrT6idTxjw3o8et4MmFjxRMQvVF7ChsgZV,351.65,351.66,2026-10-09T20:00:00Z,CLOSED,-0.0028,5468.7,38.17,13,1,0
2026-10-11T00:50:03Z,GOOGL,GOOGLx,xStocks (Backed),solana,raydium,USDC,9sw1NZjXFsy5GKkqMpQWV7wopGgMcdkanDqg3f15zQZv,352.094,351.66,2026-10-09T20:00:00Z,CLOSED,0.1234,65884.85,24575.33,512,1,0
2026-10-11T00:50:03Z,GOOGL,GOOGLon,Ondo Global Markets,ethereum,uniswap,USDC,0x39FCB1935f6Ccb0A106D05eB928205C59646af57,351.034,351.66,2026-10-09T20:00:00Z,CLOSED,-0.178,54017.7,951.49,2,1,0
2026-10-11T00:50:03Z,META,METAx,xStocks (Backed),solana,raydium,USDC,3L7KbPVaAQA4UTecaGQYsm6UCq5F3sZM9zAYkxqYt63j,720.78,718.67,2026-10-09T20:00:01Z,CLOSED,0.2936,820102.07,86847.75,1748,1,0
2026-10-11T00:50:03Z,META,METAx,xStocks (Backed),solana,orca,USDC,59qH56HhMXrXiCMWH46NZ5M3SWhyzVzZnvMP2R27aR7Z,719.94,718.67,2026-10-09T20:00:01Z,CLOSED,0.1767,74865.72,1952.83,109,1,0
2026-10-11T00:50:03Z,META,METAx,xStocks (Backed),solana,meteora,SOL,DUKmnaXkB6AoYBUkeeb25Arfq4oeK4XPf4gkYe7evwkh,718.78,718.67,2026-10-09T20:00:01Z,CLOSED,0.0153,16943.79,2538.21,97,1,0
2026-10-11T00:50:03Z,META,METAx,xStocks (Backed),solana,raydium,SOL,BE9uiVCxUovYpgA6ard68QRRzo3sCneAkhUtSgy8AjVW,719.31,718.67,2026-10-09T20:00:01Z,CLOSED,0.0891,41148.46,28874.44,849,1,0
2026-10-11T00:50:03Z,META,METAx,xStocks (Backed),solana,raydium,USDC,DpzGDvRfwDk4xfydfjRoSeE9fm1mQnTd3zQaSKhw1oE6,720.71,718.67,2026-10-09T20:00:01Z,CLOSED,0.2839,44466.02,11592.01,258,1,0
2026-10-11T00:50:03Z,META,METAx,xStocks (Backed),solana,meteora,USDC,D8pGWVN3vWeyexBtMZjyyPbcLhM1oeTEMibE9h3nNRYL,719.93,718.67,2026-10-09T20:00:01Z,CLOSED,0.1753,17365.12,12288.82,672,1,0
2026-10-11T00:50:03Z,MSTR,MSTRx,xStocks (Backed),solana,raydium,SOL,2ngTuP7xA581dqX9uJkGRqxmKuehY3k4SDfPebeoRG2J,155.056,154.34,2026-10-09T20:00:01Z,CLOSED,0.4639,825460.49,138720.27,1178,1,0
2026-10-11T00:50:03Z,MSTR,MSTRx,xStocks (Backed),solana,raydium,USDC,RyhF4cksVZY7vcqJpoytHcxcGNKRp27PEGhSnEPpbGv,155.58,154.34,2026-10-09T20:00:01Z,CLOSED,0.8034,830036.45,67860.12,271,1,0
2026-10-11T00:50:03Z,MSTR,MSTRx,xStocks (Backed),solana,raydium,cbBTC,CJJV5dsFXcSoKvjmurS1nfBioH3KcTkP1s23SgQz1Jrs,155.67,154.34,2026-10-09T20:00:01Z,CLOSED,0.8617,47069.28,5592.84,56,0,0
2026-10-11T00:50:03Z,MSTR,MSTRx,xStocks (Backed),solana,orca,USDC,CHSijZ92W1A5z93WzGjvBygtxN2LWgAt58uejMDmFVpY,155.23,154.34,2026-10-09T20:00:01Z,CLOSED,0.5766,38062.85,117.09,27,1,0
2026-10-11T00:50:03Z,MSTR,MSTRx,xStocks (Backed),solana,orca,SOL,HzyHKnwmRnnu3yZKzvqfhm2VeWo8V4qWtyNVGVLXrcjC,155.45,154.34,2026-10-09T20:00:01Z,CLOSED,0.7192,29917.73,341.67,16,1,0
2026-10-11T00:50:03Z,MSTR,MSTRx,xStocks (Backed),solana,orca,USDC,BCvzjDbADhnT3K35kc5TSeMAafNgu9KZVywUq9zWH2mA,155.28,154.34,2026-10-09T20:00:01Z,CLOSED,0.609,5753.13,1006.01,424,1,0
2026-10-11T00:50:03Z,MSTR,MSTRx,xStocks (Backed),solana,meteora,SOL,8yvEgE72BvZs86ZRr9j6ZHgn1zgVpBz2gTmwq7tMcgyH,155.36,154.34,2026-10-09T20:00:01Z,CLOSED,0.6609,7233.68,475.85,96,1,0
2026-10-11T00:50:03Z,MSTR,MSTRx,xStocks (Backed),solana,meteora,CRCLx,ExwtCL871L2QhHw7EikDPBHfoEHzadxcepdw1Fs3ofoR,155.25,154.34,2026-10-09T20:00:01Z,CLOSED,0.5896,8059.97,455.29,38,0,0
2026-10-11T00:50:03Z,COIN,COINx,xStocks (Backed),solana,raydium,USDC,w7SGmPeXoMCsjvXqgsAmUn56uypyDsjAtsxeVkaiqxa,180.72,179.39,2026-10-09T20:00:01Z,CLOSED,0.7414,1500938.87,21576.69,349,1,0
2026-10-11T00:50:03Z,COIN,COINx,xStocks (Backed),solana,raydium,SOL,9NJ7rtJzEnfwvoM6HyB2v6YHcsfS6ZY9DFGprphVX6W,181.25,179.39,2026-10-09T20:00:01Z,CLOSED,1.0368,121050.73,4538.59,80,1,0
2026-10-11T00:50:03Z,COIN,COINx,xStocks (Backed),solana,orca,USDC,7ouGUDRMy4C9RJpTgPizRyfcxyJusAEe9ZbjqYv7BSqe,180.65,179.39,2026-10-09T20:00:01Z,CLOSED,0.7024,29724.78,5789.02,182,1,0
2026-10-11T00:50:03Z,COIN,COINx,xStocks (Backed),solana,orca,SOL,A4D97SV1dfCffDo58FEJtZoYycqVTaGVZiDdLiZffDNK,180.71,179.39,2026-10-09T20:00:01Z,CLOSED,0.7358,25331.27,3833.51,240,1,0
2026-10-11T00:50:03Z,COIN,COINx,xStocks (Backed),solana,orca,CRCLx,FP4TT9AEqR8GcdWYEv2Jp3Vee9QvGWaCmFuaqAP2wjxL,180.74,179.39,2026-10-09T20:00:01Z,CLOSED,0.7526,8028.74,3.45,9,0,0
2026-10-11T00:50:03Z,HOOD,HOODx,xStocks (Backed),solana,raydium,USDC,DXWbip5LducMAbDSSpLYz9Xik3253EPeAYQufQtx7LXs,108.7,109.02,2026-10-09T20:00:01Z,CLOSED,-0.2935,1431727.33,668.14,29,1,0
2026-10-11T00:50:03Z,HOOD,HOODx,xStocks (Backed),solana,orca,USDC,48dhPm83sXfnRMxKRfv2YuE45DPqrhwPMvGrnTLufvFf,109.54,109.02,2026-10-09T20:00:01Z,CLOSED,0.477,83479.09,10582.73,149,1,0
2026-10-11T00:50:03Z,HOOD,HOODx,xStocks (Backed),solana,raydium,SOL,DznDQ6YVmgtZAvwZ4ui6k9MNun9uaozyVFFsiAeAs9f,109.59,109.02,2026-10-09T20:00:01Z,CLOSED,0.5228,46904.61,230.83,13,1,0
2026-10-11T00:50:03Z,HOOD,HOODx,xStocks (Backed),solana,meteora,SOL,DQ8fjmP2haYxyyJRU99aCaHznK1GSihYyBRZxfP9sfbU,109.27,109.02,2026-10-09T20:00:01Z,CLOSED,0.2293,6458.79,2473.93,175,1,0
2026-10-11T00:50:03Z,CRCL,CRCLon,Ondo Global Markets,ethereum,0x00a38533c68327aBE0Cc265436e036066E2D6B38,USDC,0xb91e13F4c93De2F7F007Fa0407EC4226f03B408F,84.75,84.51,2026-10-09T20:00:02Z,CLOSED,0.284,9947.11,130.9,1,1,0
2026-10-11T00:50:03Z,SPY,SPYx,xStocks (Backed),solana,raydium,USDC,4pCZCVEiYyT4efNdXUdL2tJF8VGMgiMXrZWq6FiNXhRw,783.22,778.57,2026-10-09T20:00:00Z,CLOSED,0.5972,522704.49,846802.24,4243,1,0
2026-10-11T00:50:03Z,SPY,SPYx,xStocks (Backed),solana,raydium,SOL,BS9uyGV6XmNnPkM4f3xgxCdQEaFv7RSKs6fwrpvYHxfL,781.23,778.57,2026-10-09T20:00:00Z,CLOSED,0.3417,1035088.76,190627.37,1281,1,0
2026-10-11T00:50:03Z,SPY,SPYx,xStocks (Backed),solana,orca,USDC,Fae5dWVntUt6zbWu2voXxioDpMii7SqQwtsxBmoVCsHR,783.31,778.57,2026-10-09T20:00:00Z,CLOSED,0.6088,319720.35,19118.24,361,1,0
2026-10-11T00:50:03Z,SPY,SPYx,xStocks (Backed),solana,raydium,USDC,6truu3rZuiB9rKQg4VYC3Dt3QwV7DgwGqXrYUcrvnDDE,783.74,778.57,2026-10-09T20:00:00Z,CLOSED,0.664,2201597.1,29546.22,199,1,0
2026-10-11T00:50:03Z,SPY,SPYx,xStocks (Backed),solana,raydium,USDC,7sHMnvE7WqP7vQFWJGEnMT4vZg6Za9K7PpddDoXJCqME,782.8,778.57,2026-10-09T20:00:00Z,CLOSED,0.5433,76655.28,164.12,53,1,0
2026-10-11T00:50:03Z,SPY,SPYx,xStocks (Backed),solana,meteora,SOL,5JWX8pQhJNpFMjPwKhFSSVWRpss4wSyoqgRGnBNJfyuX,778.68,778.57,2026-10-09T20:00:00Z,CLOSED,0.0141,33759.32,3751.35,274,1,0
2026-10-11T00:50:03Z,SPY,SPYx,xStocks (Backed),solana,orca,USDC,gef4pD5g6GJSjX7hfXKUfhCVpE89BzX9TXnXJNW6kSt,783.29,778.57,2026-10-09T20:00:00Z,CLOSED,0.6062,12173.05,1912.85,749,1,0
2026-10-11T00:50:03Z,SPY,SPYx,xStocks (Backed),solana,orca,QQQx,7mYFrN2TQtYc2HMZEXuVfWkPu9n5EFfX9Ha59X3n6PWE,783.094,778.57,2026-10-09T20:00:00Z,CLOSED,0.5811,11898.27,1145.15,122,0,0
2026-10-11T00:50:03Z,SPY,SPYx,xStocks (Backed),solana,orca,USDY,DauJvXRsc5YUtabDd2jGTcSvTn63qpmteGcVGkRcjBGa,783.98,778.57,2026-10-09T20:00:00Z,CLOSED,0.6949,5136.78,0.77,1,0,0
2026-10-11T00:50:03Z,SPY,SPYx,xStocks (Backed),solana,pancakeswap,USDC,Ph2aw6fSKja9MT39L27gwJcZi3F8hZL4xMnuVh36h8a,783.22,778.57,2026-10-09T20:00:00Z,CLOSED,0.5972,31402.63,23655.3,1294,1,0
2026-10-11T00:50:03Z,SPY,SPYx,xStocks (Backed),solana,orca,SOL,DAcfUT7Xnfm91xv4YZojgpYirLC3JfDG6PbtNqtaAkTn,778.47,778.57,2026-10-09T20:00:00Z,CLOSED,-0.0128,35882.97,2819.39,167,1,0
2026-10-11T00:50:03Z,QQQ,QQQx,xStocks (Backed),solana,raydium,USDC,GMjGLWzvK75LPetrgAmdeXnvxc4fUuQPwJxeQqTDU1aG,753.96,751.27,2026-10-09T20:00:00Z,CLOSED,0.3581,2215399.49,37921.44,234,1,0
2026-10-11T00:50:03Z,QQQ,QQQx,xStocks (Backed),solana,raydium,SOL,B6FEtQdwsq8Wuw4G52pW9WEWEA7ALGfyUgXDRKigDSHH,752.2,751.27,2026-10-09T20:00:00Z,CLOSED,0.1238,119755.21,7071.57,193,1,0
2026-10-11T00:50:03Z,QQQ,QQQx,xStocks (Backed),solana,raydium,USDC,FknDV1F5n6QaA7rLmjquDjuU6wcPMNm5RYq7zWbqhpZw,753.88,751.27,2026-10-09T20:00:00Z,CLOSED,0.3474,35213.26,39.05,8,1,0
2026-10-11T00:50:03Z,QQQ,QQQx,xStocks (Backed),solana,raydium,SPYx,FN27PwZpDnSBNZR5vzx6B7waxowV84ZNFQrzgr6XeYbf,754.15,751.27,2026-10-09T20:00:00Z,CLOSED,0.3834,34998.14,516.48,8,0,0
2026-10-11T00:50:03Z,QQQ,QQQx,xStocks (Backed),solana,orca,USDC,3GVB4bXtcrP3MM376mrcJDwfTNThvyorLmVgSTf6kxFt,753.14,751.27,2026-10-09T20:00:00Z,CLOSED,0.2489,14357.54,119.27,20,1,0
2026-10-11T00:50:03Z,QQQ,QQQx,xStocks (Backed),solana,pancakeswap,USDC,DLm3szGd5VdiiLXp8i89j95FuUN9KKWtYF7XfmVvLTML,753.89,751.27,2026-10-09T20:00:00Z,CLOSED,0.3487,33735.16,940.69,27,1,0
2026-10-11T01:00:03Z,TSLA,TSLAx,xStocks (Backed),solana,orca,USDC,9p7abUFv31ycgu9kckvnoqMMvBy67dqTDM2m6HP9xokN,382.23,382.7,2026-10-09T20:00:00Z,CLOSED,-0.1228,93485.95,184155.77,5374,1,0
2026-10-11T01:00:03Z,TSLA,TSLAx,xStocks (Backed),solana,raydium,USDC,8aDaBQkTrS6HVMjyc6EZebgdiaXhLYGriDWKWWp1NpFF,382.13,382.7,2026-10-09T20:00:00Z,CLOSED,-0.1489,2332401.99,208030.47,2351,1,0
2026-10-11T01:00:03Z,TSLA,TSLAx,xStocks (Backed),solana,raydium,SOL,CKmjDiqBCRqR8xk5FjnFiQXuCFsGchiLv9YwYVnE5RJ8,381.55,382.7,2026-10-09T20:00:00Z,CLOSED,-0.3005,98184.0,56130.17,720,1,0
2026-10-11T01:00:03Z,TSLA,TSLAx,xStocks (Backed),solana,raydium,USDC,HHQUnUbmWLrYzkscDY1C3deEFbGtiGBGoHjpANogmvum,382.78,382.7,2026-10-09T20:00:00Z,CLOSED,0.0209,401115.3,3413.59,97,1,0
2026-10-11T01:00:03Z,TSLA,TSLAx,xStocks (Backed),solana,meteora,SOL,CHGfdEfKFYDWGPASCsZnpkDzvpLKNEVoAb4UEorPPkGK,383.017,382.7,2026-10-09T20:00:00Z,CLOSED,0.0828,10530.8,10581.61,551,1,0
2026-10-11T01:00:03Z,TSLA,TSLAx,xStocks (Backed),solana,orca,SOL,26UY4D6pBHgxYdPWuBP3sfyc4jJf6qQjPDxCJPhtUx3H,377.6,382.7,2026-10-09T20:00:00Z,CLOSED,-1.3326,9568.03,476.61,15,1,0
2026-10-11T01:00:03Z,TSLA,TSLAx,xStocks (Backed),solana,meteora,NVDAx,8is7SBzMYLUTUtVU5H4QEPkgeQP7WaM7rQ6QPxXTa4PB,382.12,382.7,2026-10-09T20:00:00Z,CLOSED,-0.1516,6348.13,139.74,26,0,0
2026-10-11T01:00:03Z,TSLA,TSLAx,xStocks (Backed),solana,pancakeswap,SOL,EYF6xVtA8EGqjFdx5bgc3i6jMmyr8t6rXMTyqbyvKaW3,381.64,382.7,2026-10-09T20:00:00Z,CLOSED,-0.277,26279.16,3880.52,792,1,0
2026-10-11T01:00:03Z,TSLA,TSLAx,xStocks (Backed),solana,pancakeswap,USDC,2JUpEKcYkSytu3aWk7QzohPNX2hY8shEakEcmn3SgXFD,382.14,382.7,2026-10-09T20:00:00Z,CLOSED,-0.1463,13169.41,2564.5,267,1,0
2026-10-11T01:00:03Z,TSLA,TSLAon,Ondo Global Markets,ethereum,uniswap,USDC,0x31227b50eCCDC9C589826AA2D9E7C5619B1895Da,383.44,382.7,2026-10-09T20:00:00Z,CLOSED,0.1934,81709.63,12238.18,67,1,0
2026-10-11T01:00:03Z,TSLA,TSLAon,Ondo Global Markets,ethereum,0x00a38533c68327aBE0Cc265436e036066E2D6B38,USDC,0x49b7b66457297f9E0E763BBb151B6DB0c149E988,381.9,382.7,2026-10-09T20:00:00Z,CLOSED,-0.209,36286.78,2.19,1,1,0
2026-10-11T01:00:03Z,TSLA,TSLAon,Ondo Global Markets,ethereum,0x00a38533c68327aBE0Cc265436e036066E2D6B38,USDC,0xbcD5a4823C3B3faF81EECEfd3b37E1185419E9Ee,383.17,382.7,2026-10-09T20:00:00Z,CLOSED,0.1228,26849.54,176.84,8,1,0
2026-10-11T01:00:03Z,NVDA,NVDAx,xStocks (Backed),solana,raydium,USDC,49iMatQtoyabsYAQc8GafVq6aeBFVDxSRH44oiatyyw6,230.86,229.28,2026-10-09T20:00:00Z,CLOSED,0.6891,3303808.9,1122751.36,14096,1,0
2026-10-11T01:00:03Z,NVDA,NVDAx,xStocks (Backed),solana,orca,USDC,6R4r93V5fcMzc13CL2enEepDSYcr4Qx3ptZBDwudTXCo,230.71,229.28,2026-10-09T20:00:00Z,CLOSED,0.6237,476636.13,1155147.9,9624,1,0
2026-10-11T01:00:03Z,NVDA,NVDAx,xStocks (Backed),solana,raydium,SOL,38rXq2BuwdNcfnwydw6S2srpNK9N4gVzf39f69suPMsF,231.098,229.28,2026-10-09T20:00:00Z,CLOSED,0.7929,286060.34,295804.14,3529,1,0
2026-10-11T01:00:03Z,NVDA,NVDAx,xStocks (Backed),solana,meteora,SOL,FCn5zw4gAcfRpQgst5ThFuzBGXbbJ6RocVErgC4vJ9j1,231.26,229.28,2026-10-09T20:00:00Z,CLOSED,0.8636,181592.14,453116.72,1767,1,0
2026-10-11T01:00:03Z,NVDA,NVDAx,xStocks (Backed),solana,orca,SOL,8Vy5Rjb9vg5nLb8L1r4Di8p9py5BTkp8UJSMHG8AD2zs,230.53,229.28,2026-10-09T20:00:00Z,CLOSED,0.5452,77086.29,121961.74,2045,1,0
2026-10-11T01:00:03Z,NVDA,NVDAx,xStocks (Backed),solana,raydium,USDC,4KqQN6u1pFKroFE2jVEhoepAMRKPcuAzWVDCgm9zRBYN,230.6,229.28,2026-10-09T20:00:00Z,CLOSED,0.5757,118542.7,958.44,17,1,0
2026-10-11T01:00:03Z,NVDA,NVDAx,xStocks (Backed),solana,meteora,USDC,8Xx3VeN92DsZksHs2nXMiJUcR5JBofqmbXqacoeUTj2g,230.74,229.28,2026-10-09T20:00:00Z,CLOSED,0.6368,10804.88,856.05,283,1,0
2026-10-11T01:00:03Z,NVDA,NVDAon,Ondo Global Markets,ethereum,uniswap,USDC,0xc9b4bC7C15423FCFe6B75aB5118bA773945A3A46,230.49,229.28,2026-10-09T20:00:00Z,CLOSED,0.5277,306953.88,53600.13,290,1,0
2026-10-11T01:00:03Z,NVDA,NVDAon,Ondo Global Markets,ethereum,uniswap,USDC,0xa9a6651fba74df1aab94065ffaabe750d6ed835b94a9e28925ec79beec2d5f73,230.16,229.28,2026-10-09T20:00:00Z,CLOSED,0.3838,26303.1,2413.46,33,1,0
2026-10-11T01:00:03Z,NVDA,NVDAon,Ondo Global Markets,ethereum,uniswap,USDC,0xf5294094BCe435bFbd0eC488be5C462aAF32Bc7A,231.16,229.28,2026-10-09T20:00:00Z,CLOSED,0.82,13767.9,37.91,1,1,0
2026-10-11T01:00:03Z,NVDA,NVDAon,Ondo Global Markets,ethereum,uniswap,ZIK,0xeb35140d8090c35e75cdb8971f45eb2a1c553ec381ba361e89473f2ee292db39,232.12,229.28,2026-10-09T20:00:00Z,CLOSED,1.2387,8153.01,0.0,1,0,0
2026-10-11T01:00:03Z,NVDA,NVDAon,Ondo Global Markets,ethereum,uniswap,ZIK,0xeA0F5b999C66214De7300c5910171A356fdfb3d0,231.082,229.28,2026-10-09T20:00:00Z,CLOSED,0.7859,7492.97,1.22,1,0,0
2026-10-11T01:00:03Z,NVDA,NVDAon,Ondo Global Markets,bsc,pancakeswap,USDT,0xB90BDBFBdfFd4Af5a636b5805539eDeafb969308,231.83,229.28,2026-10-09T20:00:00Z,CLOSED,1.1122,9648.58,27.12,15,1,0
2026-10-11T01:00:03Z,AAPL,AAPLx,xStocks (Backed),solana,raydium,USDC,CKwJZwm7oj3nu4653N1EpDrqXbXAYXoPFiPeEnLouF8y,337.29,336.64,2026-10-09T20:00:00Z,CLOSED,0.1931,337659.63,34496.89,639,1,0
2026-10-11T01:00:03Z,AAPL,AAPLx,xStocks (Backed),solana,orca,SOL,5VgwxAPD37EHPqtW6v6gWq2bznPDqvpaGDuJoyGm6aJG,336.69,336.64,2026-10-09T20:00:00Z,CLOSED,0.0149,25262.68,1435.42,75,1,0
2026-10-11T01:00:03Z,AAPL,AAPLx,xStocks (Backed),solana,orca,USDC,CNsYTuhHBkLQmoWtdoQxqkNxtyhXYvWvQJqzmG2evNEa,336.89,336.64,2026-10-09T20:00:00Z,CLOSED,0.0743,21094.09,2583.67,42,1,0
2026-10-11T01:00:03Z,AAPL,AAPLx,xStocks (Backed),solana,meteora,SOL,3oJpVmbKATLWbKg4G3o1VBfDSMXQJwMv9VqgnS7yXf4R,335.4,336.64,2026-10-09T20:00:00Z,CLOSED,-0.3683,10438.58,1158.76,31,1,0
2026-10-11T01:00:03Z,AAPL,AAPLx,xStocks (Backed),solana,orca,SOL,HQijmgUPWBCYyvjBCymBVS9MZbJPmdJuvQXSfFtTZRz5,337.33,336.64,2026-10-09T20:00:00Z,CLOSED,0.205,7577.26,3490.09,201,1,0
2026-10-11T01:00:03Z,AAPL,AAPLx,xStocks (Backed),solana,raydium,SOL,EUnoAwXybSenwkvQ3Qp4aWQxmw2AZrVCbAn6Sztjhbjo,337.62,336.64,2026-10-09T20:00:00Z,CLOSED,0.2911,5810.66,355.11,17,1,0
2026-10-11T01:00:03Z,AAPL,AAPLx,xStocks (Backed),solana,raydium,USDC,ApniVWuZbZoruTAJdyJcLBA4AVw4DKGdV5fHxo6qrAZT,337.02,336.64,2026-10-09T20:00:00Z,CLOSED,0.1129,254457.67,17341.09,756,1,0
2026-10-11T01:00:03Z,AAPL,AAPLon,Ondo Global Markets,ethereum,uniswap,USDC,0xad82C9EB065a5CFed71DB087e4a52C8a09c69921,336.096,336.64,2026-10-09T20:00:00Z,CLOSED,-0.1616,41622.84,630.24,6,1,0
2026-10-11T01:00:03Z,AAPL,AAPLon,Ondo Global Markets,ethereum,0x00a38533c68327aBE0Cc265436e036066E2D6B38,USDC,0x0d3A432237328D279EcD4A3ED5F462C2A84d8017,337.12,336.64,2026-10-09T20:00:00Z,CLOSED,0.1426,15418.6,77.13,2,1,0
2026-10-11T01:00:03Z,AAPL,AAPLon,Ondo Global Markets,bsc,pancakeswap,ASX,0x061306dF92c6a0538154A40F060573Be638B1066,338.049,336.64,2026-10-09T20:00:00Z,CLOSED,0.4185,8181.29,7.49,4,0,0
2026-10-11T01:00:03Z,MSFT,MSFTon,Ondo Global Markets,ethereum,uniswap,USDC,0xb97c30485cfdb895a811331e2a3aab1233a5bf8ff27b6be149edbdc7e9a37333,521.8,535.07,2026-10-09T20:00:01Z,CLOSED,-2.48,9901.66,173.63,1,1,0
2026-10-11T01:00:03Z,AMZN,AMZNx,xStocks (Backed),solana,raydium,USDC,6m5aXAve4uh6Kt4ytKyCLWNMjd8PYP5vujwNCtycrUiD,262.21,262.43,2026-10-09T20:00:01Z,CLOSED,-0.0838,403717.09,80132.68,475,1,0
2026-10-11T01:00:03Z,AMZN,AMZNx,xStocks (Backed),solana,raydium,SOL,HWZk6MfN28mYqDN1igNETjN2kueEryL33oVgt92Wkv6N,261.77,262.43,2026-10-09T20:00:01Z,CLOSED,-0.2515,28821.4,8537.75,218,1,0
2026-10-11T01:00:03Z,AMZN,AMZNx,xStocks (Backed),solana,meteora,SOL,DXAbc6Q3BzfnWbJKVdVyEdLfvMprMNtxb8iz36W2ttZj,262.32,262.43,2026-10-09T20:00:01Z,CLOSED,-0.0419,6713.72,312.59,67,1,0
2026-10-11T01:00:03Z,AMZN,AMZNon,Ondo Global Markets,bsc,pancakeswap,WBNB,0x8617Ba6DEEE616694601ADc41Ab7ffE0e610907E,261.024,262.43,2026-10-09T20:00:01Z,CLOSED,-0.5358,6523.43,44.21,21,1,0
2026-10-11T01:00:03Z,GOOGL,GOOGLx,xStocks (Backed),solana,raydium,USDC,B8YAwjGYk6qidWzGBXMAxP7nYfG8g74EZ3Y4gFSsobRw,352.44,351.66,2026-10-09T20:00:00Z,CLOSED,0.2218,1692978.49,535711.92,10016,1,0
2026-10-11T01:00:03Z,GOOGL,GOOGLx,xStocks (Backed),solana,orca,USDC,GxgCVoHKS4yWz2DqYML2vgXDLVHCwGSy76MMjbKejnZk,352.036,351.66,2026-10-09T20:00:00Z,CLOSED,0.1069,72320.56,626415.35,7761,1,0
2026-10-11T01:00:03Z,GOOGL,GOOGLx,xStocks (Backed),solana,meteora,SOL,CmcVVxuMMCdsevwThLwU4PdESB5NxiZJU4mGrxB6QDE4,352.53,351.66,2026-10-09T20:00:00Z,CLOSED,0.2474,150586.71,154039.81,2651,1,0
2026-10-11T01:00:03Z,GOOGL,GOOGLx,xStocks (Backed),solana,raydium,SOL,3P1PwneDrKfyUVQstaqAQDBWnK2Mcqi1xZ9nteMhDbSB,353.72,351.66,2026-10-09T20:00:00Z,CLOSED,0.5858,123569.06,26763.4,522,1,0
2026-10-11T01:00:03Z,GOOGL,GOOGLx,xStocks (Backed),solana,orca,USDC,Bd8GgEYaHi3zkyjr5ojQKXA82wYqGpB3suV9PQJ8kJ1b,351.57,351.66,2026-10-09T20:00:00Z,CLOSED,-0.0256,56451.06,7888.75,150,1,0
2026-10-11T01:00:03Z,GOOGL,GOOGLx,xStocks (Backed),solana,orca,SOL,Bh3njVo6i3UjgmaevEQMGoidphcueNjoPqGkYLbthzV5,352.17,351.66,2026-10-09T20:00:00Z,CLOSED,0.145,18433.28,24086.31,888,1,0
2026-10-11T01:00:03Z,GOOGL,GOOGLx,xStocks (Backed),solana,orca,USDC,FaGxc8NXSXBrT6idTxjw3o8et4MmFjxRMQvVF7ChsgZV,351.65,351.66,2026-10-09T20:00:00Z,CLOSED,-0.0028,5468.7,38.17,13,1,0
2026-10-11T01:00:03Z,GOOGL,GOOGLx,xStocks (Backed),solana,raydium,USDC,9sw1NZjXFsy5GKkqMpQWV7wopGgMcdkanDqg3f15zQZv,352.094,351.66,2026-10-09T20:00:00Z,CLOSED,0.1234,65884.85,24575.34,513,1,0
2026-10-11T01:00:03Z,GOOGL,GOOGLon,Ondo Global Markets,ethereum,uniswap,USDC,0x39FCB1935f6Ccb0A106D05eB928205C59646af57,351.034,351.66,2026-10-09T20:00:00Z,CLOSED,-0.178,54017.7,951.49,2,1,0
2026-10-11T01:00:03Z,META,METAx,xStocks (Backed),solana,raydium,USDC,3L7KbPVaAQA4UTecaGQYsm6UCq5F3sZM9zAYkxqYt63j,720.78,718.67,2026-10-09T20:00:01Z,CLOSED,0.2936,820101.77,86841.53,1748,1,0
2026-10-11T01:00:03Z,META,METAx,xStocks (Backed),solana,orca,USDC,59qH56HhMXrXiCMWH46NZ5M3SWhyzVzZnvMP2R27aR7Z,719.94,718.67,2026-10-09T20:00:01Z,CLOSED,0.1767,74865.72,1952.83,109,1,0
2026-10-11T01:00:03Z,META,METAx,xStocks (Backed),solana,meteora,SOL,DUKmnaXkB6AoYBUkeeb25Arfq4oeK4XPf4gkYe7evwkh,721.54,718.67,2026-10-09T20:00:01Z,CLOSED,0.3993,16937.26,2538.64,96,1,0
2026-10-11T01:00:03Z,META,METAx,xStocks (Backed),solana,raydium,SOL,BE9uiVCxUovYpgA6ard68QRRzo3sCneAkhUtSgy8AjVW,719.73,718.67,2026-10-09T20:00:01Z,CLOSED,0.1475,41171.51,28885.52,853,1,0
2026-10-11T01:00:03Z,META,METAx,xStocks (Backed),solana,raydium,USDC,DpzGDvRfwDk4xfydfjRoSeE9fm1mQnTd3zQaSKhw1oE6,720.71,718.67,2026-10-09T20:00:01Z,CLOSED,0.2839,44466.02,11592.01,258,1,0
2026-10-11T01:00:03Z,META,METAx,xStocks (Backed),solana,meteora,USDC,D8pGWVN3vWeyexBtMZjyyPbcLhM1oeTEMibE9h3nNRYL,719.94,718.67,2026-10-09T20:00:01Z,CLOSED,0.1767,17365.15,12292.03,675,1,0
2026-10-11T01:00:03Z,MSTR,MSTRx,xStocks (Backed),solana,raydium,SOL,2ngTuP7xA581dqX9uJkGRqxmKuehY3k4SDfPebeoRG2J,155.0013,154.34,2026-10-09T20:00:01Z,CLOSED,0.4285,825162.84,135949.0,1171,1,0
2026-10-11T01:00:03Z,MSTR,MSTRx,xStocks (Backed),solana,raydium,USDC,RyhF4cksVZY7vcqJpoytHcxcGNKRp27PEGhSnEPpbGv,155.58,154.34,2026-10-09T20:00:01Z,CLOSED,0.8034,830036.45,67860.12,271,1,0
2026-10-11T01:00:03Z,MSTR,MSTRx,xStocks (Backed),solana,raydium,cbBTC,CJJV5dsFXcSoKvjmurS1nfBioH3KcTkP1s23SgQz1Jrs,155.67,154.34,2026-10-09T20:00:01Z,CLOSED,0.8617,47069.28,5592.84,56,0,0
2026-10-11T01:00:03Z,MSTR,MSTRx,xStocks (Backed),solana,orca,USDC,CHSijZ92W1A5z93WzGjvBygtxN2LWgAt58uejMDmFVpY,155.23,154.34,2026-10-09T20:00:01Z,CLOSED,0.5766,38062.85,117.09,27,1,0
2026-10-11T01:00:03Z,MSTR,MSTRx,xStocks (Backed),solana,orca,SOL,HzyHKnwmRnnu3yZKzvqfhm2VeWo8V4qWtyNVGVLXrcjC,155.45,154.34,2026-10-09T20:00:01Z,CLOSED,0.7192,29917.73,341.67,16,1,0
2026-10-11T01:00:03Z,MSTR,MSTRx,xStocks (Backed),solana,orca,USDC,BCvzjDbADhnT3K35kc5TSeMAafNgu9KZVywUq9zWH2mA,155.43,154.34,2026-10-09T20:00:01Z,CLOSED,0.7062,5757.55,1006.59,425,1,0
2026-10-11T01:00:03Z,MSTR,MSTRx,xStocks (Backed),solana,meteora,SOL,8yvEgE72BvZs86ZRr9j6ZHgn1zgVpBz2gTmwq7tMcgyH,155.38,154.34,2026-10-09T20:00:01Z,CLOSED,0.6738,7234.34,476.37,97,1,0
2026-10-11T01:00:03Z,MSTR,MSTRx,xStocks (Backed),solana,meteora,CRCLx,ExwtCL871L2QhHw7EikDPBHfoEHzadxcepdw1Fs3ofoR,155.25,154.34,2026-10-09T20:00:01Z,CLOSED,0.5896,8059.97,455.29,38,0,0
2026-10-11T01:00:03Z,COIN,COINx,xStocks (Backed),solana,raydium,USDC,w7SGmPeXoMCsjvXqgsAmUn56uypyDsjAtsxeVkaiqxa,180.72,179.39,2026-10-09T20:00:01Z,CLOSED,0.7414,1500938.87,21576.69,349,1,0
2026-10-11T01:00:03Z,COIN,COINx,xStocks (Backed),solana,raydium,SOL,9NJ7rtJzEnfwvoM6HyB2v6YHcsfS6ZY9DFGprphVX6W,181.25,179.39,2026-10-09T20:00:01Z,CLOSED,1.0368,121050.73,4538.59,80,1,0
2026-10-11T01:00:03Z,COIN,COINx,xStocks (Backed),solana,orca,USDC,7ouGUDRMy4C9RJpTgPizRyfcxyJusAEe9ZbjqYv7BSqe,180.65,179.39,2026-10-09T20:00:01Z,CLOSED,0.7024,29724.78,5763.68,180,1,0
2026-10-11T01:00:03Z,COIN,COINx,xStocks (Backed),solana,orca,SOL,A4D97SV1dfCffDo58FEJtZoYycqVTaGVZiDdLiZffDNK,180.82,179.39,2026-10-09T20:00:01Z,CLOSED,0.7971,25345.47,3808.66,243,1,0
2026-10-11T01:00:03Z,COIN,COINx,xStocks (Backed),solana,orca,CRCLx,FP4TT9AEqR8GcdWYEv2Jp3Vee9QvGWaCmFuaqAP2wjxL,180.74,179.39,2026-10-09T20:00:01Z,CLOSED,0.7526,8028.74,3.45,9,0,0
2026-10-11T01:00:03Z,HOOD,HOODx,xStocks (Backed),solana,raydium,USDC,DXWbip5LducMAbDSSpLYz9Xik3253EPeAYQufQtx7LXs,108.7,109.02,2026-10-09T20:00:01Z,CLOSED,-0.2935,1431727.29,668.33,30,1,0
2026-10-11T01:00:03Z,HOOD,HOODx,xStocks (Backed),solana,orca,USDC,48dhPm83sXfnRMxKRfv2YuE45DPqrhwPMvGrnTLufvFf,109.19,109.02,2026-10-09T20:00:01Z,CLOSED,0.1559,83318.8,10584.19,150,1,0
2026-10-11T01:00:03Z,HOOD,HOODx,xStocks (Backed),solana,raydium,SOL,DznDQ6YVmgtZAvwZ4ui6k9MNun9uaozyVFFsiAeAs9f,109.59,109.02,2026-10-09T20:00:01Z,CLOSED,0.5228,46904.61,230.83,13,1,0
2026-10-11T01:00:03Z,HOOD,HOODx,xStocks (Backed),solana,meteora,SOL,DQ8fjmP2haYxyyJRU99aCaHznK1GSihYyBRZxfP9sfbU,109.33,109.02,2026-10-09T20:00:01Z,CLOSED,0.2844,6462.32,2477.3,179,1,0
2026-10-11T01:00:03Z,CRCL,CRCLon,Ondo Global Markets,ethereum,0x00a38533c68327aBE0Cc265436e036066E2D6B38,USDC,0xb91e13F4c93De2F7F007Fa0407EC4226f03B408F,84.75,84.51,2026-10-09T20:00:02Z,CLOSED,0.284,9947.11,130.9,1,1,0
2026-10-11T01:00:03Z,SPY,SPYx,xStocks (Backed),solana,raydium,USDC,4pCZCVEiYyT4efNdXUdL2tJF8VGMgiMXrZWq6FiNXhRw,783.23,778.57,2026-10-09T20:00:00Z,CLOSED,0.5985,522706.85,845171.58,4241,1,0
2026-10-11T01:00:03Z,SPY,SPYx,xStocks (Backed),solana,raydium,SOL,BS9uyGV6XmNnPkM4f3xgxCdQEaFv7RSKs6fwrpvYHxfL,781.67,778.57,2026-10-09T20:00:00Z,CLOSED,0.3982,1035659.47,190059.47,1308,1,0
2026-10-11T01:00:03Z,SPY,SPYx,xStocks (Backed),solana,orca,USDC,Fae5dWVntUt6zbWu2voXxioDpMii7SqQwtsxBmoVCsHR,783.31,778.57,2026-10-09T20:00:00Z,CLOSED,0.6088,319720.35,17930.27,352,1,0
2026-10-11T01:00:03Z,SPY,SPYx,xStocks (Backed),solana,raydium,USDC,6truu3rZuiB9rKQg4VYC3Dt3QwV7DgwGqXrYUcrvnDDE,783.74,778.57,2026-10-09T20:00:00Z,CLOSED,0.664,2201597.1,29273.17,197,1,0
2026-10-11T01:00:03Z,SPY,SPYx,xStocks (Backed),solana,raydium,USDC,7sHMnvE7WqP7vQFWJGEnMT4vZg6Za9K7PpddDoXJCqME,782.8,778.57,2026-10-09T20:00:00Z,CLOSED,0.5433,76655.28,164.12,53,1,0
2026-10-11T01:00:03Z,SPY,SPYx,xStocks (Backed),solana,meteora,SOL,5JWX8pQhJNpFMjPwKhFSSVWRpss4wSyoqgRGnBNJfyuX,778.073,778.57,2026-10-09T20:00:00Z,CLOSED,-0.0638,33772.44,3751.38,277,1,0
2026-10-11T01:00:03Z,SPY,SPYx,xStocks (Backed),solana,orca,USDC,gef4pD5g6GJSjX7hfXKUfhCVpE89BzX9TXnXJNW6kSt,783.3,778.57,2026-10-09T20:00:00Z,CLOSED,0.6075,12173.13,1890.99,748,1,0
2026-10-11T01:00:03Z,SPY,SPYx,xStocks (Backed),solana,orca,QQQx,7mYFrN2TQtYc2HMZEXuVfWkPu9n5EFfX9Ha59X3n6PWE,783.094,778.57,2026-10-09T20:00:00Z,CLOSED,0.5811,11898.27,1145.15,122,0,0
2026-10-11T01:00:03Z,SPY,SPYx,xStocks (Backed),solana,orca,USDY,DauJvXRsc5YUtabDd2jGTcSvTn63qpmteGcVGkRcjBGa,783.98,778.57,2026-10-09T20:00:00Z,CLOSED,0.6949,5136.78,0.77,1,0,0
2026-10-11T01:00:03Z,SPY,SPYx,xStocks (Backed),solana,pancakeswap,USDC,Ph2aw6fSKja9MT39L27gwJcZi3F8hZL4xMnuVh36h8a,783.22,778.57,2026-10-09T20:00:00Z,CLOSED,0.5972,31402.66,23424.28,1270,1,0
2026-10-11T01:00:03Z,SPY,SPYx,xStocks (Backed),solana,orca,SOL,DAcfUT7Xnfm91xv4YZojgpYirLC3JfDG6PbtNqtaAkTn,778.4,778.57,2026-10-09T20:00:00Z,CLOSED,-0.0218,35882.45,2819.47,183,1,0
2026-10-11T01:00:03Z,QQQ,QQQx,xStocks (Backed),solana,raydium,USDC,GMjGLWzvK75LPetrgAmdeXnvxc4fUuQPwJxeQqTDU1aG,753.96,751.27,2026-10-09T20:00:00Z,CLOSED,0.3581,2215399.49,37424.31,231,1,0
2026-10-11T01:00:03Z,QQQ,QQQx,xStocks (Backed),solana,raydium,SOL,B6FEtQdwsq8Wuw4G52pW9WEWEA7ALGfyUgXDRKigDSHH,752.2,751.27,2026-10-09T20:00:00Z,CLOSED,0.1238,119755.21,6987.3,189,1,0
2026-10-11T01:00:03Z,QQQ,QQQx,xStocks (Backed),solana,raydium,USDC,FknDV1F5n6QaA7rLmjquDjuU6wcPMNm5RYq7zWbqhpZw,753.88,751.27,2026-10-09T20:00:00Z,CLOSED,0.3474,35213.26,39.05,8,1,0
2026-10-11T01:00:03Z,QQQ,QQQx,xStocks (Backed),solana,raydium,SPYx,FN27PwZpDnSBNZR5vzx6B7waxowV84ZNFQrzgr6XeYbf,754.15,751.27,2026-10-09T20:00:00Z,CLOSED,0.3834,34998.14,516.48,8,0,0
2026-10-11T01:00:03Z,QQQ,QQQx,xStocks (Backed),solana,orca,USDC,3GVB4bXtcrP3MM376mrcJDwfTNThvyorLmVgSTf6kxFt,753.14,751.27,2026-10-09T20:00:00Z,CLOSED,0.2489,14357.54,112.98,19,1,0
2026-10-11T01:00:03Z,QQQ,QQQx,xStocks (Backed),solana,pancakeswap,USDC,DLm3szGd5VdiiLXp8i89j95FuUN9KKWtYF7XfmVvLTML,753.89,751.27,2026-10-09T20:00:00Z,CLOSED,0.3487,33735.16,902.51,25,1,0
2026-10-11T01:10:03Z,TSLA,TSLAx,xStocks (Backed),solana,orca,USDC,9p7abUFv31ycgu9kckvnoqMMvBy67dqTDM2m6HP9xokN,382.055,382.7,2026-10-09T20:00:00Z,CLOSED,-0.1685,93451.2,183042.76,5361,1,0
2026-10-11T01:10:03Z,TSLA,TSLAx,xStocks (Backed),solana,raydium,USDC,8aDaBQkTrS6HVMjyc6EZebgdiaXhLYGriDWKWWp1NpFF,382.13,382.7,2026-10-09T20:00:00Z,CLOSED,-0.1489,2332386.73,207375.98,2349,1,0
2026-10-11T01:10:03Z,TSLA,TSLAx,xStocks (Backed),solana,raydium,SOL,CKmjDiqBCRqR8xk5FjnFiQXuCFsGchiLv9YwYVnE5RJ8,381.55,382.7,2026-10-09T20:00:00Z,CLOSED,-0.3005,98184.0,56111.2,719,1,0
2026-10-11T01:10:03Z,TSLA,TSLAx,xStocks (Backed),solana,raydium,USDC,HHQUnUbmWLrYzkscDY1C3deEFbGtiGBGoHjpANogmvum,382.78,382.7,2026-10-09T20:00:00Z,CLOSED,0.0209,401115.3,3413.59,97,1,0
2026-10-11T01:10:03Z,TSLA,TSLAx,xStocks (Backed),solana,meteora,SOL,CHGfdEfKFYDWGPASCsZnpkDzvpLKNEVoAb4UEorPPkGK,383.017,382.7,2026-10-09T20:00:00Z,CLOSED,0.0828,10530.8,10547.84,544,1,0
2026-10-11T01:10:03Z,TSLA,TSLAx,xStocks (Backed),solana,orca,SOL,26UY4D6pBHgxYdPWuBP3sfyc4jJf6qQjPDxCJPhtUx3H,377.6,382.7,2026-10-09T20:00:00Z,CLOSED,-1.3326,9568.03,476.61,15,1,0
2026-10-11T01:10:03Z,TSLA,TSLAx,xStocks (Backed),solana,meteora,NVDAx,8is7SBzMYLUTUtVU5H4QEPkgeQP7WaM7rQ6QPxXTa4PB,382.12,382.7,2026-10-09T20:00:00Z,CLOSED,-0.1516,6348.13,135.78,22,0,0
2026-10-11T01:10:03Z,TSLA,TSLAx,xStocks (Backed),solana,pancakeswap,SOL,EYF6xVtA8EGqjFdx5bgc3i6jMmyr8t6rXMTyqbyvKaW3,381.7,382.7,2026-10-09T20:00:00Z,CLOSED,-0.2613,26280.87,3745.18,763,1,0
2026-10-11T01:10:03Z,TSLA,TSLAx,xStocks (Backed),solana,pancakeswap,USDC,2JUpEKcYkSytu3aWk7QzohPNX2hY8shEakEcmn3SgXFD,382.14,382.7,2026-10-09T20:00:00Z,CLOSED,-0.1463,13169.41,2564.5,267,1,0
2026-10-11T01:10:03Z,TSLA,TSLAon,Ondo Global Markets,ethereum,uniswap,USDC,0x31227b50eCCDC9C589826AA2D9E7C5619B1895Da,383.44,382.7,2026-10-09T20:00:00Z,CLOSED,0.1934,81709.63,12228.05,66,1,0
2026-10-11T01:10:03Z,TSLA,TSLAon,Ondo Global Markets,ethereum,0x00a38533c68327aBE0Cc265436e036066E2D6B38,USDC,0x49b7b66457297f9E0E763BBb151B6DB0c149E988,381.9,382.7,2026-10-09T20:00:00Z,CLOSED,-0.209,36286.78,2.19,1,1,0
2026-10-11T01:10:03Z,TSLA,TSLAon,Ondo Global Markets,ethereum,0x00a38533c68327aBE0Cc265436e036066E2D6B38,USDC,0xbcD5a4823C3B3faF81EECEfd3b37E1185419E9Ee,383.17,382.7,2026-10-09T20:00:00Z,CLOSED,0.1228,26849.54,176.84,8,1,0
2026-10-11T01:10:03Z,NVDA,NVDAx,xStocks (Backed),solana,raydium,USDC,49iMatQtoyabsYAQc8GafVq6aeBFVDxSRH44oiatyyw6,230.83,229.28,2026-10-09T20:00:00Z,CLOSED,0.676,3303852.2,1140549.29,14373,1,0
2026-10-11T01:10:03Z,NVDA,NVDAx,xStocks (Backed),solana,orca,USDC,6R4r93V5fcMzc13CL2enEepDSYcr4Qx3ptZBDwudTXCo,230.62,229.28,2026-10-09T20:00:00Z,CLOSED,0.5844,476551.58,1150882.84,9703,1,0
2026-10-11T01:10:03Z,NVDA,NVDAx,xStocks (Backed),solana,raydium,SOL,38rXq2BuwdNcfnwydw6S2srpNK9N4gVzf39f69suPMsF,231.012,229.28,2026-10-09T20:00:00Z,CLOSED,0.7554,286066.81,299617.42,3592,1,0
2026-10-11T01:10:03Z,NVDA,NVDAx,xStocks (Backed),solana,meteora,SOL,FCn5zw4gAcfRpQgst5ThFuzBGXbbJ6RocVErgC4vJ9j1,231.31,229.28,2026-10-09T20:00:00Z,CLOSED,0.8854,181625.03,453862.81,1792,1,0
2026-10-11T01:10:03Z,NVDA,NVDAx,xStocks (Backed),solana,orca,SOL,8Vy5Rjb9vg5nLb8L1r4Di8p9py5BTkp8UJSMHG8AD2zs,230.59,229.28,2026-10-09T20:00:00Z,CLOSED,0.5714,77103.54,122038.4,2049,1,0
2026-10-11T01:10:03Z,NVDA,NVDAx,xStocks (Backed),solana,raydium,USDC,4KqQN6u1pFKroFE2jVEhoepAMRKPcuAzWVDCgm9zRBYN,230.6,229.28,2026-10-09T20:00:00Z,CLOSED,0.5757,118542.7,958.44,17,1,0
2026-10-11T01:10:03Z,NVDA,NVDAx,xStocks (Backed),solana,meteora,USDC,8Xx3VeN92DsZksHs2nXMiJUcR5JBofqmbXqacoeUTj2g,230.74,229.28,2026-10-09T20:00:00Z,CLOSED,0.6368,10804.88,856.02,282,1,0
2026-10-11T01:10:03Z,NVDA,NVDAon,Ondo Global Markets,ethereum,uniswap,USDC,0xc9b4bC7C15423FCFe6B75aB5118bA773945A3A46,230.48,229.28,2026-10-09T20:00:00Z,CLOSED,0.5234,306951.11,53444.7,288,1,0
2026-10-11T01:10:03Z,NVDA,NVDAon,Ondo Global Markets,ethereum,uniswap,USDC,0xa9a6651fba74df1aab94065ffaabe750d6ed835b94a9e28925ec79beec2d5f73,230.16,229.28,2026-10-09T20:00:00Z,CLOSED,0.3838,26303.1,2413.46,33,1,0
2026-10-11T01:10:03Z,NVDA,NVDAon,Ondo Global Markets,ethereum,uniswap,ZIK,0xeb35140d8090c35e75cdb8971f45eb2a1c553ec381ba361e89473f2ee292db39,232.12,229.28,2026-10-09T20:00:00Z,CLOSED,1.2387,8153.01,0.0,1,0,0
2026-10-11T01:10:03Z,NVDA,NVDAon,Ondo Global Markets,ethereum,uniswap,ZIK,0xeA0F5b999C66214De7300c5910171A356fdfb3d0,231.082,229.28,2026-10-09T20:00:00Z,CLOSED,0.7859,7492.97,1.22,1,0,0
2026-10-11T01:10:03Z,NVDA,NVDAon,Ondo Global Markets,bsc,pancakeswap,USDT,0xB90BDBFBdfFd4Af5a636b5805539eDeafb969308,231.83,229.28,2026-10-09T20:00:00Z,CLOSED,1.1122,9648.58,27.12,15,1,0
2026-10-11T01:10:03Z,AAPL,AAPLx,xStocks (Backed),solana,raydium,USDC,CKwJZwm7oj3nu4653N1EpDrqXbXAYXoPFiPeEnLouF8y,337.29,336.64,2026-10-09T20:00:00Z,CLOSED,0.1931,337659.63,34496.89,639,1,0
2026-10-11T01:10:03Z,AAPL,AAPLx,xStocks (Backed),solana,orca,SOL,5VgwxAPD37EHPqtW6v6gWq2bznPDqvpaGDuJoyGm6aJG,336.69,336.64,2026-10-09T20:00:00Z,CLOSED,0.0149,25262.68,1435.42,75,1,0
2026-10-11T01:10:03Z,AAPL,AAPLx,xStocks (Backed),solana,orca,USDC,CNsYTuhHBkLQmoWtdoQxqkNxtyhXYvWvQJqzmG2evNEa,336.89,336.64,2026-10-09T20:00:00Z,CLOSED,0.0743,21094.09,2583.67,42,1,0
2026-10-11T01:10:03Z,AAPL,AAPLx,xStocks (Backed),solana,meteora,SOL,3oJpVmbKATLWbKg4G3o1VBfDSMXQJwMv9VqgnS7yXf4R,335.4,336.64,2026-10-09T20:00:00Z,CLOSED,-0.3683,10438.58,1158.76,31,1,0
2026-10-11T01:10:03Z,AAPL,AAPLx,xStocks (Backed),solana,orca,SOL,HQijmgUPWBCYyvjBCymBVS9MZbJPmdJuvQXSfFtTZRz5,337.33,336.64,2026-10-09T20:00:00Z,CLOSED,0.205,7577.26,3490.09,201,1,0
2026-10-11T01:10:03Z,AAPL,AAPLx,xStocks (Backed),solana,raydium,SOL,EUnoAwXybSenwkvQ3Qp4aWQxmw2AZrVCbAn6Sztjhbjo,337.62,336.64,2026-10-09T20:00:00Z,CLOSED,0.2911,5810.66,355.11,17,1,0
2026-10-11T01:10:03Z,AAPL,AAPLx,xStocks (Backed),solana,raydium,USDC,ApniVWuZbZoruTAJdyJcLBA4AVw4DKGdV5fHxo6qrAZT,337.013,336.64,2026-10-09T20:00:00Z,CLOSED,0.1108,254455.3,17296.3,766,1,0
2026-10-11T01:10:03Z,AAPL,AAPLon,Ondo Global Markets,ethereum,uniswap,USDC,0xad82C9EB065a5CFed71DB087e4a52C8a09c69921,336.096,336.64,2026-10-09T20:00:00Z,CLOSED,-0.1616,41622.84,630.24,6,1,0
2026-10-11T01:10:03Z,AAPL,AAPLon,Ondo Global Markets,ethereum,0x00a38533c68327aBE0Cc265436e036066E2D6B38,USDC,0x0d3A432237328D279EcD4A3ED5F462C2A84d8017,337.12,336.64,2026-10-09T20:00:00Z,CLOSED,0.1426,15418.6,77.13,2,1,0
2026-10-11T01:10:03Z,AAPL,AAPLon,Ondo Global Markets,bsc,pancakeswap,ASX,0x061306dF92c6a0538154A40F060573Be638B1066,338.049,336.64,2026-10-09T20:00:00Z,CLOSED,0.4185,8181.29,7.49,4,0,0
2026-10-11T01:10:03Z,MSFT,MSFTon,Ondo Global Markets,ethereum,uniswap,USDC,0xb97c30485cfdb895a811331e2a3aab1233a5bf8ff27b6be149edbdc7e9a37333,521.8,535.07,2026-10-09T20:00:01Z,CLOSED,-2.48,9901.66,173.63,1,1,0
2026-10-11T01:10:03Z,AMZN,AMZNx,xStocks (Backed),solana,raydium,USDC,6m5aXAve4uh6Kt4ytKyCLWNMjd8PYP5vujwNCtycrUiD,262.21,262.43,2026-10-09T20:00:01Z,CLOSED,-0.0838,403717.09,80009.91,474,1,0
2026-10-11T01:10:03Z,AMZN,AMZNx,xStocks (Backed),solana,raydium,SOL,HWZk6MfN28mYqDN1igNETjN2kueEryL33oVgt92Wkv6N,261.77,262.43,2026-10-09T20:00:01Z,CLOSED,-0.2515,28821.4,8537.75,218,1,0
2026-10-11T01:10:03Z,AMZN,AMZNx,xStocks (Backed),solana,meteora,SOL,DXAbc6Q3BzfnWbJKVdVyEdLfvMprMNtxb8iz36W2ttZj,262.32,262.43,2026-10-09T20:00:01Z,CLOSED,-0.0419,6713.72,300.98,66,1,0
2026-10-11T01:10:03Z,AMZN,AMZNon,Ondo Global Markets,bsc,pancakeswap,WBNB,0x8617Ba6DEEE616694601ADc41Ab7ffE0e610907E,261.024,262.43,2026-10-09T20:00:01Z,CLOSED,-0.5358,6523.43,44.21,21,1,0
2026-10-11T01:10:03Z,GOOGL,GOOGLx,xStocks (Backed),solana,raydium,USDC,B8YAwjGYk6qidWzGBXMAxP7nYfG8g74EZ3Y4gFSsobRw,352.44,351.66,2026-10-09T20:00:00Z,CLOSED,0.2218,1693188.8,535620.65,10022,1,0
2026-10-11T01:10:03Z,GOOGL,GOOGLx,xStocks (Backed),solana,orca,USDC,GxgCVoHKS4yWz2DqYML2vgXDLVHCwGSy76MMjbKejnZk,351.68,351.66,2026-10-09T20:00:00Z,CLOSED,0.0057,72279.55,618177.77,7742,1,0
2026-10-11T01:10:03Z,GOOGL,GOOGLx,xStocks (Backed),solana,meteora,SOL,CmcVVxuMMCdsevwThLwU4PdESB5NxiZJU4mGrxB6QDE4,352.53,351.66,2026-10-09T20:00:00Z,CLOSED,0.2474,150586.71,151018.8,2627,1,0
2026-10-11T01:10:03Z,GOOGL,GOOGLx,xStocks (Backed),solana,raydium,SOL,3P1PwneDrKfyUVQstaqAQDBWnK2Mcqi1xZ9nteMhDbSB,353.72,351.66,2026-10-09T20:00:00Z,CLOSED,0.5858,123558.56,26763.05,520,1,0
2026-10-11T01:10:03Z,GOOGL,GOOGLx,xStocks (Backed),solana,orca,USDC,Bd8GgEYaHi3zkyjr5ojQKXA82wYqGpB3suV9PQJ8kJ1b,351.57,351.66,2026-10-09T20:00:00Z,CLOSED,-0.0256,56451.06,7881.55,149,1,0
2026-10-11T01:10:03Z,GOOGL,GOOGLx,xStocks (Backed),solana,orca,SOL,Bh3njVo6i3UjgmaevEQMGoidphcueNjoPqGkYLbthzV5,352.17,351.66,2026-10-09T20:00:00Z,CLOSED,0.145,18433.28,24086.31,888,1,0
2026-10-11T01:10:03Z,GOOGL,GOOGLx,xStocks (Backed),solana,orca,USDC,FaGxc8NXSXBrT6idTxjw3o8et4MmFjxRMQvVF7ChsgZV,351.57,351.66,2026-10-09T20:00:00Z,CLOSED,-0.0256,5468.3,38.81,14,1,0
2026-10-11T01:10:03Z,GOOGL,GOOGLx,xStocks (Backed),solana,raydium,USDC,9sw1NZjXFsy5GKkqMpQWV7wopGgMcdkanDqg3f15zQZv,352.096,351.66,2026-10-09T20:00:00Z,CLOSED,0.124,65884.97,24583.16,515,1,0
2026-10-11T01:10:03Z,GOOGL,GOOGLon,Ondo Global Markets,ethereum,uniswap,USDC,0x39FCB1935f6Ccb0A106D05eB928205C59646af57,351.034,351.66,2026-10-09T20:00:00Z,CLOSED,-0.178,54017.7,951.49,2,1,0
2026-10-11T01:10:03Z,META,METAx,xStocks (Backed),solana,raydium,USDC,3L7KbPVaAQA4UTecaGQYsm6UCq5F3sZM9zAYkxqYt63j,720.78,718.67,2026-10-09T20:00:01Z,CLOSED,0.2936,820101.77,86841.53,1747,1,0
2026-10-11T01:10:03Z,META,METAx,xStocks (Backed),solana,orca,USDC,59qH56HhMXrXiCMWH46NZ5M3SWhyzVzZnvMP2R27aR7Z,719.93,718.67,2026-10-09T20:00:01Z,CLOSED,0.1753,74865.38,1952.92,110,1,0
2026-10-11T01:10:03Z,META,METAx,xStocks (Backed),solana,meteora,SOL,DUKmnaXkB6AoYBUkeeb25Arfq4oeK4XPf4gkYe7evwkh,721.54,718.67,2026-10-09T20:00:01Z,CLOSED,0.3993,16937.26,2538.64,96,1,0
2026-10-11T01:10:03Z,META,METAx,xStocks (Backed),solana,raydium,SOL,BE9uiVCxUovYpgA6ard68QRRzo3sCneAkhUtSgy8AjVW,719.94,718.67,2026-10-09T20:00:01Z,CLOSED,0.1767,41180.36,28892.89,854,1,0
2026-10-11T01:10:03Z,META,METAx,xStocks (Backed),solana,raydium,USDC,DpzGDvRfwDk4xfydfjRoSeE9fm1mQnTd3zQaSKhw1oE6,720.71,718.67,2026-10-09T20:00:01Z,CLOSED,0.2839,44466.02,11592.01,258,1,0
2026-10-11T01:10:03Z,META,METAx,xStocks (Backed),solana,meteora,USDC,D8pGWVN3vWeyexBtMZjyyPbcLhM1oeTEMibE9h3nNRYL,719.94,718.67,2026-10-09T20:00:01Z,CLOSED,0.1767,17365.3,12296.88,678,1,0
2026-10-11T01:10:03Z,MSTR,MSTRx,xStocks (Backed),solana,raydium,SOL,2ngTuP7xA581dqX9uJkGRqxmKuehY3k4SDfPebeoRG2J,155.043,154.34,2026-10-09T20:00:01Z,CLOSED,0.4555,825388.72,135091.05,1169,1,0
2026-10-11T01:10:03Z,MSTR,MSTRx,xStocks (Backed),solana,raydium,USDC,RyhF4cksVZY7vcqJpoytHcxcGNKRp27PEGhSnEPpbGv,155.58,154.34,2026-10-09T20:00:01Z,CLOSED,0.8034,830036.4,65334.31,263,1,0
2026-10-11T01:10:03Z,MSTR,MSTRx,xStocks (Backed),solana,raydium,cbBTC,CJJV5dsFXcSoKvjmurS1nfBioH3KcTkP1s23SgQz1Jrs,155.67,154.34,2026-10-09T20:00:01Z,CLOSED,0.8617,47069.28,5592.84,56,0,0
2026-10-11T01:10:03Z,MSTR,MSTRx,xStocks (Backed),solana,orca,USDC,CHSijZ92W1A5z93WzGjvBygtxN2LWgAt58uejMDmFVpY,155.23,154.34,2026-10-09T20:00:01Z,CLOSED,0.5766,38062.85,117.09,27,1,0
2026-10-11T01:10:03Z,MSTR,MSTRx,xStocks (Backed),solana,orca,SOL,HzyHKnwmRnnu3yZKzvqfhm2VeWo8V4qWtyNVGVLXrcjC,155.45,154.34,2026-10-09T20:00:01Z,CLOSED,0.7192,29917.73,341.67,16,1,0
2026-10-11T01:10:03Z,MSTR,MSTRx,xStocks (Backed),solana,orca,USDC,BCvzjDbADhnT3K35kc5TSeMAafNgu9KZVywUq9zWH2mA,155.3,154.34,2026-10-09T20:00:01Z,CLOSED,0.622,5753.78,1006.99,425,1,0
2026-10-11T01:10:03Z,MSTR,MSTRx,xStocks (Backed),solana,meteora,SOL,8yvEgE72BvZs86ZRr9j6ZHgn1zgVpBz2gTmwq7tMcgyH,155.39,154.34,2026-10-09T20:00:01Z,CLOSED,0.6803,7234.99,462.22,96,1,0
2026-10-11T01:10:03Z,MSTR,MSTRx,xStocks (Backed),solana,meteora,CRCLx,ExwtCL871L2QhHw7EikDPBHfoEHzadxcepdw1Fs3ofoR,155.25,154.34,2026-10-09T20:00:01Z,CLOSED,0.5896,8060.0,455.53,39,0,0
2026-10-11T01:10:03Z,COIN,COINx,xStocks (Backed),solana,raydium,USDC,w7SGmPeXoMCsjvXqgsAmUn56uypyDsjAtsxeVkaiqxa,180.72,179.39,2026-10-09T20:00:01Z,CLOSED,0.7414,1500938.87,21576.69,349,1,0
2026-10-11T01:10:03Z,COIN,COINx,xStocks (Backed),solana,raydium,SOL,9NJ7rtJzEnfwvoM6HyB2v6YHcsfS6ZY9DFGprphVX6W,181.25,179.39,2026-10-09T20:00:01Z,CLOSED,1.0368,121050.73,4538.59,80,1,0
2026-10-11T01:10:03Z,COIN,COINx,xStocks (Backed),solana,orca,USDC,7ouGUDRMy4C9RJpTgPizRyfcxyJusAEe9ZbjqYv7BSqe,180.65,179.39,2026-10-09T20:00:01Z,CLOSED,0.7024,29724.69,5766.16,181,1,0
2026-10-11T01:10:03Z,COIN,COINx,xStocks (Backed),solana,orca,SOL,A4D97SV1dfCffDo58FEJtZoYycqVTaGVZiDdLiZffDNK,180.85,179.39,2026-10-09T20:00:01Z,CLOSED,0.8139,25350.27,3809.58,246,1,0
2026-10-11T01:10:03Z,COIN,COINx,xStocks (Backed),solana,orca,CRCLx,FP4TT9AEqR8GcdWYEv2Jp3Vee9QvGWaCmFuaqAP2wjxL,180.74,179.39,2026-10-09T20:00:01Z,CLOSED,0.7526,8028.74,3.45,9,0,0
2026-10-11T01:10:03Z,HOOD,HOODx,xStocks (Backed),solana,raydium,USDC,DXWbip5LducMAbDSSpLYz9Xik3253EPeAYQufQtx7LXs,108.7,109.02,2026-10-09T20:00:01Z,CLOSED,-0.2935,1431727.29,666.94,29,1,0
2026-10-11T01:10:03Z,HOOD,HOODx,xStocks (Backed),solana,orca,USDC,48dhPm83sXfnRMxKRfv2YuE45DPqrhwPMvGrnTLufvFf,109.17,109.02,2026-10-09T20:00:01Z,CLOSED,0.1376,83313.01,10653.66,151,1,0
2026-10-11T01:10:03Z,HOOD,HOODx,xStocks (Backed),solana,raydium,SOL,DznDQ6YVmgtZAvwZ4ui6k9MNun9uaozyVFFsiAeAs9f,109.59,109.02,2026-10-09T20:00:01Z,CLOSED,0.5228,46904.61,230.83,13,1,0
2026-10-11T01:10:03Z,HOOD,HOODx,xStocks (Backed),solana,meteora,SOL,DQ8fjmP2haYxyyJRU99aCaHznK1GSihYyBRZxfP9sfbU,109.3,109.02,2026-10-09T20:00:01Z,CLOSED,0.2568,6460.56,2477.54,180,1,0
2026-10-11T01:10:03Z,CRCL,CRCLon,Ondo Global Markets,ethereum,0x00a38533c68327aBE0Cc265436e036066E2D6B38,USDC,0xb91e13F4c93De2F7F007Fa0407EC4226f03B408F,84.75,84.51,2026-10-09T20:00:02Z,CLOSED,0.284,9947.11,130.9,1,1,0
2026-10-11T01:10:03Z,SPY,SPYx,xStocks (Backed),solana,raydium,USDC,4pCZCVEiYyT4efNdXUdL2tJF8VGMgiMXrZWq6FiNXhRw,783.24,778.57,2026-10-09T20:00:00Z,CLOSED,0.5998,522709.64,857264.07,4356,1,0
2026-10-11T01:10:03Z,SPY,SPYx,xStocks (Backed),solana,raydium,SOL,BS9uyGV6XmNnPkM4f3xgxCdQEaFv7RSKs6fwrpvYHxfL,781.91,778.57,2026-10-09T20:00:00Z,CLOSED,0.429,1035886.08,191584.98,1412,1,0
2026-10-11T01:10:03Z,SPY,SPYx,xStocks (Backed),solana,orca,USDC,Fae5dWVntUt6zbWu2voXxioDpMii7SqQwtsxBmoVCsHR,783.33,778.57,2026-10-09T20:00:00Z,CLOSED,0.6114,319725.31,17767.52,352,1,0
2026-10-11T01:10:03Z,SPY,SPYx,xStocks (Backed),solana,raydium,USDC,6truu3rZuiB9rKQg4VYC3Dt3QwV7DgwGqXrYUcrvnDDE,783.74,778.57,2026-10-09T20:00:00Z,CLOSED,0.664,2201597.1,29268.16,194,1,0
2026-10-11T01:10:03Z,SPY,SPYx,xStocks (Backed),solana,raydium,USDC,7sHMnvE7WqP7vQFWJGEnMT4vZg6Za9K7PpddDoXJCqME,782.8,778.57,2026-10-09T20:00:00Z,CLOSED,0.5433,76655.28,164.12,53,1,0
2026-10-11T01:10:03Z,SPY,SPYx,xStocks (Backed),solana,meteora,SOL,5JWX8pQhJNpFMjPwKhFSSVWRpss4wSyoqgRGnBNJfyuX,783.53,778.57,2026-10-09T20:00:00Z,CLOSED,0.6371,33800.49,3751.7,289,1,0
2026-10-11T01:10:03Z,SPY,SPYx,xStocks (Backed),solana,orca,USDC,gef4pD5g6GJSjX7hfXKUfhCVpE89BzX9TXnXJNW6kSt,783.14,778.57,2026-10-09T20:00:00Z,CLOSED,0.587,12172.14,1929.49,810,1,0
2026-10-11T01:10:03Z,SPY,SPYx,xStocks (Backed),solana,orca,QQQx,7mYFrN2TQtYc2HMZEXuVfWkPu9n5EFfX9Ha59X3n6PWE,783.6,778.57,2026-10-09T20:00:00Z,CLOSED,0.6461,11904.13,1355.34,132,0,0
2026-10-11T01:10:03Z,SPY,SPYx,xStocks (Backed),solana,orca,USDY,DauJvXRsc5YUtabDd2jGTcSvTn63qpmteGcVGkRcjBGa,783.98,778.57,2026-10-09T20:00:00Z,CLOSED,0.6949,5136.78,0.77,1,0,0
2026-10-11T01:10:03Z,SPY,SPYx,xStocks (Backed),solana,pancakeswap,USDC,Ph2aw6fSKja9MT39L27gwJcZi3F8hZL4xMnuVh36h8a,783.22,778.57,2026-10-09T20:00:00Z,CLOSED,0.5972,31402.63,23447.09,1284,1,0
2026-10-11T01:10:03Z,SPY,SPYx,xStocks (Backed),solana,orca,SOL,DAcfUT7Xnfm91xv4YZojgpYirLC3JfDG6PbtNqtaAkTn,779.76,778.57,2026-10-09T20:00:00Z,CLOSED,0.1528,35921.12,3368.76,209,1,0
2026-10-11T01:10:03Z,QQQ,QQQx,xStocks (Backed),solana,raydium,USDC,GMjGLWzvK75LPetrgAmdeXnvxc4fUuQPwJxeQqTDU1aG,753.92,751.27,2026-10-09T20:00:00Z,CLOSED,0.3527,2215893.05,70847.48,892,1,0
2026-10-11T01:10:03Z,QQQ,QQQx,xStocks (Backed),solana,raydium,SOL,B6FEtQdwsq8Wuw4G52pW9WEWEA7ALGfyUgXDRKigDSHH,754.38,751.27,2026-10-09T20:00:00Z,CLOSED,0.414,120215.6,12015.62,262,1,0
2026-10-11T01:10:03Z,QQQ,QQQx,xStocks (Backed),solana,raydium,USDC,FknDV1F5n6QaA7rLmjquDjuU6wcPMNm5RYq7zWbqhpZw,754.11,751.27,2026-10-09T20:00:00Z,CLOSED,0.378,35214.21,60.97,9,1,0
2026-10-11T01:10:03Z,QQQ,QQQx,xStocks (Backed),solana,raydium,SPYx,FN27PwZpDnSBNZR5vzx6B7waxowV84ZNFQrzgr6XeYbf,754.15,751.27,2026-10-09T20:00:00Z,CLOSED,0.3834,34998.14,516.48,8,0,0
2026-10-11T01:10:03Z,QQQ,QQQx,xStocks (Backed),solana,orca,USDC,3GVB4bXtcrP3MM376mrcJDwfTNThvyorLmVgSTf6kxFt,752.52,751.27,2026-10-09T20:00:00Z,CLOSED,0.1664,14355.76,105.47,19,1,0
2026-10-11T01:10:03Z,QQQ,QQQx,xStocks (Backed),solana,pancakeswap,USDC,DLm3szGd5VdiiLXp8i89j95FuUN9KKWtYF7XfmVvLTML,753.94,751.27,2026-10-09T20:00:00Z,CLOSED,0.3554,33736.74,1648.83,39,1,0
2026-10-11T01:20:03Z,TSLA,TSLAx,xStocks (Backed),solana,orca,USDC,9p7abUFv31ycgu9kckvnoqMMvBy67dqTDM2m6HP9xokN,382.24,382.7,2026-10-09T20:00:00Z,CLOSED,-0.1202,93489.23,183068.56,5362,1,0
2026-10-11T01:20:03Z,TSLA,TSLAx,xStocks (Backed),solana,raydium,USDC,8aDaBQkTrS6HVMjyc6EZebgdiaXhLYGriDWKWWp1NpFF,382.13,382.7,2026-10-09T20:00:00Z,CLOSED,-0.1489,2332403.64,206384.5,2351,1,0
2026-10-11T01:20:03Z,TSLA,TSLAx,xStocks (Backed),solana,raydium,SOL,CKmjDiqBCRqR8xk5FjnFiQXuCFsGchiLv9YwYVnE5RJ8,381.83,382.7,2026-10-09T20:00:00Z,CLOSED,-0.2273,98242.25,55920.53,723,1,0
2026-10-11T01:20:03Z,TSLA,TSLAx,xStocks (Backed),solana,raydium,USDC,HHQUnUbmWLrYzkscDY1C3deEFbGtiGBGoHjpANogmvum,382.77,382.7,2026-10-09T20:00:00Z,CLOSED,0.0183,401101.38,3574.29,99,1,0
2026-10-11T01:20:03Z,TSLA,TSLAx,xStocks (Backed),solana,meteora,SOL,CHGfdEfKFYDWGPASCsZnpkDzvpLKNEVoAb4UEorPPkGK,381.27,382.7,2026-10-09T20:00:00Z,CLOSED,-0.3737,10509.89,10546.83,549,1,0
2026-10-11T01:20:03Z,TSLA,TSLAx,xStocks (Backed),solana,orca,SOL,26UY4D6pBHgxYdPWuBP3sfyc4jJf6qQjPDxCJPhtUx3H,377.6,382.7,2026-10-09T20:00:00Z,CLOSED,-1.3326,9568.03,476.61,15,1,0
2026-10-11T01:20:03Z,TSLA,TSLAx,xStocks (Backed),solana,meteora,NVDAx,8is7SBzMYLUTUtVU5H4QEPkgeQP7WaM7rQ6QPxXTa4PB,382.12,382.7,2026-10-09T20:00:00Z,CLOSED,-0.1516,6348.13,134.9,20,0,0
2026-10-11T01:20:03Z,TSLA,TSLAx,xStocks (Backed),solana,pancakeswap,SOL,EYF6xVtA8EGqjFdx5bgc3i6jMmyr8t6rXMTyqbyvKaW3,381.63,382.7,2026-10-09T20:00:00Z,CLOSED,-0.2796,26281.94,3775.69,769,1,0
2026-10-11T01:20:03Z,TSLA,TSLAx,xStocks (Backed),solana,pancakeswap,USDC,2JUpEKcYkSytu3aWk7QzohPNX2hY8shEakEcmn3SgXFD,382.11,382.7,2026-10-09T20:00:00Z,CLOSED,-0.1542,13168.83,2569.6,269,1,0
2026-10-11T01:20:03Z,TSLA,TSLAon,Ondo Global Markets,ethereum,uniswap,USDC,0x31227b50eCCDC9C589826AA2D9E7C5619B1895Da,383.44,382.7,2026-10-09T20:00:00Z,CLOSED,0.1934,81709.63,12228.05,66,1,0
2026-10-11T01:20:03Z,TSLA,TSLAon,Ondo Global Markets,ethereum,0x00a38533c68327aBE0Cc265436e036066E2D6B38,USDC,0x49b7b66457297f9E0E763BBb151B6DB0c149E988,381.9,382.7,2026-10-09T20:00:00Z,CLOSED,-0.209,36286.78,2.19,1,1,0
2026-10-11T01:20:03Z,TSLA,TSLAon,Ondo Global Markets,ethereum,0x00a38533c68327aBE0Cc265436e036066E2D6B38,USDC,0xbcD5a4823C3B3faF81EECEfd3b37E1185419E9Ee,383.17,382.7,2026-10-09T20:00:00Z,CLOSED,0.1228,26849.54,176.84,8,1,0
2026-10-11T01:20:03Z,NVDA,NVDAx,xStocks (Backed),solana,raydium,USDC,49iMatQtoyabsYAQc8GafVq6aeBFVDxSRH44oiatyyw6,230.81,229.28,2026-10-09T20:00:00Z,CLOSED,0.6673,3303714.02,1143447.3,14392,1,0
2026-10-11T01:20:03Z,NVDA,NVDAx,xStocks (Backed),solana,orca,USDC,6R4r93V5fcMzc13CL2enEepDSYcr4Qx3ptZBDwudTXCo,230.59,229.28,2026-10-09T20:00:00Z,CLOSED,0.5714,476516.62,1154665.46,9725,1,0
2026-10-11T01:20:03Z,NVDA,NVDAx,xStocks (Backed),solana,raydium,SOL,38rXq2BuwdNcfnwydw6S2srpNK9N4gVzf39f69suPMsF,231.035,229.28,2026-10-09T20:00:00Z,CLOSED,0.7654,286117.86,297374.37,3582,1,0
2026-10-11T01:20:03Z,NVDA,NVDAx,xStocks (Backed),solana,meteora,SOL,FCn5zw4gAcfRpQgst5ThFuzBGXbbJ6RocVErgC4vJ9j1,231.31,229.28,2026-10-09T20:00:00Z,CLOSED,0.8854,181625.03,453851.78,1790,1,0
2026-10-11T01:20:03Z,NVDA,NVDAx,xStocks (Backed),solana,orca,SOL,8Vy5Rjb9vg5nLb8L1r4Di8p9py5BTkp8UJSMHG8AD2zs,231.26,229.28,2026-10-09T20:00:00Z,CLOSED,0.8636,77198.35,121870.03,2062,1,0
2026-10-11T01:20:03Z,NVDA,NVDAx,xStocks (Backed),solana,raydium,USDC,4KqQN6u1pFKroFE2jVEhoepAMRKPcuAzWVDCgm9zRBYN,230.6,229.28,2026-10-09T20:00:00Z,CLOSED,0.5757,118542.7,958.44,17,1,0
2026-10-11T01:20:03Z,NVDA,NVDAx,xStocks (Backed),solana,meteora,USDC,8Xx3VeN92DsZksHs2nXMiJUcR5JBofqmbXqacoeUTj2g,230.74,229.28,2026-10-09T20:00:00Z,CLOSED,0.6368,10804.88,856.02,282,1,0
2026-10-11T01:20:03Z,NVDA,NVDAon,Ondo Global Markets,ethereum,uniswap,USDC,0xc9b4bC7C15423FCFe6B75aB5118bA773945A3A46,230.48,229.28,2026-10-09T20:00:00Z,CLOSED,0.5234,306951.11,53250.06,287,1,0
2026-10-11T01:20:03Z,NVDA,NVDAon,Ondo Global Markets,ethereum,uniswap,USDC,0xa9a6651fba74df1aab94065ffaabe750d6ed835b94a9e28925ec79beec2d5f73,230.16,229.28,2026-10-09T20:00:00Z,CLOSED,0.3838,26303.1,2413.46,33,1,0
2026-10-11T01:20:03Z,NVDA,NVDAon,Ondo Global Markets,ethereum,uniswap,ZIK,0xeb35140d8090c35e75cdb8971f45eb2a1c553ec381ba361e89473f2ee292db39,232.12,229.28,2026-10-09T20:00:00Z,CLOSED,1.2387,8153.01,0.0,1,0,0
2026-10-11T01:20:03Z,NVDA,NVDAon,Ondo Global Markets,ethereum,uniswap,ZIK,0xeA0F5b999C66214De7300c5910171A356fdfb3d0,231.082,229.28,2026-10-09T20:00:00Z,CLOSED,0.7859,7492.97,1.22,1,0,0
2026-10-11T01:20:03Z,NVDA,NVDAon,Ondo Global Markets,bsc,pancakeswap,USDT,0xB90BDBFBdfFd4Af5a636b5805539eDeafb969308,231.83,229.28,2026-10-09T20:00:00Z,CLOSED,1.1122,9648.58,27.12,15,1,0
2026-10-11T01:20:03Z,AAPL,AAPLx,xStocks (Backed),solana,raydium,USDC,CKwJZwm7oj3nu4653N1EpDrqXbXAYXoPFiPeEnLouF8y,337.29,336.64,2026-10-09T20:00:00Z,CLOSED,0.1931,337661.19,34518.93,641,1,0
2026-10-11T01:20:03Z,AAPL,AAPLx,xStocks (Backed),solana,orca,SOL,5VgwxAPD37EHPqtW6v6gWq2bznPDqvpaGDuJoyGm6aJG,336.69,336.64,2026-10-09T20:00:00Z,CLOSED,0.0149,25262.68,1435.42,75,1,0
2026-10-11T01:20:03Z,AAPL,AAPLx,xStocks (Backed),solana,orca,USDC,CNsYTuhHBkLQmoWtdoQxqkNxtyhXYvWvQJqzmG2evNEa,336.89,336.64,2026-10-09T20:00:00Z,CLOSED,0.0743,21094.09,2583.67,42,1,0
2026-10-11T01:20:03Z,AAPL,AAPLx,xStocks (Backed),solana,meteora,SOL,3oJpVmbKATLWbKg4G3o1VBfDSMXQJwMv9VqgnS7yXf4R,335.4,336.64,2026-10-09T20:00:00Z,CLOSED,-0.3683,10438.58,742.23,28,1,0
2026-10-11T01:20:03Z,AAPL,AAPLx,xStocks (Backed),solana,orca,SOL,HQijmgUPWBCYyvjBCymBVS9MZbJPmdJuvQXSfFtTZRz5,337.33,336.64,2026-10-09T20:00:00Z,CLOSED,0.205,7577.26,3479.11,200,1,0
2026-10-11T01:20:03Z,AAPL,AAPLx,xStocks (Backed),solana,raydium,SOL,EUnoAwXybSenwkvQ3Qp4aWQxmw2AZrVCbAn6Sztjhbjo,337.62,336.64,2026-10-09T20:00:00Z,CLOSED,0.2911,5810.66,355.11,17,1,0
2026-10-11T01:20:03Z,AAPL,AAPLx,xStocks (Backed),solana,raydium,USDC,ApniVWuZbZoruTAJdyJcLBA4AVw4DKGdV5fHxo6qrAZT,337.0096,336.64,2026-10-09T20:00:00Z,CLOSED,0.1098,254453.92,16989.54,769,1,0
2026-10-11T01:20:03Z,AAPL,AAPLon,Ondo Global Markets,ethereum,uniswap,USDC,0xad82C9EB065a5CFed71DB087e4a52C8a09c69921,336.096,336.64,2026-10-09T20:00:00Z,CLOSED,-0.1616,41622.84,630.24,6,1,0
2026-10-11T01:20:03Z,AAPL,AAPLon,Ondo Global Markets,ethereum,0x00a38533c68327aBE0Cc265436e036066E2D6B38,USDC,0x0d3A432237328D279EcD4A3ED5F462C2A84d8017,337.12,336.64,2026-10-09T20:00:00Z,CLOSED,0.1426,15418.6,77.13,2,1,0
2026-10-11T01:20:03Z,AAPL,AAPLon,Ondo Global Markets,bsc,pancakeswap,ASX,0x061306dF92c6a0538154A40F060573Be638B1066,338.049,336.64,2026-10-09T20:00:00Z,CLOSED,0.4185,8181.29,7.49,4,0,0
2026-10-11T01:20:03Z,MSFT,MSFTon,Ondo Global Markets,ethereum,uniswap,USDC,0xb97c30485cfdb895a811331e2a3aab1233a5bf8ff27b6be149edbdc7e9a37333,521.8,535.07,2026-10-09T20:00:01Z,CLOSED,-2.48,9901.66,173.63,1,1,0
2026-10-11T01:20:03Z,AMZN,AMZNx,xStocks (Backed),solana,raydium,USDC,6m5aXAve4uh6Kt4ytKyCLWNMjd8PYP5vujwNCtycrUiD,262.21,262.43,2026-10-09T20:00:01Z,CLOSED,-0.0838,403717.09,78076.59,473,1,0
2026-10-11T01:20:03Z,AMZN,AMZNx,xStocks (Backed),solana,raydium,SOL,HWZk6MfN28mYqDN1igNETjN2kueEryL33oVgt92Wkv6N,261.82,262.43,2026-10-09T20:00:01Z,CLOSED,-0.2324,28826.88,8493.84,213,1,0
2026-10-11T01:20:03Z,AMZN,AMZNx,xStocks (Backed),solana,meteora,SOL,DXAbc6Q3BzfnWbJKVdVyEdLfvMprMNtxb8iz36W2ttZj,262.32,262.43,2026-10-09T20:00:01Z,CLOSED,-0.0419,6713.72,293.67,63,1,0
2026-10-11T01:20:03Z,AMZN,AMZNon,Ondo Global Markets,bsc,pancakeswap,WBNB,0x8617Ba6DEEE616694601ADc41Ab7ffE0e610907E,261.024,262.43,2026-10-09T20:00:01Z,CLOSED,-0.5358,6523.43,44.21,21,1,0
2026-10-11T01:20:03Z,GOOGL,GOOGLx,xStocks (Backed),solana,raydium,USDC,B8YAwjGYk6qidWzGBXMAxP7nYfG8g74EZ3Y4gFSsobRw,352.44,351.66,2026-10-09T20:00:00Z,CLOSED,0.2218,1693189.07,534316.15,10009,1,0
2026-10-11T01:20:03Z,GOOGL,GOOGLx,xStocks (Backed),solana,orca,USDC,GxgCVoHKS4yWz2DqYML2vgXDLVHCwGSy76MMjbKejnZk,352.0014,351.66,2026-10-09T20:00:00Z,CLOSED,0.0971,72314.04,602540.6,7669,1,0
2026-10-11T01:20:03Z,GOOGL,GOOGLx,xStocks (Backed),solana,meteora,SOL,CmcVVxuMMCdsevwThLwU4PdESB5NxiZJU4mGrxB6QDE4,351.033,351.66,2026-10-09T20:00:00Z,CLOSED,-0.1783,150285.87,147491.28,2610,1,0
2026-10-11T01:20:03Z,GOOGL,GOOGLx,xStocks (Backed),solana,raydium,SOL,3P1PwneDrKfyUVQstaqAQDBWnK2Mcqi1xZ9nteMhDbSB,353.72,351.66,2026-10-09T20:00:00Z,CLOSED,0.5858,123558.56,24435.67,499,1,0
2026-10-11T01:20:03Z,GOOGL,GOOGLx,xStocks (Backed),solana,orca,USDC,Bd8GgEYaHi3zkyjr5ojQKXA82wYqGpB3suV9PQJ8kJ1b,351.57,351.66,2026-10-09T20:00:00Z,CLOSED,-0.0256,56451.06,7881.55,149,1,0
2026-10-11T01:20:03Z,GOOGL,GOOGLx,xStocks (Backed),solana,orca,SOL,Bh3njVo6i3UjgmaevEQMGoidphcueNjoPqGkYLbthzV5,352.17,351.66,2026-10-09T20:00:00Z,CLOSED,0.145,18433.28,23810.31,866,1,0
2026-10-11T01:20:03Z,GOOGL,GOOGLx,xStocks (Backed),solana,orca,USDC,FaGxc8NXSXBrT6idTxjw3o8et4MmFjxRMQvVF7ChsgZV,351.57,351.66,2026-10-09T20:00:00Z,CLOSED,-0.0256,5468.3,38.81,14,1,0
2026-10-11T01:20:03Z,GOOGL,GOOGLx,xStocks (Backed),solana,raydium,USDC,9sw1NZjXFsy5GKkqMpQWV7wopGgMcdkanDqg3f15zQZv,352.096,351.66,2026-10-09T20:00:00Z,CLOSED,0.124,65884.97,24583.16,515,1,0
2026-10-11T01:20:03Z,GOOGL,GOOGLon,Ondo Global Markets,ethereum,uniswap,USDC,0x39FCB1935f6Ccb0A106D05eB928205C59646af57,351.034,351.66,2026-10-09T20:00:00Z,CLOSED,-0.178,54017.7,951.49,2,1,0
2026-10-11T01:20:03Z,META,METAx,xStocks (Backed),solana,raydium,USDC,3L7KbPVaAQA4UTecaGQYsm6UCq5F3sZM9zAYkxqYt63j,720.78,718.67,2026-10-09T20:00:01Z,CLOSED,0.2936,820101.81,86750.33,1737,1,0
2026-10-11T01:20:03Z,META,METAx,xStocks (Backed),solana,orca,USDC,59qH56HhMXrXiCMWH46NZ5M3SWhyzVzZnvMP2R27aR7Z,719.93,718.67,2026-10-09T20:00:01Z,CLOSED,0.1753,74865.38,1952.92,109,1,0
2026-10-11T01:20:03Z,META,METAx,xStocks (Backed),solana,meteora,SOL,DUKmnaXkB6AoYBUkeeb25Arfq4oeK4XPf4gkYe7evwkh,721.54,718.67,2026-10-09T20:00:01Z,CLOSED,0.3993,16937.26,2538.64,96,1,0
2026-10-11T01:20:03Z,META,METAx,xStocks (Backed),solana,raydium,SOL,BE9uiVCxUovYpgA6ard68QRRzo3sCneAkhUtSgy8AjVW,719.98,718.67,2026-10-09T20:00:01Z,CLOSED,0.1823,41168.0,29017.81,851,1,0
2026-10-11T01:20:03Z,META,METAx,xStocks (Backed),solana,raydium,USDC,DpzGDvRfwDk4xfydfjRoSeE9fm1mQnTd3zQaSKhw1oE6,720.71,718.67,2026-10-09T20:00:01Z,CLOSED,0.2839,44466.02,11592.01,257,1,0
2026-10-11T01:20:03Z,META,METAx,xStocks (Backed),solana,meteora,USDC,D8pGWVN3vWeyexBtMZjyyPbcLhM1oeTEMibE9h3nNRYL,721.39,718.67,2026-10-09T20:00:01Z,CLOSED,0.3785,17389.91,12316.24,682,1,0
2026-10-11T01:20:03Z,MSTR,MSTRx,xStocks (Backed),solana,raydium,SOL,2ngTuP7xA581dqX9uJkGRqxmKuehY3k4SDfPebeoRG2J,155.043,154.34,2026-10-09T20:00:01Z,CLOSED,0.4555,825388.72,133282.88,1162,1,0
2026-10-11T01:20:03Z,MSTR,MSTRx,xStocks (Backed),solana,raydium,USDC,RyhF4cksVZY7vcqJpoytHcxcGNKRp27PEGhSnEPpbGv,155.58,154.34,2026-10-09T20:00:01Z,CLOSED,0.8034,830036.4,61075.22,257,1,0
2026-10-11T01:20:03Z,MSTR,MSTRx,xStocks (Backed),solana,raydium,cbBTC,CJJV5dsFXcSoKvjmurS1nfBioH3KcTkP1s23SgQz1Jrs,155.67,154.34,2026-10-09T20:00:01Z,CLOSED,0.8617,47069.28,5592.84,56,0,0
2026-10-11T01:20:03Z,MSTR,MSTRx,xStocks (Backed),solana,orca,USDC,CHSijZ92W1A5z93WzGjvBygtxN2LWgAt58uejMDmFVpY,155.23,154.34,2026-10-09T20:00:01Z,CLOSED,0.5766,38062.85,117.09,27,1,0
2026-10-11T01:20:03Z,MSTR,MSTRx,xStocks (Backed),solana,orca,SOL,HzyHKnwmRnnu3yZKzvqfhm2VeWo8V4qWtyNVGVLXrcjC,155.45,154.34,2026-10-09T20:00:01Z,CLOSED,0.7192,29917.73,341.67,16,1,0
2026-10-11T01:20:03Z,MSTR,MSTRx,xStocks (Backed),solana,orca,USDC,BCvzjDbADhnT3K35kc5TSeMAafNgu9KZVywUq9zWH2mA,155.42,154.34,2026-10-09T20:00:01Z,CLOSED,0.6998,5757.08,1009.57,429,1,0
2026-10-11T01:20:03Z,MSTR,MSTRx,xStocks (Backed),solana,meteora,SOL,8yvEgE72BvZs86ZRr9j6ZHgn1zgVpBz2gTmwq7tMcgyH,155.39,154.34,2026-10-09T20:00:01Z,CLOSED,0.6803,7234.99,462.22,96,1,0
2026-10-11T01:20:03Z,MSTR,MSTRx,xStocks (Backed),solana,meteora,CRCLx,ExwtCL871L2QhHw7EikDPBHfoEHzadxcepdw1Fs3ofoR,155.25,154.34,2026-10-09T20:00:01Z,CLOSED,0.5896,8060.0,455.49,38,0,0
2026-10-11T01:20:03Z,COIN,COINx,xStocks (Backed),solana,raydium,USDC,w7SGmPeXoMCsjvXqgsAmUn56uypyDsjAtsxeVkaiqxa,180.72,179.39,2026-10-09T20:00:01Z,CLOSED,0.7414,1500938.87,21576.69,349,1,0
2026-10-11T01:20:03Z,COIN,COINx,xStocks (Backed),solana,raydium,SOL,9NJ7rtJzEnfwvoM6HyB2v6YHcsfS6ZY9DFGprphVX6W,181.25,179.39,2026-10-09T20:00:01Z,CLOSED,1.0368,121050.73,4538.59,80,1,0
2026-10-11T01:20:03Z,COIN,COINx,xStocks (Backed),solana,orca,USDC,7ouGUDRMy4C9RJpTgPizRyfcxyJusAEe9ZbjqYv7BSqe,180.65,179.39,2026-10-09T20:00:01Z,CLOSED,0.7024,29724.6,5722.6,178,1,0
2026-10-11T01:20:03Z,COIN,COINx,xStocks (Backed),solana,orca,SOL,A4D97SV1dfCffDo58FEJtZoYycqVTaGVZiDdLiZffDNK,180.32,179.39,2026-10-09T20:00:01Z,CLOSED,0.5184,25316.89,3691.27,239,1,0
2026-10-11T01:20:03Z,COIN,COINx,xStocks (Backed),solana,orca,CRCLx,FP4TT9AEqR8GcdWYEv2Jp3Vee9QvGWaCmFuaqAP2wjxL,180.74,179.39,2026-10-09T20:00:01Z,CLOSED,0.7526,8028.74,3.45,9,0,0
2026-10-11T01:20:03Z,HOOD,HOODx,xStocks (Backed),solana,raydium,USDC,DXWbip5LducMAbDSSpLYz9Xik3253EPeAYQufQtx7LXs,108.7,109.02,2026-10-09T20:00:01Z,CLOSED,-0.2935,1431727.29,666.94,29,1,0
2026-10-11T01:20:03Z,HOOD,HOODx,xStocks (Backed),solana,orca,USDC,48dhPm83sXfnRMxKRfv2YuE45DPqrhwPMvGrnTLufvFf,109.17,109.02,2026-10-09T20:00:01Z,CLOSED,0.1376,83312.72,10595.65,153,1,0
2026-10-11T01:20:03Z,HOOD,HOODx,xStocks (Backed),solana,raydium,SOL,DznDQ6YVmgtZAvwZ4ui6k9MNun9uaozyVFFsiAeAs9f,109.59,109.02,2026-10-09T20:00:01Z,CLOSED,0.5228,46904.61,230.83,13,1,0
2026-10-11T01:20:03Z,HOOD,HOODx,xStocks (Backed),solana,meteora,SOL,DQ8fjmP2haYxyyJRU99aCaHznK1GSihYyBRZxfP9sfbU,109.4,109.02,2026-10-09T20:00:01Z,CLOSED,0.3486,6464.6,2416.13,180,1,0
2026-10-11T01:20:03Z,CRCL,CRCLon,Ondo Global Markets,ethereum,0x00a38533c68327aBE0Cc265436e036066E2D6B38,USDC,0xb91e13F4c93De2F7F007Fa0407EC4226f03B408F,84.75,84.51,2026-10-09T20:00:02Z,CLOSED,0.284,9947.11,130.9,1,1,0
2026-10-11T01:20:03Z,SPY,SPYx,xStocks (Backed),solana,raydium,USDC,4pCZCVEiYyT4efNdXUdL2tJF8VGMgiMXrZWq6FiNXhRw,783.24,778.57,2026-10-09T20:00:00Z,CLOSED,0.5998,522709.48,853870.79,4367,1,0
2026-10-11T01:20:03Z,SPY,SPYx,xStocks (Backed),solana,raydium,SOL,BS9uyGV6XmNnPkM4f3xgxCdQEaFv7RSKs6fwrpvYHxfL,782.13,778.57,2026-10-09T20:00:00Z,CLOSED,0.4572,1036159.05,183685.18,1418,1,0
2026-10-11T01:20:03Z,SPY,SPYx,xStocks (Backed),solana,orca,USDC,Fae5dWVntUt6zbWu2voXxioDpMii7SqQwtsxBmoVCsHR,783.42,778.57,2026-10-09T20:00:00Z,CLOSED,0.6229,319745.64,17597.78,354,1,0
2026-10-11T01:20:03Z,SPY,SPYx,xStocks (Backed),solana,raydium,USDC,6truu3rZuiB9rKQg4VYC3Dt3QwV7DgwGqXrYUcrvnDDE,783.74,778.57,2026-10-09T20:00:00Z,CLOSED,0.664,2201596.85,29270.82,195,1,0
2026-10-11T01:20:03Z,SPY,SPYx,xStocks (Backed),solana,raydium,USDC,7sHMnvE7WqP7vQFWJGEnMT4vZg6Za9K7PpddDoXJCqME,782.8,778.57,2026-10-09T20:00:00Z,CLOSED,0.5433,76655.28,164.12,52,1,0
2026-10-11T01:20:03Z,SPY,SPYx,xStocks (Backed),solana,meteora,SOL,5JWX8pQhJNpFMjPwKhFSSVWRpss4wSyoqgRGnBNJfyuX,783.53,778.57,2026-10-09T20:00:00Z,CLOSED,0.6371,33800.49,3751.7,289,1,0
2026-10-11T01:20:03Z,SPY,SPYx,xStocks (Backed),solana,orca,USDC,gef4pD5g6GJSjX7hfXKUfhCVpE89BzX9TXnXJNW6kSt,783.15,778.57,2026-10-09T20:00:00Z,CLOSED,0.5883,12172.23,1923.03,841,1,0
2026-10-11T01:20:03Z,SPY,SPYx,xStocks (Backed),solana,orca,QQQx,7mYFrN2TQtYc2HMZEXuVfWkPu9n5EFfX9Ha59X3n6PWE,782.97,778.57,2026-10-09T20:00:00Z,CLOSED,0.5651,11896.83,1378.58,134,0,0
2026-10-11T01:20:03Z,SPY,SPYx,xStocks (Backed),solana,orca,USDY,DauJvXRsc5YUtabDd2jGTcSvTn63qpmteGcVGkRcjBGa,783.98,778.57,2026-10-09T20:00:00Z,CLOSED,0.6949,5136.78,0.77,1,0,0
2026-10-11T01:20:03Z,SPY,SPYx,xStocks (Backed),solana,pancakeswap,USDC,Ph2aw6fSKja9MT39L27gwJcZi3F8hZL4xMnuVh36h8a,783.24,778.57,2026-10-09T20:00:00Z,CLOSED,0.5998,31402.79,23461.78,1303,1,0
2026-10-11T01:20:03Z,SPY,SPYx,xStocks (Backed),solana,orca,SOL,DAcfUT7Xnfm91xv4YZojgpYirLC3JfDG6PbtNqtaAkTn,780.25,778.57,2026-10-09T20:00:00Z,CLOSED,0.2158,35932.66,3388.43,232,1,0
2026-10-11T01:20:03Z,QQQ,QQQx,xStocks (Backed),solana,raydium,USDC,GMjGLWzvK75LPetrgAmdeXnvxc4fUuQPwJxeQqTDU1aG,753.9,751.27,2026-10-09T20:00:00Z,CLOSED,0.3501,2215450.23,70811.48,889,1,0
2026-10-11T01:20:03Z,QQQ,QQQx,xStocks (Backed),solana,raydium,SOL,B6FEtQdwsq8Wuw4G52pW9WEWEA7ALGfyUgXDRKigDSHH,754.38,751.27,2026-10-09T20:00:00Z,CLOSED,0.414,119920.02,11838.87,257,1,0
2026-10-11T01:20:03Z,QQQ,QQQx,xStocks (Backed),solana,raydium,USDC,FknDV1F5n6QaA7rLmjquDjuU6wcPMNm5RYq7zWbqhpZw,754.11,751.27,2026-10-09T20:00:00Z,CLOSED,0.378,35214.21,60.97,9,1,0
2026-10-11T01:20:03Z,QQQ,QQQx,xStocks (Backed),solana,raydium,SPYx,FN27PwZpDnSBNZR5vzx6B7waxowV84ZNFQrzgr6XeYbf,754.15,751.27,2026-10-09T20:00:00Z,CLOSED,0.3834,34998.14,516.48,8,0,0
2026-10-11T01:20:03Z,QQQ,QQQx,xStocks (Backed),solana,orca,USDC,3GVB4bXtcrP3MM376mrcJDwfTNThvyorLmVgSTf6kxFt,752.52,751.27,2026-10-09T20:00:00Z,CLOSED,0.1664,14355.76,105.47,19,1,0
2026-10-11T01:20:03Z,QQQ,QQQx,xStocks (Backed),solana,pancakeswap,USDC,DLm3szGd5VdiiLXp8i89j95FuUN9KKWtYF7XfmVvLTML,753.83,751.27,2026-10-09T20:00:00Z,CLOSED,0.3408,33734.68,1675.2,40,1,0
